t,utilization.gpu,utilization.memory,memory.used,memory.total,power.draw,power.limit,clocks.sm,temperature.gpu
0.0,0,0,0,81920,60.51,400.00,210,28
5.05,0,0,0,81920,60.64,400.00,210,28
10.11,0,0,1,81920,60.70,400.00,210,28
15.61,0,0,7207,81920,67.08,400.00,1155,28
20.66,0,0,7355,81920,66.92,400.00,1155,28
25.72,27,0,11033,81920,67.59,400.00,1155,28
30.77,10,3,23427,81920,69.64,400.00,1155,29
35.83,0,0,23527,81920,66.71,400.00,1155,28
40.89,100,55,23667,81920,258.10,400.00,1410,38
45.94,100,60,23667,81920,275.66,400.00,1410,41
51.0,88,57,23667,81920,291.72,400.00,1410,43
56.06,100,68,23667,81920,299.29,400.00,1410,45
61.12,100,54,45603,81920,345.54,400.00,1410,48
66.17,100,37,45683,81920,381.78,400.00,1410,52
71.24,100,51,45693,81920,310.50,400.00,1410,48
76.29,100,63,45745,81920,288.05,400.00,1410,49
81.35,94,47,45745,81920,365.39,400.00,1410,52
86.43,100,50,45745,81920,350.35,400.00,1410,51
91.49,100,50,45745,81920,297.49,400.00,1410,50
96.55,100,55,45775,81920,269.30,400.00,1410,48
101.64,100,59,45775,81920,281.71,400.00,1410,48
106.69,100,63,45775,81920,288.37,400.00,1410,48
111.75,100,64,45775,81920,296.24,400.00,1410,49
116.81,100,54,45793,81920,349.28,400.00,1410,53
121.87,100,45,45795,81920,382.51,400.00,1410,55
126.92,100,51,45843,81920,340.71,400.00,1410,52
131.98,100,51,45843,81920,296.56,400.00,1410,52
137.04,100,48,45843,81920,287.45,400.00,1395,51
142.1,100,51,45843,81920,318.98,400.00,1410,52
147.16,100,50,45843,81920,252.93,400.00,1410,49
152.22,100,57,45843,81920,276.23,400.00,1410,49
157.27,100,62,45843,81920,291.40,400.00,1410,49
162.34,100,66,45843,81920,298.70,400.00,1410,50
167.4,100,68,45843,81920,306.94,400.00,1410,50
172.46,100,55,45843,81920,362.58,400.00,1410,54
177.52,100,45,45843,81920,385.90,400.00,1410,56
182.58,97,79,45843,81920,347.35,400.00,1410,54
187.64,100,48,45843,81920,278.23,400.00,1410,54
192.69,100,51,45843,81920,327.51,400.00,1410,54
197.76,100,51,45843,81920,349.05,400.00,1410,55
202.81,100,51,45843,81920,256.24,400.00,1410,50
207.87,100,56,45843,81920,264.74,400.00,1410,49
212.93,100,58,45843,81920,273.46,400.00,1410,49
217.99,100,60,45843,81920,274.75,400.00,1410,49
223.05,100,57,45843,81920,355.69,400.00,1410,53
228.11,100,46,45843,81920,407.29,400.00,1395,56
233.17,100,51,45843,81920,323.49,400.00,1410,53
238.22,100,50,45843,81920,312.73,400.00,1395,53
243.28,94,48,45843,81920,357.86,400.00,1410,54
248.38,100,50,45843,81920,342.45,400.00,1410,53
253.5,100,50,45843,81920,359.61,400.00,1410,54
258.58,100,55,45843,81920,269.67,400.00,1410,49
263.64,100,60,45843,81920,287.71,400.00,1410,50
268.7,100,65,45843,81920,303.57,400.00,1410,50
273.76,100,67,45843,81920,309.09,400.00,1410,50
278.82,100,54,45843,81920,366.59,400.00,1410,54
283.88,100,44,45843,81920,364.22,400.00,1410,56
288.99,100,49,45845,81920,307.92,400.00,1395,53
294.05,100,51,45845,81920,355.05,400.00,1410,54
299.1,97,77,45845,81920,405.50,400.00,1410,54
304.16,95,51,45845,81920,368.79,400.00,1410,55
309.22,100,50,45845,81920,348.95,400.00,1410,55
314.28,100,55,45845,81920,264.73,400.00,1410,49
319.38,100,55,45845,81920,256.78,400.00,1410,48
324.44,100,60,45845,81920,269.29,400.00,1410,48
329.5,0,0,45845,81920,86.15,400.00,1410,42
334.56,100,51,45845,81920,364.22,400.00,1410,54
339.61,100,40,45845,81920,90.95,400.00,1410,48
344.67,100,50,45849,81920,299.55,400.00,1410,54
349.72,97,72,45849,81920,311.09,400.00,1410,53
354.82,94,48,45849,81920,389.47,400.00,1410,55
359.88,100,51,45849,81920,342.92,400.00,1410,54
364.94,100,54,45849,81920,267.19,400.00,1410,49
370.0,100,60,45849,81920,283.51,400.00,1410,50
375.06,100,64,45849,81920,300.80,400.00,1410,50
380.11,100,68,45849,81920,306.58,400.00,1410,51
385.2,100,54,45849,81920,357.40,400.00,1395,54
390.29,100,44,45849,81920,388.14,400.00,1410,56
395.38,100,51,45849,81920,334.35,400.00,1410,53
400.46,100,52,45849,81920,352.57,400.00,1410,54
405.51,94,47,45849,81920,283.22,400.00,1410,52
410.57,100,50,45849,81920,284.74,400.00,1395,53
415.62,37,27,45849,81920,262.61,400.00,1410,50
420.67,100,56,45849,81920,270.83,400.00,1410,50
425.73,100,60,45849,81920,284.74,400.00,1410,50
430.78,100,61,45849,81920,290.50,400.00,1410,50
435.84,100,64,45849,81920,293.81,400.00,1410,50
440.89,100,50,45849,81920,365.50,400.00,1410,54
445.95,100,45,45849,81920,381.26,400.00,1410,57
451.01,97,66,45849,81920,326.20,400.00,1410,54
456.06,94,48,45849,81920,377.28,400.00,1410,55
461.11,100,50,45849,81920,332.24,400.00,1410,54
466.16,100,50,45849,81920,362.83,400.00,1410,55
471.21,100,51,45849,81920,260.55,400.00,1410,50
476.26,100,58,45849,81920,285.06,400.00,1410,50
481.32,100,63,45849,81920,292.94,400.00,1410,50
486.37,100,66,45849,81920,298.65,400.00,1410,50
491.42,0,0,45849,81920,86.29,400.00,1410,43
496.47,100,55,45849,81920,381.26,400.00,1410,55
501.52,100,36,45849,81920,389.99,400.00,1380,58
506.58,100,51,45849,81920,346.20,400.00,1410,54
511.63,98,78,45849,81920,337.73,400.00,1410,54
516.68,100,51,45849,81920,363.38,400.00,1410,55
521.74,100,51,45849,81920,359.15,400.00,1410,55
526.79,100,51,45849,81920,259.96,400.00,1410,50
531.85,79,46,45849,81920,281.42,400.00,1410,49
536.9,100,63,45849,81920,293.81,400.00,1410,50
541.96,100,66,45849,81920,304.45,400.00,1410,50
547.01,0,0,45849,81920,86.10,400.00,1410,42
552.06,100,50,45849,81920,392.51,400.00,1410,55
557.13,100,45,45849,81920,410.76,400.00,1380,57
562.19,100,52,45849,81920,359.52,400.00,1410,54
567.24,100,51,45849,81920,328.31,400.00,1410,55
572.29,98,73,45849,81920,367.56,400.00,1410,55
577.35,100,51,45849,81920,360.11,400.00,1410,55
582.41,100,48,45849,81920,257.24,400.00,1410,50
587.46,100,55,45849,81920,271.74,400.00,1410,50
592.52,100,57,45849,81920,275.06,400.00,1410,50
597.57,100,60,45849,81920,278.38,400.00,1410,49
602.63,0,0,45849,81920,85.42,400.00,1410,41
607.76,100,49,45849,81920,418.98,400.00,1395,54
612.81,100,44,45849,81920,396.01,400.00,1410,57
617.87,100,51,45849,81920,334.01,400.00,1410,55
622.93,100,50,45849,81920,335.28,400.00,1410,55
627.98,100,51,45849,81920,349.19,400.00,1410,56
633.04,100,51,45849,81920,343.43,400.00,1410,56
638.09,100,50,45849,81920,361.64,400.00,1410,56
643.15,100,50,45849,81920,265.06,400.00,1410,52
648.21,100,57,45849,81920,286.85,400.00,1410,52
653.26,100,62,45849,81920,293.21,400.00,1410,52
658.32,100,66,45849,81920,302.00,400.00,1410,52
663.37,100,68,45849,81920,313.81,400.00,1410,52
668.43,100,54,45849,81920,357.67,400.00,1410,55
673.49,100,44,45849,81920,383.18,400.00,1410,57
678.54,100,48,45849,81920,355.39,400.00,1410,54
683.6,100,51,45849,81920,349.49,400.00,1410,54
688.66,100,50,45849,81920,344.33,400.00,1410,55
693.72,94,47,45849,81920,357.72,400.00,1410,55
698.78,100,49,45849,81920,259.50,400.00,1410,50
703.83,100,56,45849,81920,279.92,400.00,1410,50
708.89,100,61,45849,81920,292.30,400.00,1410,50
713.95,100,63,45849,81920,302.65,400.00,1410,50
719.01,100,65,45849,81920,297.48,400.00,1410,51
724.07,100,61,45849,81920,394.91,400.00,1410,56
729.19,100,49,45849,81920,406.77,400.00,1380,57
734.26,97,78,45849,81920,381.46,400.00,1395,55
739.32,100,51,45849,81920,368.76,400.00,1410,56
744.38,95,47,45849,81920,421.95,400.00,1395,55
749.44,100,51,45849,81920,328.58,400.00,1410,56
754.5,55,36,45849,81920,257.96,400.00,1410,52
759.56,100,56,45849,81920,275.72,400.00,1410,51
764.62,100,62,45849,81920,290.77,400.00,1410,51
769.67,100,65,45849,81920,304.82,400.00,1410,51
774.73,100,68,45849,81920,313.05,400.00,1410,51
779.79,100,51,45849,81920,374.01,400.00,1410,55
784.86,100,45,45849,81920,403.89,400.00,1410,57
789.92,100,49,45849,81920,224.48,400.00,1410,53
794.98,100,51,45849,81920,367.24,400.00,1410,55
800.04,100,50,45849,81920,352.57,400.00,1410,55
805.1,95,48,45849,81920,372.36,400.00,1410,56
810.16,100,50,45849,81920,262.29,400.00,1410,50
815.21,100,57,45849,81920,282.58,400.00,1410,50
820.28,100,61,45849,81920,290.15,400.00,1410,50
825.32,100,66,45849,81920,308.20,400.00,1410,51
830.38,100,68,45849,81920,312.21,400.00,1410,51
835.44,100,57,45849,81920,392.37,400.00,1410,55
840.5,100,49,45849,81920,454.02,400.00,1380,56
845.55,97,78,45849,81920,326.84,400.00,1410,54
850.61,100,51,45849,81920,325.08,400.00,1410,54
855.67,100,59,45849,81920,346.60,400.00,1410,54
860.72,100,51,45849,81920,340.19,400.00,1410,54
865.79,100,50,45849,81920,186.73,400.00,1410,49
870.84,100,56,45849,81920,279.74,400.00,1410,50
875.94,100,62,45849,81920,290.76,400.00,1410,50
880.99,100,66,45849,81920,308.48,400.00,1410,51
886.05,100,68,45849,81920,306.67,400.00,1410,51
891.11,100,50,45849,81920,349.79,400.00,1410,54
896.17,100,45,45849,81920,385.36,400.00,1410,57
901.25,97,48,45849,81920,356.97,400.00,1395,54
906.31,94,47,45849,81920,366.02,400.00,1410,56
911.37,100,51,45849,81920,348.23,400.00,1410,56
916.42,98,78,45849,81920,360.72,400.00,1410,56
921.48,100,51,45849,81920,258.97,400.00,1410,51
926.54,100,57,45849,81920,274.99,400.00,1410,51
931.59,100,57,45849,81920,269.89,400.00,1410,50
936.65,100,61,45849,81920,269.17,400.00,1410,49
941.71,100,55,45849,81920,375.59,400.00,1410,53
946.77,100,37,45849,81920,386.89,400.00,1395,56
951.82,100,51,45849,81920,319.42,400.00,1410,54
956.89,100,50,45849,81920,309.03,400.00,1410,54
961.95,100,50,45849,81920,317.78,400.00,1410,55
967.01,100,62,45849,81920,283.86,400.00,1410,52
972.06,100,50,45849,81920,329.00,400.00,1410,55
977.12,100,55,45849,81920,268.33,400.00,1410,50
982.18,100,59,45849,81920,281.37,400.00,1410,50
987.24,100,59,45849,81920,276.55,400.00,1410,49
992.3,100,60,45849,81920,267.48,400.00,1410,48
997.36,100,55,45849,81920,363.89,400.00,1410,54
1002.42,100,45,45849,81920,387.14,400.00,1410,57
1007.48,100,50,45849,81920,334.87,400.00,1410,54
1012.53,100,50,45849,81920,374.01,400.00,1335,56
1017.6,100,51,45849,81920,323.21,400.00,1410,55
1022.65,97,79,45849,81920,315.71,400.00,1410,54
1027.71,100,51,45849,81920,259.50,400.00,1410,50
1032.77,100,58,45849,81920,271.49,400.00,1410,50
1037.82,100,62,45849,81920,292.90,400.00,1410,50
1042.88,100,63,45849,81920,292.00,400.00,1410,50
1047.94,0,0,45849,81920,88.26,400.00,1410,42
1052.99,100,55,45849,81920,366.07,400.00,1410,54
1058.05,100,44,45849,81920,385.56,400.00,1410,57
1063.11,100,60,45849,81920,367.20,400.00,1410,54
1068.19,94,47,45849,81920,370.05,400.00,1410,55
1073.26,100,50,45849,81920,323.16,400.00,1410,55
1078.32,100,59,45849,81920,375.61,400.00,1410,56
1083.37,100,53,45849,81920,269.26,400.00,1410,50
1088.43,100,59,45849,81920,280.95,400.00,1410,50
1093.53,100,60,45849,81920,286.74,400.00,1410,49
1098.58,100,65,45849,81920,297.76,400.00,1410,50
1103.73,100,58,45849,81920,382.51,400.00,1410,54
1108.8,100,48,45849,81920,402.45,400.00,1395,56
1113.86,100,48,45849,81920,396.10,400.00,1410,53
1118.93,100,51,45849,81920,273.83,400.00,1410,54
1123.98,100,51,45849,81920,339.87,400.00,1410,54
1129.06,97,73,45849,81920,352.23,400.00,1410,54
1134.14,100,50,45849,81920,118.83,400.00,1410,50
1139.2,100,54,45849,81920,263.22,400.00,1410,49
1144.26,100,57,45849,81920,279.59,400.00,1410,49
1149.32,100,60,45849,81920,268.39,400.00,1410,48
1154.37,0,0,45849,81920,345.55,400.00,1410,49
1159.42,100,54,45849,81920,357.40,400.00,1410,54
1164.47,100,67,45849,81920,265.33,400.00,1395,50
1169.52,100,57,45849,81920,279.63,400.00,1395,51
1174.58,95,46,45849,81920,368.49,400.00,1410,54
1179.63,100,51,45849,81920,318.33,400.00,1410,53
1184.69,100,50,45849,81920,359.20,400.00,1410,54
1189.74,100,54,45849,81920,268.98,400.00,1410,49
1194.79,100,60,45849,81920,280.51,400.00,1410,49
1199.85,100,61,45849,81920,285.65,400.00,1410,49
1204.9,100,66,45849,81920,293.81,400.00,1410,50
1209.96,100,54,45849,81920,368.81,400.00,1410,54
1215.02,100,40,45849,81920,384.23,400.00,1410,56
1220.07,100,50,45849,81920,311.37,400.00,1410,53
1225.12,95,48,45849,81920,368.49,400.00,1410,55
1230.18,100,51,45849,81920,318.05,400.00,1410,54
1235.23,100,49,45849,81920,367.94,400.00,1410,55
1240.28,100,59,45849,81920,380.99,400.00,1410,55
1245.34,100,55,45849,81920,271.15,400.00,1410,49
1250.39,100,59,45849,81920,279.30,400.00,1410,49
1255.44,100,61,45849,81920,288.70,400.00,1410,49
1260.5,100,64,45849,81920,294.71,400.00,1410,49
1265.55,100,55,45849,81920,364.85,400.00,1410,54
1270.61,100,40,45849,81920,408.71,400.00,1395,55
1275.66,97,71,45849,81920,338.92,400.00,1410,54
1280.71,97,74,45849,81920,351.87,400.00,1410,54
1285.76,100,51,45849,81920,375.22,400.00,1410,55
1290.82,100,51,45849,81920,358.22,400.00,1410,55
1295.87,100,52,45849,81920,260.23,400.00,1410,50
1300.92,100,57,45849,81920,281.11,400.00,1410,49
1305.97,100,63,45849,81920,296.24,400.00,1410,50
1311.02,100,67,45849,81920,307.17,400.00,1410,50
1316.08,50,34,45849,81920,86.38,400.00,1410,44
1321.13,100,49,45849,81920,361.91,400.00,1410,54
1326.18,100,45,45849,81920,296.56,400.00,1380,55
1331.24,100,50,45849,81920,367.94,400.00,1410,55
1336.3,100,51,45849,81920,328.00,400.00,1410,55
1341.36,98,79,45849,81920,322.57,400.00,1410,54
1346.41,100,55,45849,81920,283.23,400.00,1395,54
1351.46,100,53,45849,81920,265.67,400.00,1410,50
1356.52,100,58,45849,81920,280.51,400.00,1410,49
1361.58,100,63,45849,81920,291.69,400.00,1410,50
1366.63,100,63,45849,81920,292.02,400.00,1410,50
1371.69,100,54,45849,81920,340.44,400.00,1395,53
1376.75,100,44,45849,81920,386.35,400.00,1410,57
1381.8,98,74,45849,81920,342.20,400.00,1410,54
1386.86,100,47,45849,81920,314.08,400.00,1410,54
1391.91,100,50,45849,81920,349.19,400.00,1410,56
1396.97,100,51,45849,81920,344.95,400.00,1410,56
1402.02,100,51,45849,81920,344.08,400.00,1410,57
1407.08,100,54,45849,81920,272.01,400.00,1410,52
1412.14,100,60,45849,81920,288.37,400.00,1410,52
1417.19,94,59,45849,81920,293.21,400.00,1410,52
1422.25,100,66,45849,81920,300.17,400.00,1410,52
1427.31,100,50,45849,81920,367.29,400.00,1365,56
1432.36,100,36,45849,81920,378.15,400.00,1410,57
1437.42,100,50,45849,81920,327.72,400.00,1410,55
1442.47,100,51,45849,81920,348.36,400.00,1410,55
1447.53,95,47,45849,81920,378.55,400.00,1410,57
1452.6,100,51,45849,81920,359.00,400.00,1410,55
1457.65,100,59,45849,81920,382.55,400.00,1410,56
1462.71,100,56,45849,81920,271.02,400.00,1410,50
1467.77,100,61,45849,81920,289.57,400.00,1410,50
1472.83,100,65,45849,81920,298.40,400.00,1410,51
1477.89,100,66,45849,81920,301.15,400.00,1410,51
1482.97,100,61,45849,81920,387.23,400.00,1395,55
1488.2,100,49,45849,81920,373.08,400.00,1395,57
1493.29,100,51,45849,81920,361.28,400.00,1410,56
1498.35,100,51,45849,81920,280.21,400.00,1410,56
1503.41,100,51,45849,81920,349.79,400.00,1410,56
1508.47,100,64,45849,81920,359.98,400.00,1410,56
1513.53,75,38,45849,81920,166.18,400.00,1410,52
1518.58,100,55,45849,81920,270.50,400.00,1410,50
1523.64,100,58,45849,81920,281.09,400.00,1410,50
1528.7,100,61,45849,81920,286.74,400.00,1410,50
1533.76,100,62,45849,81920,287.07,400.00,1410,50
1538.82,100,61,45849,81920,343.39,400.00,1410,55
1543.9,100,49,45849,81920,399.18,400.00,1350,55
1548.96,95,47,45849,81920,293.54,400.00,1380,53
1554.02,100,51,45849,81920,354.77,400.00,1410,54
1559.08,100,49,45849,81920,371.75,400.00,1410,55
1564.13,100,51,45849,81920,344.14,400.00,1410,55
1569.19,54,37,45849,81920,156.47,400.00,1410,51
1574.25,100,55,45849,81920,268.66,400.00,1410,50
1579.31,100,58,45849,81920,277.66,400.00,1410,49
1584.37,100,61,45849,81920,280.30,400.00,1410,49
1589.43,100,62,45849,81920,281.36,400.00,1410,49
1594.49,100,49,45849,81920,374.99,400.00,1410,55
1599.55,100,44,45849,81920,378.30,400.00,1410,57
1604.61,100,51,45849,81920,345.78,400.00,1410,54
1609.66,100,65,45849,81920,391.88,400.00,1410,55
1614.72,100,59,45849,81920,363.86,400.00,1410,54
1619.78,100,51,45849,81920,350.71,400.00,1410,55
1625.14,100,53,45849,81920,266.27,400.00,1410,50
1630.19,100,60,45849,81920,287.77,400.00,1410,50
1635.25,100,63,45849,81920,292.30,400.00,1410,50
1640.31,100,67,45849,81920,310.35,400.00,1410,51
1645.37,100,50,45849,81920,362.35,400.00,1410,53
1650.43,100,50,45849,81920,387.47,400.00,1365,55
1655.49,100,50,45849,81920,369.11,400.00,1410,54
1660.55,94,47,45849,81920,367.53,400.00,1410,56
1665.61,100,50,45849,81920,327.90,400.00,1410,56
1670.67,100,49,45849,81920,278.68,400.00,1410,56
1675.73,100,51,45849,81920,367.94,400.00,1410,56
1680.85,100,54,45849,81920,268.33,400.00,1410,51
1685.9,100,60,45849,81920,283.80,400.00,1410,51
1690.96,100,64,45849,81920,302.38,400.00,1410,51
1696.02,100,68,45849,81920,91.66,400.00,1410,47
1701.08,99,54,45849,81920,369.96,400.00,1395,53
1706.14,100,44,45849,81920,344.72,400.00,1395,56
1711.2,100,51,45849,81920,373.40,400.00,1410,54
1716.25,100,51,45849,81920,364.99,400.00,1410,55
1721.31,100,51,45849,81920,352.73,400.00,1410,55
1726.37,100,50,45849,81920,365.55,400.00,1410,56
1731.43,48,34,45849,81920,233.96,400.00,1410,51
1736.5,100,56,45849,81920,275.94,400.00,1410,50
1741.56,100,58,45849,81920,277.40,400.00,1410,50
1746.61,100,59,45849,81920,273.18,400.00,1410,49
1751.67,100,62,45849,81920,276.42,400.00,1410,49
1756.73,100,50,45849,81920,355.03,400.00,1410,54
1761.79,100,45,45849,81920,367.65,400.00,1410,56
1766.84,100,50,45849,81920,359.71,400.00,1410,54
1771.9,100,50,45849,81920,313.90,400.00,1410,54
1776.96,100,65,45849,81920,350.84,400.00,1410,54
1782.02,94,47,45849,81920,375.34,400.00,1410,56
1787.08,100,53,45849,81920,264.03,400.00,1410,49
1792.14,100,58,45849,81920,277.13,400.00,1410,50
1797.19,100,61,45849,81920,285.92,400.00,1410,49
1802.25,100,60,45849,81920,278.08,400.00,1410,49
1807.31,100,49,45849,81920,333.28,400.00,1365,52
1812.37,100,37,45849,81920,351.21,400.00,1410,56
1817.43,100,50,45849,81920,344.49,400.00,1410,53
1822.49,100,50,45849,81920,287.39,400.00,1395,52
1827.55,100,50,45849,81920,342.59,400.00,1410,54
1832.6,100,50,45849,81920,368.38,400.00,1410,54
1837.66,100,50,45849,81920,372.68,400.00,1410,55
1842.72,100,54,45849,81920,267.53,400.00,1410,49
1847.78,66,39,45849,81920,278.23,400.00,1410,49
1852.83,100,60,45849,81920,281.87,400.00,1410,49
1857.89,100,64,45849,81920,293.52,400.00,1410,49
1862.95,100,57,45849,81920,369.46,400.00,1395,53
1868.0,100,49,45849,81920,406.42,400.00,1395,58
1873.06,97,68,45849,81920,341.99,400.00,1410,54
1878.11,94,48,45849,81920,358.59,400.00,1365,56
1883.17,100,51,45849,81920,339.27,400.00,1410,54
1888.22,100,51,45849,81920,338.67,400.00,1410,54
1893.29,60,38,45849,81920,259.30,400.00,1410,50
1898.34,100,56,45849,81920,270.50,400.00,1410,49
1903.39,100,60,45849,81920,282.91,400.00,1410,50
1908.44,100,62,45849,81920,288.05,400.00,1410,49
1913.5,100,60,45849,81920,278.66,400.00,1410,49
1918.55,100,60,45849,81920,453.13,400.00,1395,54
1923.6,100,49,45849,81920,386.94,400.00,1395,56
1928.66,98,77,45849,81920,335.87,400.00,1410,54
1933.71,100,51,45849,81920,373.43,400.00,1410,54
1938.76,100,51,45849,81920,350.71,400.00,1410,54
1943.82,100,60,45849,81920,350.35,400.00,1410,54
1948.89,100,51,45849,81920,257.83,400.00,1410,50
1953.94,100,55,45849,81920,261.14,400.00,1410,49
1958.99,100,58,45849,81920,265.06,400.00,1410,48
1964.04,100,61,45849,81920,181.45,400.00,1410,45
1969.13,100,56,45849,81920,366.97,400.00,1410,54
1974.19,100,36,45849,81920,355.88,400.00,1410,56
1979.24,100,58,45849,81920,344.36,400.00,1410,53
1984.29,96,47,45849,81920,280.50,400.00,1395,52
1989.35,100,51,45849,81920,354.36,400.00,1410,53
1994.4,100,51,45849,81920,341.61,400.00,1410,53
1999.46,100,49,45849,81920,249.02,400.00,1410,50
2004.51,100,56,45849,81920,273.87,400.00,1410,49
2009.57,100,61,45849,81920,290.82,400.00,1410,50
2014.62,100,64,45849,81920,297.18,400.00,1410,50
2019.67,100,65,45849,81920,303.21,400.00,1410,51
2024.73,100,48,45849,81920,351.91,400.00,1410,56
2029.78,100,44,45849,81920,385.50,400.00,1410,59
2034.83,100,51,45849,81920,341.31,400.00,1410,56
2039.88,98,64,45849,81920,332.24,400.00,1410,56
2044.93,100,51,45849,81920,370.71,400.00,1410,58
2049.98,100,51,45849,81920,374.63,400.00,1410,57
2055.04,100,52,45849,81920,265.33,400.00,1410,53
2060.09,100,57,45849,81920,278.39,400.00,1410,52
2065.14,100,62,45849,81920,292.32,400.00,1410,53
2070.24,100,65,45849,81920,299.89,400.00,1410,53
2075.29,0,0,45849,81920,87.63,400.00,1410,50
2080.35,100,54,45849,81920,376.03,400.00,1410,58
2085.41,19,9,45849,81920,322.29,400.00,1410,56
2090.47,100,51,45849,81920,332.89,400.00,1410,58
2095.52,100,51,45849,81920,372.18,400.00,1410,58
2100.58,100,49,45849,81920,311.36,400.00,1380,58
2105.64,95,47,45849,81920,383.31,400.00,1365,61
2110.7,100,53,45849,81920,265.06,400.00,1410,52
2115.75,100,58,45849,81920,277.18,400.00,1410,52
2120.81,100,62,45849,81920,285.93,400.00,1410,51
2125.87,100,61,45849,81920,281.09,400.00,1410,51
2130.92,100,55,45849,81920,367.29,400.00,1410,55
2135.98,100,45,45849,81920,384.63,400.00,1410,57
2141.04,98,67,45849,81920,366.10,400.00,1410,55
2146.09,100,50,45849,81920,361.26,400.00,1410,54
2151.16,100,50,45849,81920,375.17,400.00,1395,54
2156.22,100,51,45849,81920,302.57,400.00,1410,55
2161.28,100,52,45849,81920,264.19,400.00,1410,51
2166.34,100,58,45849,81920,279.92,400.00,1410,52
2171.39,100,63,45849,81920,295.06,400.00,1410,52
2176.48,100,64,45849,81920,295.93,400.00,1410,52
2181.53,0,0,45849,81920,356.48,400.00,1410,49
2186.6,100,50,45849,81920,374.22,400.00,1410,56
2191.67,15,7,45849,81920,351.63,400.00,1410,54
2196.73,100,51,45849,81920,328.31,400.00,1410,56
2201.79,95,48,45849,81920,267.81,400.00,1395,53
2206.85,100,50,45849,81920,326.35,400.00,1410,56
2211.91,98,77,45849,81920,377.36,400.00,1410,56
2216.97,100,53,45849,81920,268.24,400.00,1410,50
2222.03,100,59,45849,81920,282.86,400.00,1410,50
2227.08,100,59,45849,81920,278.80,400.00,1410,50
2232.14,100,60,45849,81920,278.37,400.00,1410,49
2237.2,100,54,45849,81920,371.16,400.00,1410,54
2242.27,100,45,45849,81920,374.69,400.00,1395,56
2247.32,100,50,45849,81920,358.41,400.00,1410,54
2252.38,100,49,45849,81920,280.79,400.00,1410,52
2257.44,100,50,45849,81920,360.64,400.00,1410,55
2262.5,100,65,45849,81920,331.80,400.00,1410,54
2267.56,95,48,45849,81920,364.63,400.00,1410,56
2272.62,100,54,45849,81920,269.86,400.00,1410,50
2277.68,100,58,45849,81920,276.01,400.00,1410,49
2282.73,100,61,45849,81920,283.70,400.00,1410,49
2287.79,100,62,45849,81920,286.54,400.00,1410,49
2292.85,100,50,45849,81920,358.07,400.00,1410,54
2297.93,100,44,45849,81920,378.64,400.00,1395,56
2302.99,100,51,45849,81920,311.22,400.00,1410,53
2308.05,100,50,45849,81920,315.66,400.00,1410,54
2313.11,100,51,45849,81920,313.02,400.00,1410,54
2318.16,96,47,45849,81920,434.25,400.00,1395,56
2323.22,100,50,45849,81920,259.83,400.00,1410,50
2328.28,100,55,45849,81920,214.43,400.00,1410,48
2333.34,100,59,45849,81920,275.40,400.00,1410,49
2338.4,100,62,45849,81920,286.46,400.00,1410,49
2343.46,100,50,45849,81920,416.23,400.00,1380,51
2348.52,100,55,45849,81920,373.82,400.00,1410,56
2353.58,100,49,45849,81920,363.76,400.00,1380,54
2358.64,100,51,45849,81920,344.71,400.00,1410,55
2363.69,98,78,45849,81920,346.47,400.00,1410,54
2368.75,100,51,45849,81920,374.42,400.00,1410,56
2373.81,100,51,45849,81920,307.55,400.00,1410,54
2378.87,100,54,45849,81920,264.06,400.00,1410,50
2383.93,100,58,45849,81920,281.27,400.00,1410,50
2388.99,100,59,45849,81920,276.13,400.00,1410,49
2394.05,100,60,45849,81920,280.63,400.00,1410,49
2399.1,100,49,45849,81920,347.07,400.00,1410,54
2404.16,100,45,45849,81920,308.14,400.00,1395,56
2409.22,97,65,45849,81920,258.70,400.00,1410,51
2414.29,100,51,45849,81920,317.45,400.00,1410,54
2419.35,100,51,45849,81920,339.02,400.00,1410,54
2424.45,100,50,45849,81920,314.68,400.00,1380,54
2429.51,100,51,45849,81920,174.33,400.00,1410,50
2434.57,100,54,45849,81920,266.54,400.00,1410,49
2439.67,100,59,45849,81920,281.29,400.00,1410,49
2444.74,100,62,45849,81920,288.30,400.00,1410,49
2449.8,100,60,45849,81920,276.74,400.00,1410,49
2454.87,100,55,45849,81920,351.63,400.00,1410,54
2459.93,100,39,45849,81920,385.50,400.00,1410,57
2465.03,98,67,45849,81920,335.14,400.00,1410,54
2470.12,95,48,45849,81920,372.30,400.00,1410,55
2475.18,100,51,45849,81920,325.76,400.00,1410,55
2480.25,98,76,45849,81920,335.12,400.00,1410,54
2485.31,100,50,45849,81920,258.38,400.00,1410,50
2490.37,100,58,45849,81920,283.46,400.00,1410,50
2495.43,100,62,45849,81920,291.03,400.00,1410,50
2500.5,100,66,45849,81920,302.65,400.00,1410,50
2505.62,100,68,45849,81920,309.71,400.00,1410,51
2510.68,100,55,45849,81920,375.59,400.00,1410,55
2515.8,100,45,45849,81920,474.90,400.00,1395,57
2520.91,100,50,45849,81920,328.40,400.00,1410,54
2525.97,100,49,45849,81920,336.83,400.00,1410,54
2531.06,100,51,45849,81920,339.60,400.00,1410,55
2536.13,100,51,45849,81920,340.90,400.00,1410,55
2541.27,100,51,45849,81920,260.43,400.00,1410,50
2546.34,100,55,45849,81920,267.19,400.00,1410,49
2551.4,100,60,45849,81920,278.80,400.00,1410,49
2556.46,100,64,45849,81920,290.42,400.00,1410,49
2561.51,100,55,45849,81920,368.20,400.00,1410,52
2566.58,100,57,45849,81920,380.11,400.00,1410,56
2571.64,98,79,45849,81920,370.94,400.00,1410,54
2576.69,95,48,45849,81920,365.51,400.00,1410,55
2581.75,100,51,45849,81920,300.55,400.00,1410,53
2586.81,100,56,45849,81920,269.95,400.00,1410,54
2591.87,99,49,45849,81920,312.88,400.00,1395,54
2596.92,100,54,45849,81920,270.83,400.00,1410,49
2601.98,100,60,45849,81920,283.23,400.00,1410,50
2607.04,100,64,45849,81920,297.17,400.00,1410,50
2612.09,100,68,45849,81920,308.70,400.00,1410,50
2617.15,100,52,45849,81920,411.85,400.00,1335,53
2622.2,100,44,45849,81920,392.51,400.00,1410,57
2627.26,100,51,45849,81920,363.81,400.00,1410,55
2632.32,100,59,45849,81920,310.50,400.00,1410,55
2637.37,100,51,45849,81920,351.41,400.00,1410,55
2642.42,100,49,45849,81920,384.83,400.00,1410,52
2647.48,100,51,45849,81920,351.04,400.00,1410,53
2652.53,100,55,45849,81920,270.18,400.00,1410,50
2657.59,100,58,45849,81920,277.79,400.00,1410,49
2662.64,100,61,45849,81920,280.50,400.00,1410,49
2667.69,100,66,45849,81920,294.73,400.00,1410,49
2672.74,100,62,45849,81920,466.43,400.00,1380,54
2677.8,100,49,45849,81920,451.93,400.00,1380,56
2682.84,100,50,45849,81920,366.48,400.00,1395,54
2687.9,100,50,45849,81920,361.86,400.00,1410,55
2692.97,100,52,45849,81920,335.01,400.00,1410,54
2698.02,97,78,45849,81920,360.34,400.00,1410,54
2703.08,100,51,45849,81920,258.37,400.00,1410,49
2708.13,100,57,45849,81920,274.14,400.00,1410,49
2713.21,100,60,45849,81920,279.63,400.00,1410,49
2718.27,100,61,45849,81920,283.54,400.00,1410,49
2723.32,100,61,45849,81920,372.12,400.00,1410,51
2728.37,100,55,45849,81920,361.54,400.00,1410,54
2733.43,0,0,45849,81920,86.61,400.00,1410,44
2738.48,35,15,45849,81920,403.89,400.00,1365,46
2743.55,95,47,45849,81920,370.60,400.00,1410,52
2748.61,100,51,45849,81920,336.48,400.00,1410,52
2753.66,100,56,45849,81920,246.91,400.00,1410,51
2758.71,100,51,45849,81920,365.77,400.00,1410,54
2763.77,84,45,45849,81920,257.83,400.00,1410,47
2768.82,100,59,45849,81920,274.46,400.00,1410,48
2773.87,100,63,45849,81920,289.30,400.00,1410,49
2778.93,100,64,45849,81920,288.70,400.00,1410,49
2783.98,100,48,45849,81920,331.64,400.00,1410,51
2789.03,100,49,45849,81920,390.06,400.00,1410,56
2794.09,100,49,45849,81920,280.51,400.00,1410,54
2799.15,95,48,45849,81920,375.34,400.00,1410,56
2804.25,100,51,45849,81920,355.55,400.00,1410,56
2809.3,97,78,45849,81920,357.40,400.00,1410,56
2814.36,100,49,45849,81920,370.07,400.00,1410,57
2819.42,100,54,45849,81920,270.55,400.00,1410,52
2824.48,100,60,45849,81920,288.70,400.00,1410,52
2829.59,100,63,45849,81920,297.45,400.00,1410,53
2834.65,73,48,45849,81920,303.52,400.00,1410,52
2839.7,100,54,45849,81920,364.95,400.00,1395,57
2844.77,100,36,45849,81920,483.46,400.00,1365,58
2849.82,100,51,45849,81920,355.51,400.00,1410,57
2854.89,100,51,45849,81920,366.15,400.00,1410,58
2859.99,100,48,45849,81920,307.73,400.00,1410,55
2865.04,100,51,45849,81920,370.60,400.00,1410,56
2870.1,100,52,45849,81920,335.60,400.00,1410,57
2875.15,100,56,45849,81920,273.87,400.00,1410,51
2880.21,100,59,45849,81920,286.26,400.00,1410,51
2885.27,100,63,45849,81920,285.33,400.00,1410,51
2890.35,100,64,45849,81920,293.81,400.00,1410,51
2895.4,100,61,45849,81920,390.85,400.00,1410,55
2900.46,100,49,45849,81920,402.64,400.00,1380,56
2905.51,97,74,45849,81920,349.79,400.00,1410,54
2910.57,95,47,45849,81920,372.72,400.00,1410,55
2915.63,100,51,45849,81920,358.27,400.00,1410,56
2920.68,100,51,45849,81920,326.46,400.00,1410,56
2925.74,100,52,45849,81920,263.22,400.00,1410,51
2930.8,100,58,45849,81920,277.91,400.00,1410,52
2935.86,100,63,45849,81920,299.01,400.00,1410,52
2940.91,100,64,45849,81920,301.45,400.00,1410,52
2945.97,14,7,45849,81920,353.78,400.00,1410,48
2951.03,100,63,45849,81920,394.90,400.00,1410,57
2956.09,100,47,45849,81920,91.47,400.00,1410,49
2961.15,100,62,45849,81920,331.40,400.00,1410,56
2966.22,95,48,45849,81920,372.53,400.00,1410,56
2971.28,100,50,45849,81920,323.09,400.00,1410,55
2976.34,100,50,45849,81920,372.80,400.00,1410,56
2981.4,100,52,45849,81920,263.19,400.00,1410,50
2986.46,100,57,45849,81920,275.53,400.00,1410,50
2991.51,100,61,45849,81920,289.82,400.00,1410,50
2996.57,100,64,45849,81920,293.80,400.00,1410,50
3001.63,100,50,45849,81920,361.74,400.00,1365,53
3006.69,100,53,45849,81920,371.10,400.00,1410,56
3011.75,100,49,45849,81920,354.26,400.00,1410,54
3016.87,100,50,45849,81920,367.58,400.00,1410,55
3021.93,95,47,45849,81920,307.88,400.00,1410,52
3026.99,100,51,45849,81920,362.08,400.00,1410,55
3032.05,98,67,45849,81920,348.89,400.00,1410,54
3037.11,100,53,45849,81920,263.16,400.00,1410,50
3042.17,100,57,45849,81920,271.34,400.00,1410,49
3047.22,100,61,45849,81920,278.95,400.00,1410,49
3052.28,100,64,45849,81920,293.82,400.00,1410,50
3057.34,100,55,45849,81920,433.50,400.00,1410,54
3062.4,100,38,45849,81920,381.98,400.00,1365,57
3067.46,100,51,45849,81920,341.77,400.00,1410,53
3072.52,100,61,45849,81920,337.20,400.00,1410,54
3077.57,100,51,45849,81920,358.50,400.00,1410,55
3082.63,100,51,45849,81920,325.36,400.00,1410,55
3087.69,95,48,45849,81920,364.22,400.00,1410,55
3092.75,100,55,45849,81920,270.23,400.00,1410,50
3097.81,100,60,45849,81920,286.53,400.00,1410,50
3102.86,100,65,45849,81920,298.70,400.00,1410,50
3107.92,100,68,45849,81920,310.29,400.00,1410,51
3112.98,100,56,45849,81920,362.21,400.00,1410,54
3118.04,100,49,45849,81920,390.55,400.00,1380,55
3123.1,97,76,45849,81920,372.52,400.00,1410,54
3128.2,95,48,45849,81920,364.31,400.00,1410,55
3133.26,100,59,45849,81920,387.21,400.00,1410,56
3138.32,100,51,45849,81920,330.11,400.00,1410,55
3143.38,95,47,45849,81920,359.33,400.00,1410,56
3148.44,100,54,45849,81920,269.62,400.00,1410,50
3153.49,100,58,45849,81920,276.05,400.00,1410,50
3158.55,100,62,45849,81920,288.02,400.00,1410,50
3163.61,40,24,45849,81920,275.53,400.00,1410,47
3168.66,100,55,45849,81920,359.71,400.00,1410,54
3173.72,100,37,45849,81920,398.77,400.00,1410,57
3178.78,100,51,45849,81920,343.62,400.00,1410,54
3183.84,95,47,45849,81920,378.30,400.00,1410,55
3188.89,100,51,45849,81920,347.88,400.00,1410,54
3193.95,100,52,45849,81920,317.67,400.00,1410,54
3199.01,100,49,45849,81920,249.79,400.00,1410,50
3204.07,100,56,45849,81920,276.41,400.00,1410,50
3209.13,100,57,45849,81920,259.64,400.00,1410,49
3214.19,100,58,45849,81920,272.91,400.00,1410,49
3219.24,79,50,45849,81920,88.09,400.00,1410,44
3224.3,100,51,45849,81920,327.80,400.00,1395,54
3229.36,100,45,45849,81920,383.50,400.00,1380,57
3234.41,95,47,45849,81920,296.24,400.00,1410,54
3239.47,100,50,45849,81920,297.76,400.00,1410,53
3244.53,95,47,45849,81920,362.55,400.00,1395,52
3249.59,100,51,45849,81920,333.88,400.00,1410,54
3254.65,100,52,45849,81920,262.52,400.00,1410,50
3259.7,100,56,45849,81920,275.56,400.00,1410,49
3264.76,100,60,45849,81920,285.92,400.00,1410,49
3269.82,100,62,45849,81920,281.88,400.00,1410,50
3274.88,100,50,45849,81920,411.79,400.00,1380,53
3279.93,100,56,45849,81920,376.42,400.00,1335,56
3284.99,24,12,45849,81920,355.99,400.00,1410,54
3290.05,100,51,45849,81920,353.78,400.00,1410,55
3295.12,100,50,45849,81920,370.93,400.00,1410,55
3300.21,98,76,45849,81920,343.36,400.00,1395,54
3305.32,95,48,45849,81920,354.79,400.00,1410,55
3310.38,100,54,45849,81920,267.59,400.00,1410,50
3315.44,100,60,45849,81920,281.26,400.00,1410,50
3320.49,100,63,45849,81920,293.17,400.00,1410,50
3325.55,100,66,45849,81920,261.96,400.00,1410,50
3330.61,100,50,45849,81920,377.53,400.00,1365,53
3335.67,100,45,45849,81920,320.50,400.00,1395,56
3340.72,100,50,45849,81920,254.58,400.00,1410,53
3345.78,100,51,45849,81920,363.62,400.00,1410,55
3350.84,100,66,45849,81920,359.79,400.00,1410,55
3355.9,95,49,45849,81920,391.26,400.00,1410,56
3360.96,100,50,45849,81920,334.70,400.00,1410,52
3366.02,100,55,45849,81920,271.43,400.00,1410,50
3371.11,100,61,45849,81920,288.67,400.00,1410,50
3376.17,100,62,45849,81920,288.08,400.00,1410,50
3381.23,100,64,45849,81920,301.68,400.00,1410,50
3386.28,100,50,45849,81920,372.89,400.00,1410,54
3391.39,100,36,45849,81920,401.26,400.00,1395,55
3396.46,100,49,45849,81920,369.19,400.00,1410,55
3401.52,100,51,45849,81920,330.11,400.00,1410,54
3406.57,100,49,45849,81920,352.57,400.00,1410,54
3411.63,100,51,45849,81920,371.59,400.00,1410,55
3416.71,100,50,45849,81920,259.62,400.00,1410,50
3421.76,100,55,45849,81920,260.82,400.00,1410,49
3426.82,100,56,45849,81920,261.14,400.00,1410,48
3431.88,100,59,45849,81920,272.90,400.00,1410,48
3436.96,100,54,45849,81920,363.98,400.00,1410,52
3442.01,100,36,45849,81920,388.14,400.00,1395,56
3447.07,100,50,45849,81920,346.11,400.00,1410,54
3452.16,100,49,45849,81920,431.36,400.00,1410,52
3457.21,100,51,45849,81920,338.32,400.00,1410,53
3462.28,100,50,45849,81920,316.80,400.00,1410,53
3467.34,97,75,45849,81920,315.61,400.00,1410,53
3472.39,100,54,45849,81920,269.90,400.00,1410,49
3477.46,100,60,45849,81920,283.86,400.00,1410,49
3482.51,100,64,45849,81920,300.80,400.00,1410,50
3487.57,99,67,45849,81920,309.85,400.00,1410,50
3492.62,100,49,45849,81920,364.85,400.00,1350,53
3497.68,100,44,45849,81920,353.16,400.00,1395,55
3502.73,100,51,45849,81920,345.55,400.00,1410,54
3507.79,100,51,45849,81920,337.40,400.00,1410,54
3512.85,100,55,45849,81920,366.48,400.00,1410,53
3517.91,100,51,45849,81920,373.11,400.00,1410,54
3522.96,100,51,45849,81920,363.43,400.00,1410,55
3528.02,100,54,45849,81920,265.39,400.00,1410,49
3533.07,100,56,45849,81920,262.34,400.00,1410,49
3538.15,100,57,45849,81920,271.11,400.00,1410,48
3543.2,100,61,45849,81920,273.87,400.00,1410,48
3548.26,100,55,45849,81920,368.60,400.00,1410,54
3553.31,100,45,45849,81920,385.50,400.00,1410,56
3558.37,100,50,45849,81920,329.26,400.00,1410,53
3563.42,100,50,45849,81920,369.96,400.00,1410,54
3568.47,100,58,45849,81920,375.76,400.00,1410,53
3573.53,100,51,45849,81920,353.06,400.00,1410,54
3578.58,100,53,45849,81920,265.39,400.00,1410,49
3583.64,100,59,45849,81920,283.54,400.00,1410,49
3588.69,100,64,45849,81920,297.18,400.00,1410,50
3593.75,64,40,45849,81920,289.57,400.00,1410,49
3598.81,100,50,45849,81920,355.78,400.00,1410,51
3603.86,100,53,45849,81920,369.46,400.00,1380,54
3608.92,100,50,45849,81920,346.80,400.00,1410,53
3613.98,94,47,45849,81920,362.46,400.00,1395,54
3619.04,100,50,45849,81920,367.56,400.00,1410,54
3624.09,100,51,45849,81920,319.85,400.00,1410,55
3629.15,100,50,45849,81920,362.51,400.00,1395,55
3634.2,100,54,45849,81920,267.78,400.00,1410,51
3639.26,79,47,45849,81920,278.11,400.00,1410,50
3644.32,100,61,45849,81920,286.58,400.00,1410,51
3649.38,100,64,45849,81920,296.52,400.00,1410,52
3654.44,100,61,45849,81920,393.98,400.00,1410,56
3659.5,100,49,45849,81920,403.56,400.00,1380,58
3664.56,97,76,45849,81920,361.54,400.00,1410,56
3669.61,97,49,45849,81920,407.80,400.00,1395,57
3674.68,100,50,45849,81920,319.85,400.00,1410,56
3679.73,97,80,45849,81920,386.55,400.00,1410,56
3684.79,87,46,45849,81920,259.04,400.00,1410,51
3689.84,100,55,45849,81920,267.96,400.00,1410,50
3694.9,100,58,45849,81920,278.81,400.00,1410,49
3699.96,100,58,45849,81920,273.70,400.00,1410,49
3705.02,55,33,45849,81920,87.69,400.00,1410,43
3710.08,100,53,45849,81920,326.76,400.00,1410,54
3715.14,100,44,45849,81920,364.83,400.00,1395,56
3720.2,97,77,45849,81920,333.62,400.00,1410,54
3725.34,97,78,45849,81920,320.14,400.00,1410,55
3730.41,100,51,45849,81920,341.98,400.00,1410,55
3735.48,100,51,45849,81920,344.14,400.00,1410,55
3740.61,100,53,45849,81920,268.36,400.00,1410,51
3745.67,100,57,45849,81920,272.18,400.00,1410,51
3750.73,100,58,45849,81920,272.26,400.00,1410,50
3755.79,100,62,45849,81920,281.97,400.00,1410,50
3760.84,100,56,45849,81920,352.27,400.00,1410,54
3765.9,100,36,45849,81920,395.39,400.00,1410,57
3770.96,100,51,45849,81920,329.32,400.00,1410,53
3776.02,100,60,45849,81920,357.70,400.00,1410,54
3781.08,94,47,45849,81920,357.57,400.00,1410,55
3786.14,100,52,45849,81920,304.46,400.00,1410,54
3791.19,100,50,45849,81920,259.24,400.00,1410,50
3796.25,100,57,45849,81920,274.07,400.00,1410,50
3801.31,100,61,45849,81920,292.89,400.00,1410,50
3806.37,100,66,45849,81920,301.71,400.00,1410,50
3811.42,100,68,45849,81920,310.53,400.00,1410,51
3816.48,100,55,45849,81920,353.66,400.00,1395,54
3821.53,100,35,45849,81920,390.15,400.00,1410,57
3826.6,100,47,45849,81920,271.49,400.00,1395,52
3831.65,100,51,45849,81920,355.92,400.00,1410,55
3836.71,98,71,45849,81920,362.77,400.00,1410,56
3841.77,97,77,45849,81920,281.64,400.00,1395,55
3846.83,99,50,45849,81920,259.83,400.00,1410,50
3851.88,100,56,45849,81920,272.59,400.00,1410,50
3856.95,100,59,45849,81920,281.67,400.00,1410,50
3862.01,100,58,45849,81920,270.19,400.00,1410,49
3867.07,95,47,45849,81920,310.60,400.00,1365,50
3872.13,100,54,45849,81920,376.42,400.00,1410,55
3877.22,97,76,45849,81920,257.35,400.00,1395,51
3882.28,95,48,45849,81920,238.00,400.00,1395,52
3887.34,100,51,45849,81920,303.90,400.00,1410,53
3892.4,100,51,45849,81920,330.26,400.00,1410,54
3897.5,100,50,45849,81920,240.51,400.00,1395,53
3902.56,100,54,45849,81920,272.70,400.00,1410,49
3907.63,100,60,45849,81920,285.63,400.00,1410,50
3912.68,100,65,45849,81920,303.24,400.00,1410,50
3917.74,100,68,45849,81920,308.33,400.00,1410,51
3922.8,100,50,45849,81920,431.98,400.00,1395,53
3927.86,100,36,45849,81920,378.13,400.00,1395,56
3932.91,100,51,45849,81920,366.29,400.00,1410,54
3937.97,100,50,45849,81920,354.35,400.00,1410,55
3943.04,100,59,45849,81920,360.54,400.00,1410,55
3948.1,100,50,45849,81920,381.83,400.00,1410,55
3953.16,100,50,45849,81920,359.80,400.00,1410,55
3958.22,100,54,45849,81920,268.29,400.00,1410,50
3963.28,100,58,45849,81920,276.13,400.00,1410,50
3968.33,100,61,45849,81920,285.31,400.00,1410,50
3973.39,100,63,45849,81920,288.94,400.00,1410,50
3978.45,100,62,45849,81920,377.47,400.00,1410,55
3983.51,100,47,45849,81920,416.53,400.00,1380,57
3988.57,95,48,45849,81920,367.24,400.00,1410,55
3993.64,100,51,45849,81920,353.50,400.00,1410,55
3998.7,97,73,45849,81920,329.24,400.00,1410,55
4003.76,98,63,45849,81920,402.07,400.00,1395,55
4008.82,100,50,45849,81920,259.11,400.00,1410,50
4013.88,100,56,45849,81920,275.68,400.00,1410,50
4018.94,100,60,45849,81920,284.07,400.00,1410,50
4023.99,100,63,45849,81920,297.17,400.00,1410,50
4029.06,100,66,45849,81920,301.12,400.00,1410,50
4034.12,100,60,45849,81920,353.80,400.00,1410,54
4039.18,100,49,45849,81920,414.33,400.00,1380,57
4044.25,100,50,45849,81920,248.88,400.00,1395,52
4049.33,100,51,45849,81920,326.84,400.00,1410,55
4054.39,100,52,45849,81920,358.39,400.00,1410,56
4059.46,100,63,45849,81920,374.98,400.00,1410,55
4064.53,100,51,45849,81920,333.18,400.00,1410,55
4069.59,100,55,45849,81920,274.31,400.00,1410,50
4074.65,100,61,45849,81920,291.06,400.00,1410,51
4079.71,100,61,45849,81920,284.08,400.00,1410,50
4084.77,100,64,45849,81920,295.66,400.00,1410,50
4089.83,100,47,45849,81920,361.47,400.00,1395,54
4094.88,100,44,45849,81920,397.94,400.00,1410,57
4099.94,100,51,45849,81920,339.84,400.00,1410,54
4104.99,100,65,45849,81920,352.60,400.00,1410,54
4110.05,100,51,45849,81920,360.72,400.00,1410,55
4115.1,100,51,45849,81920,347.76,400.00,1410,55
4120.16,41,21,45849,81920,89.16,400.00,1410,45
4125.23,100,56,45849,81920,267.78,400.00,1410,49
4130.28,100,60,45849,81920,282.04,400.00,1410,49
4135.34,100,62,45849,81920,288.67,400.00,1410,49
4140.39,45,29,45849,81920,295.04,400.00,1410,49
4145.45,100,55,45849,81920,370.60,400.00,1410,54
4150.52,100,45,45849,81920,447.43,400.00,1395,55
4155.58,100,51,45849,81920,336.80,400.00,1410,53
4160.64,100,52,45849,81920,363.11,400.00,1410,54
4165.71,98,64,45849,81920,305.33,400.00,1410,53
4170.79,100,50,45849,81920,241.12,400.00,1395,52
4175.85,100,51,45849,81920,256.25,400.00,1410,49
4180.91,100,54,45849,81920,256.91,400.00,1410,48
4185.97,100,57,45849,81920,254.46,400.00,1410,48
4191.03,100,58,45849,81920,259.96,400.00,1410,47
4196.09,100,54,45849,81920,332.24,400.00,1395,53
4201.14,100,45,45849,81920,309.57,400.00,1380,56
4206.2,98,76,45849,81920,309.25,400.00,1410,53
4211.25,100,50,45849,81920,273.27,400.00,1395,51
4216.31,100,51,45849,81920,329.85,400.00,1410,53
4221.36,100,51,45849,81920,338.92,400.00,1410,54
4226.42,67,42,45849,81920,258.43,400.00,1410,49
4231.47,100,54,45849,81920,263.54,400.00,1410,48
4236.52,100,59,45849,81920,276.26,400.00,1410,49
4241.58,100,62,45849,81920,283.54,400.00,1410,49
4246.64,100,65,45849,81920,288.70,400.00,1410,49
4251.69,100,49,45849,81920,364.63,400.00,1335,54
4256.75,100,44,45849,81920,400.85,400.00,1410,57
4261.8,100,50,45849,81920,374.03,400.00,1410,54
4266.86,100,50,45849,81920,360.39,400.00,1410,54
4271.91,98,76,45849,81920,325.61,400.00,1410,54
4276.96,95,48,45849,81920,379.99,400.00,1410,55
4282.03,90,47,45849,81920,264.19,400.00,1410,49
4287.08,100,58,45849,81920,283.51,400.00,1410,50
4292.14,100,61,45849,81920,284.74,400.00,1410,49
4297.19,100,62,45849,81920,292.32,400.00,1410,49
4302.25,100,56,45849,81920,370.39,400.00,1395,52
4307.3,100,55,45849,81920,385.50,400.00,1410,56
4312.35,97,78,45849,81920,376.12,400.00,1410,54
4317.41,100,49,45849,81920,290.17,400.00,1410,54
4322.46,100,51,45849,81920,351.91,400.00,1410,54
4327.52,100,51,45849,81920,347.04,400.00,1410,54
4332.58,100,50,45849,81920,369.19,400.00,1395,56
4337.64,100,54,45849,81920,271.74,400.00,1410,49
4342.7,55,33,45849,81920,283.22,400.00,1410,49
4347.76,100,65,45849,81920,296.86,400.00,1410,50
4352.84,100,68,45849,81920,309.25,400.00,1410,51
4357.9,100,53,45849,81920,374.83,400.00,1410,54
4362.96,100,50,45849,81920,382.19,400.00,1395,56
4368.02,100,52,45849,81920,375.17,400.00,1410,54
4373.07,100,58,45849,81920,344.33,400.00,1410,54
4378.13,95,48,45849,81920,378.47,400.00,1410,55
4383.19,100,52,45849,81920,371.53,400.00,1410,55
4388.24,100,51,45849,81920,328.91,400.00,1410,55
4393.3,100,54,45849,81920,262.34,400.00,1410,49
4398.36,100,58,45849,81920,265.06,400.00,1410,49
4403.42,100,59,45849,81920,276.27,400.00,1410,49
4408.48,100,62,45849,81920,277.14,400.00,1410,50
4413.53,100,56,45849,81920,366.48,400.00,1410,56
4418.59,100,45,45849,81920,451.14,400.00,1380,57
4423.66,100,51,45849,81920,362.24,400.00,1410,56
4428.72,100,63,45849,81920,366.85,400.00,1410,56
4433.78,95,49,45849,81920,370.27,400.00,1410,58
4438.83,100,53,45849,81920,324.04,400.00,1410,56
4443.89,100,51,45849,81920,261.65,400.00,1410,51
4448.95,100,56,45849,81920,277.10,400.00,1410,51
4454.01,100,59,45849,81920,276.66,400.00,1410,50
4459.07,100,60,45849,81920,280.99,400.00,1410,50
4464.13,100,58,45849,81920,349.14,400.00,1395,54
4469.22,100,55,45849,81920,374.05,400.00,1410,55
4474.28,58,29,45849,81920,338.43,400.00,1410,53
4479.34,100,62,45849,81920,367.07,400.00,1410,55
4484.4,100,50,45849,81920,294.45,400.00,1395,53
4489.46,100,52,45849,81920,332.31,400.00,1410,55
4494.52,100,50,45849,81920,378.87,400.00,1410,56
4499.58,100,53,45849,81920,262.17,400.00,1410,50
4504.64,100,57,45849,81920,275.30,400.00,1410,50
4509.7,100,62,45849,81920,289.87,400.00,1410,51
4514.76,100,64,45849,81920,299.29,400.00,1410,51
4519.82,1,0,45849,81920,355.32,400.00,1410,51
4524.92,100,54,45849,81920,367.58,400.00,1410,55
4529.99,100,44,45849,81920,383.73,400.00,1410,57
4535.05,95,46,45849,81920,281.91,400.00,1395,52
4540.1,100,51,45849,81920,335.68,400.00,1410,54
4545.17,97,79,45849,81920,359.61,400.00,1410,54
4550.22,100,51,45849,81920,360.31,400.00,1410,55
4555.28,100,52,45849,81920,261.39,400.00,1410,50
4560.35,100,56,45849,81920,264.79,400.00,1410,49
4565.4,100,56,45849,81920,264.06,400.00,1410,49
4570.47,100,60,45849,81920,272.98,400.00,1410,48
4575.53,100,54,45849,81920,370.05,400.00,1410,54
4580.58,100,37,45849,81920,376.14,400.00,1410,56
4585.68,100,51,45849,81920,323.04,400.00,1410,53
4590.73,94,47,45849,81920,366.87,400.00,1410,55
4595.8,100,51,45849,81920,323.83,400.00,1410,54
4600.86,100,56,45849,81920,295.97,400.00,1410,53
4605.92,53,32,45849,81920,253.86,400.00,1410,50
4610.98,100,55,45849,81920,269.35,400.00,1410,49
4616.04,100,61,45849,81920,289.82,400.00,1410,50
4621.1,100,64,45849,81920,143.06,400.00,1410,48
4626.16,100,66,45849,81920,304.48,400.00,1410,50
4631.22,100,57,45849,81920,366.37,400.00,1410,54
4636.28,100,48,45849,81920,385.61,400.00,1410,57
4641.34,100,51,45849,81920,351.96,400.00,1410,54
4646.4,100,48,45849,81920,219.93,400.00,1395,54
4651.46,94,49,45849,81920,412.98,400.00,1410,57
4656.52,95,46,45849,81920,374.86,400.00,1410,56
4661.59,100,50,45849,81920,256.58,400.00,1410,50
4666.65,100,56,45849,81920,273.83,400.00,1410,50
4671.71,100,61,45849,81920,283.42,400.00,1410,50
4676.77,100,63,45849,81920,288.02,400.00,1410,49
4681.83,100,64,45849,81920,191.48,400.00,1410,47
4686.89,100,60,45849,81920,342.44,400.00,1410,54
4691.95,100,45,45849,81920,334.82,400.00,1395,56
4697.01,100,51,45849,81920,346.92,400.00,1410,54
4702.07,100,50,45849,81920,362.86,400.00,1410,55
4707.13,97,72,45849,81920,349.49,400.00,1410,54
4712.19,100,51,45849,81920,346.14,400.00,1410,55
4717.24,100,52,45849,81920,262.26,400.00,1410,50
4722.3,100,56,45849,81920,269.72,400.00,1410,49
4727.36,100,59,45849,81920,275.12,400.00,1410,49
4732.42,100,61,45849,81920,267.26,400.00,1410,48
4737.48,100,55,45849,81920,375.21,400.00,1395,53
4742.54,100,36,45849,81920,368.51,400.00,1410,56
4747.63,95,47,45849,81920,355.69,400.00,1410,55
4752.69,100,50,45849,81920,330.55,400.00,1410,53
4757.75,100,51,45849,81920,354.77,400.00,1410,54
4762.81,100,57,45849,81920,387.02,400.00,1410,55
4767.87,100,50,45849,81920,111.94,400.00,1410,50
4772.93,100,55,45849,81920,91.14,400.00,1410,47
4777.99,100,60,45849,81920,284.42,400.00,1410,50
4783.05,100,63,45849,81920,298.67,400.00,1410,50
4788.11,100,64,45849,81920,294.42,400.00,1410,50
4793.17,100,57,45849,81920,383.97,400.00,1365,55
4798.23,100,48,45849,81920,412.26,400.00,1380,56
4803.3,98,48,45849,81920,215.37,400.00,1395,52
4808.36,100,50,45849,81920,332.67,400.00,1410,54
4813.49,100,50,45849,81920,317.39,400.00,1410,54
4818.56,97,72,45849,81920,296.59,400.00,1395,53
4823.62,100,50,45849,81920,257.84,400.00,1410,50
4828.69,100,56,45849,81920,265.12,400.00,1410,49
4833.74,100,60,45849,81920,277.37,400.00,1410,49
4838.79,100,61,45849,81920,280.51,400.00,1410,49
4843.85,100,55,45849,81920,359.24,400.00,1410,52
4848.94,100,55,45849,81920,374.09,400.00,1395,54
4854.0,100,50,45849,81920,357.67,400.00,1365,54
4859.06,100,50,45849,81920,345.91,400.00,1410,54
4864.12,100,54,45849,81920,329.59,400.00,1410,54
4869.17,99,51,45849,81920,371.37,400.00,1410,55
4874.23,100,51,45849,81920,326.20,400.00,1410,54
4879.28,100,52,45849,81920,258.10,400.00,1410,48
4884.33,100,57,45849,81920,272.30,400.00,1410,49
4889.39,100,59,45849,81920,268.70,400.00,1410,49
4894.45,100,60,45849,81920,262.34,400.00,1410,48
4899.5,100,50,45849,81920,377.55,400.00,1410,54
4904.56,100,43,45849,81920,398.55,400.00,1410,56
4909.61,100,51,45849,81920,355.78,400.00,1410,54
4914.67,100,51,45849,81920,333.76,400.00,1395,54
4919.72,100,51,45849,81920,319.52,400.00,1410,52
4924.78,100,51,45849,81920,360.94,400.00,1410,54
4929.83,44,30,45849,81920,251.15,400.00,1410,50
4934.88,100,56,45849,81920,276.58,400.00,1410,49
4939.93,100,60,45849,81920,280.82,400.00,1410,49
4944.99,100,61,45849,81920,288.05,400.00,1410,49
4950.04,100,66,45849,81920,298.65,400.00,1410,50
4955.1,100,54,45849,81920,360.11,400.00,1410,54
4960.15,100,36,45849,81920,390.58,400.00,1380,55
4965.21,100,52,45849,81920,415.07,400.00,1410,53
4970.26,100,51,45849,81920,357.90,400.00,1410,54
4975.31,97,78,45849,81920,329.25,400.00,1410,54
4980.36,100,51,45849,81920,341.64,400.00,1410,55
4985.42,100,50,45849,81920,252.34,400.00,1410,49
4990.47,100,55,45849,81920,265.39,400.00,1410,49
4995.56,100,57,45849,81920,267.51,400.00,1410,48
5000.62,100,58,45849,81920,264.19,400.00,1410,48
5005.67,100,54,45849,81920,302.62,400.00,1395,52
5010.73,100,45,45849,81920,333.41,400.00,1410,55
5015.78,100,51,45849,81920,336.80,400.00,1410,54
5020.84,100,49,45849,81920,365.23,400.00,1365,56
5025.89,100,51,45849,81920,310.82,400.00,1410,55
5030.94,97,67,45849,81920,325.28,400.00,1410,55
5036.0,100,48,45849,81920,296.24,400.00,1410,53
5041.05,100,54,45849,81920,269.58,400.00,1410,52
5046.1,51,31,45849,81920,288.94,400.00,1410,52
5051.16,100,64,45849,81920,303.21,400.00,1410,53
5056.32,100,68,45849,81920,315.28,400.00,1410,53
5061.38,100,56,45849,81920,377.94,400.00,1365,58
5066.44,100,49,45849,81920,398.13,400.00,1380,59
5071.49,100,50,45849,81920,327.40,400.00,1410,57
5076.55,100,51,45849,81920,375.44,400.00,1410,58
5081.61,100,51,45849,81920,361.86,400.00,1410,58
5086.66,100,51,45849,81920,356.15,400.00,1410,59
5091.72,100,57,45849,81920,332.56,400.00,1410,58
5096.78,100,53,45849,81920,269.90,400.00,1410,53
5101.83,100,59,45849,81920,288.37,400.00,1410,52
5106.89,100,64,45849,81920,298.38,400.00,1410,52
5111.97,100,66,45849,81920,305.33,400.00,1410,52
5117.03,72,42,45849,81920,371.53,400.00,1410,51
5122.08,100,49,45849,81920,311.36,400.00,1410,56
5127.14,54,28,45849,81920,183.05,400.00,1410,49
5132.2,100,50,45849,81920,325.88,400.00,1410,55
5137.26,100,50,45849,81920,371.53,400.00,1410,57
5142.32,94,54,45849,81920,372.12,400.00,1410,57
5147.37,100,51,45849,81920,372.45,400.00,1410,56
5152.43,100,53,45849,81920,265.94,400.00,1410,50
5157.49,100,59,45849,81920,286.18,400.00,1410,51
5162.55,100,60,45849,81920,283.71,400.00,1410,51
5167.61,100,60,45849,81920,279.13,400.00,1410,51
5172.67,100,48,45849,81920,358.97,400.00,1410,56
5177.73,100,45,45849,81920,380.44,400.00,1305,60
5182.78,97,80,45849,81920,388.62,400.00,1410,56
5187.88,100,51,45849,81920,344.60,400.00,1410,56
5192.94,97,67,45849,81920,362.95,400.00,1410,56
5198.0,100,50,45849,81920,380.83,400.00,1335,58
5203.09,100,48,45849,81920,258.04,400.00,1410,52
5208.24,100,56,45849,81920,279.26,400.00,1410,51
5213.3,100,59,45849,81920,281.67,400.00,1410,50
5218.36,100,61,45849,81920,283.83,400.00,1410,50
5223.42,100,64,45849,81920,300.82,400.00,1410,50
5228.48,100,50,45849,81920,365.11,400.00,1410,55
5233.53,100,39,45849,81920,374.09,400.00,1410,57
5238.59,100,51,45849,81920,358.86,400.00,1410,55
5243.65,100,52,45849,81920,328.50,400.00,1410,55
5248.71,100,52,45849,81920,299.94,400.00,1410,55
5253.77,100,51,45849,81920,322.22,400.00,1410,55
5258.83,49,33,45849,81920,249.63,400.00,1410,51
5263.89,100,55,45849,81920,272.98,400.00,1410,50
5268.95,100,59,45849,81920,277.39,400.00,1410,50
5274.01,100,61,45849,81920,288.88,400.00,1410,50
5279.07,100,63,45849,81920,295.02,400.00,1410,50
5284.12,100,54,45849,81920,360.21,400.00,1410,54
5289.18,100,36,45849,81920,391.76,400.00,1410,57
5294.25,100,49,45849,81920,292.93,400.00,1410,52
5299.31,100,51,45849,81920,305.41,400.00,1410,54
5304.36,97,62,45849,81920,332.85,400.00,1410,55
5309.42,100,51,45849,81920,335.75,400.00,1410,54
5314.48,100,50,45849,81920,252.18,400.00,1410,51
5319.54,100,57,45849,81920,278.99,400.00,1410,51
5324.6,100,61,45849,81920,289.00,400.00,1410,50
5329.66,100,62,45849,81920,291.42,400.00,1410,51
5334.72,100,60,45849,81920,278.08,400.00,1410,50
5339.78,100,49,45849,81920,356.93,400.00,1395,55
5344.84,100,36,45849,81920,399.11,400.00,1365,56
5349.9,100,54,45849,81920,432.49,400.00,1395,57
5354.96,100,50,45849,81920,377.36,400.00,1410,55
5360.02,100,50,45849,81920,361.14,400.00,1410,55
5365.07,94,47,45849,81920,370.05,400.00,1410,56
5370.14,100,52,45849,81920,261.63,400.00,1410,50
5375.19,100,56,45849,81920,276.27,400.00,1410,49
5380.26,100,60,45849,81920,280.82,400.00,1410,50
5385.32,100,59,45849,81920,274.42,400.00,1410,49
5390.38,100,49,45849,81920,356.52,400.00,1410,53
5395.43,99,44,45849,81920,389.55,400.00,1410,56
5400.49,100,52,45849,81920,344.93,400.00,1410,54
5405.55,100,51,45849,81920,347.35,400.00,1410,54
5410.61,100,50,45849,81920,240.19,400.00,1410,53
5415.67,94,48,45849,81920,259.11,400.00,1410,54
5420.73,100,51,45849,81920,293.85,400.00,1410,53
5425.79,100,54,45849,81920,267.59,400.00,1410,49
5430.85,100,59,45849,81920,280.30,400.00,1410,49
5435.91,100,62,45849,81920,287.10,400.00,1410,49
5440.97,100,63,45849,81920,282.45,400.00,1410,49
5446.03,100,59,45849,81920,373.90,400.00,1410,54
5451.1,100,49,45849,81920,406.49,400.00,1395,57
5456.17,94,47,45849,81920,359.66,400.00,1350,56
5461.26,100,50,45849,81920,345.28,400.00,1410,54
5466.32,100,51,45849,81920,342.72,400.00,1410,54
5471.38,97,48,45849,81920,365.23,400.00,1380,54
5476.45,100,50,45849,81920,251.26,400.00,1410,49
5481.51,100,55,45849,81920,265.89,400.00,1410,49
5486.57,100,57,45849,81920,273.46,400.00,1410,48
5491.63,100,62,45849,81920,279.88,400.00,1410,49
5496.69,84,52,45849,81920,86.79,400.00,1410,43
5501.75,100,48,45849,81920,362.01,400.00,1410,54
5506.8,100,44,45849,81920,388.02,400.00,1410,56
5511.86,95,46,45849,81920,359.00,400.00,1410,54
5516.92,100,51,45849,81920,324.70,400.00,1410,54
5521.98,95,48,45849,81920,357.49,400.00,1410,55
5527.04,100,51,45849,81920,325.96,400.00,1410,54
5532.1,100,51,45849,81920,258.38,400.00,1410,49
5537.16,100,57,45849,81920,272.98,400.00,1410,49
5542.22,100,62,45849,81920,290.50,400.00,1410,50
5547.28,100,64,45849,81920,298.40,400.00,1410,50
5552.34,0,0,45849,81920,86.47,400.00,1410,42
5557.44,100,48,45849,81920,367.73,400.00,1380,54
5562.5,100,45,45849,81920,399.23,400.00,1410,57
5567.55,97,67,45849,81920,347.67,400.00,1410,54
5572.61,100,51,45849,81920,365.01,400.00,1410,54
5577.66,100,50,45849,81920,362.29,400.00,1410,54
5582.72,100,71,45849,81920,360.76,400.00,1410,55
5587.77,100,53,45849,81920,262.95,400.00,1410,49
5592.83,100,57,45849,81920,276.55,400.00,1410,49
5597.89,100,61,45849,81920,284.76,400.00,1410,49
5602.95,100,63,45849,81920,291.39,400.00,1410,50
5608.0,100,51,45849,81920,370.98,400.00,1410,53
5613.06,100,44,45849,81920,412.95,400.00,1410,56
5618.11,100,50,45849,81920,340.19,400.00,1410,53
5623.17,95,47,45849,81920,295.34,400.00,1410,53
5628.23,100,50,45849,81920,365.17,400.00,1410,55
5633.28,100,51,45849,81920,289.30,400.00,1410,53
5638.34,100,48,45849,81920,311.36,400.00,1395,53
5643.39,100,54,45849,81920,264.46,400.00,1410,49
5648.44,100,57,45849,81920,267.78,400.00,1410,49
5653.49,100,58,45849,81920,272.35,400.00,1410,49
5658.54,100,60,45849,81920,274.73,400.00,1410,48
5663.6,100,55,45849,81920,368.27,400.00,1410,54
5668.65,100,45,45849,81920,379.08,400.00,1365,56
5673.71,97,75,45849,81920,345.88,400.00,1410,53
5678.76,94,47,45849,81920,365.77,400.00,1410,54
5683.82,100,52,45849,81920,313.49,400.00,1410,52
5688.87,97,78,45849,81920,362.83,400.00,1410,54
5693.93,100,51,45849,81920,258.97,400.00,1410,49
5698.98,100,56,45849,81920,275.39,400.00,1410,49
5704.04,100,58,45849,81920,100.87,400.00,1410,46
5709.09,100,62,45849,81920,285.63,400.00,1410,49
5714.14,36,21,45849,81920,173.55,400.00,1410,47
5719.19,100,49,45849,81920,350.68,400.00,1410,54
5724.25,100,44,45849,81920,381.79,400.00,1410,56
5729.31,100,59,45849,81920,367.89,400.00,1410,55
5734.36,97,78,45849,81920,359.79,400.00,1410,54
5739.41,100,51,45849,81920,345.88,400.00,1410,54
5744.47,100,51,45849,81920,374.30,400.00,1410,54
5749.53,100,52,45849,81920,264.19,400.00,1410,49
5754.58,100,58,45849,81920,285.03,400.00,1410,50
5759.64,100,60,45849,81920,287.75,400.00,1410,50
5764.7,100,63,45849,81920,290.80,400.00,1410,49
5769.79,100,49,45849,81920,345.85,400.00,1395,52
5774.85,100,61,45849,81920,465.68,400.00,1395,54
5779.95,100,49,45849,81920,403.56,400.00,1395,57
5785.01,100,51,45849,81920,309.57,400.00,1410,54
5790.06,95,47,45849,81920,368.49,400.00,1410,54
5795.16,100,48,45849,81920,372.45,400.00,1395,56
5800.22,100,50,45849,81920,319.57,400.00,1410,54
5805.29,100,50,45849,81920,331.62,400.00,1410,54
5810.4,100,55,45849,81920,274.42,400.00,1410,49
5815.46,100,61,45849,81920,287.45,400.00,1410,50
5820.53,99,65,45849,81920,304.41,400.00,1410,50
5825.58,100,67,45849,81920,301.37,400.00,1410,50
5830.65,100,49,45849,81920,345.88,400.00,1410,54
5835.71,100,36,45849,81920,331.97,400.00,1395,56
5840.76,97,78,45849,81920,278.98,400.00,1395,53
5845.82,94,47,45849,81920,360.11,400.00,1410,57
5850.88,100,51,45849,81920,367.35,400.00,1410,57
5855.94,100,51,45849,81920,351.64,400.00,1410,57
5860.99,74,37,45849,81920,253.86,400.00,1410,53
5866.05,100,55,45849,81920,277.50,400.00,1410,52
5871.11,100,61,45849,81920,288.70,400.00,1410,51
5876.16,100,63,45849,81920,300.49,400.00,1410,51
5881.22,100,64,45849,81920,295.36,400.00,1410,51
5886.28,100,54,45849,81920,325.69,400.00,1365,54
5891.34,100,41,45849,81920,381.16,400.00,1395,57
5896.4,100,50,45849,81920,307.60,400.00,1410,53
5901.46,100,52,45849,81920,362.11,400.00,1410,55
5906.52,100,51,45849,81920,359.11,400.00,1410,55
5911.57,95,48,45849,81920,364.51,400.00,1410,56
5916.63,100,50,45849,81920,260.24,400.00,1410,50
5921.69,100,57,45849,81920,282.17,400.00,1410,50
5926.75,100,62,45849,81920,292.57,400.00,1410,51
5931.8,100,65,45849,81920,303.57,400.00,1410,52
5936.86,100,66,45849,81920,303.89,400.00,1410,52
5941.92,100,49,45849,81920,378.49,400.00,1410,56
5946.98,100,44,45849,81920,402.48,400.00,1410,58
5952.04,100,63,45849,81920,369.79,400.00,1410,56
5957.1,100,49,45849,81920,322.57,400.00,1395,54
5962.16,94,47,45849,81920,372.25,400.00,1410,56
5967.22,100,50,45849,81920,341.42,400.00,1410,55
5972.28,100,51,45849,81920,259.84,400.00,1410,50
5977.34,100,56,45849,81920,267.86,400.00,1410,50
5982.4,100,58,45849,81920,276.38,400.00,1410,49
5987.49,100,61,45849,81920,286.74,400.00,1410,50
5992.55,100,54,45849,81920,354.76,400.00,1410,53
5997.61,100,49,45849,81920,346.01,400.00,1395,54
6002.67,74,35,45849,81920,91.52,400.00,1410,47
6007.73,100,48,45849,81920,358.92,400.00,1410,55
6012.79,100,57,45849,81920,308.44,400.00,1410,54
6017.85,100,48,45849,81920,324.70,400.00,1410,53
6022.91,100,50,45849,81920,312.16,400.00,1410,53
6027.97,100,49,45849,81920,355.32,400.00,1410,54
6033.03,100,55,45849,81920,270.83,400.00,1410,49
6038.09,100,59,45849,81920,281.56,400.00,1410,49
6043.15,100,62,45849,81920,286.44,400.00,1410,49
6048.21,100,65,45849,81920,293.85,400.00,1410,50
6053.27,100,55,45849,81920,376.00,400.00,1410,55
6058.33,100,45,45849,81920,392.59,400.00,1410,58
6063.39,94,47,45849,81920,381.65,400.00,1410,56
6068.45,100,50,45849,81920,353.52,400.00,1410,55
6073.51,97,75,45849,81920,337.46,400.00,1410,55
6078.57,100,50,45849,81920,368.79,400.00,1410,55
6083.63,100,50,45849,81920,257.90,400.00,1410,50
6088.69,100,56,45849,81920,277.98,400.00,1410,50
6093.75,100,62,45849,81920,291.67,400.00,1410,50
6098.81,100,66,45849,81920,303.90,400.00,1410,51
6103.92,100,68,45849,81920,307.88,400.00,1410,51
6108.99,100,55,45849,81920,371.26,400.00,1410,55
6114.05,100,36,45849,81920,379.40,400.00,1410,57
6119.14,100,58,45849,81920,350.16,400.00,1410,54
6124.26,94,46,45849,81920,293.85,400.00,1395,54
6129.32,100,51,45849,81920,351.60,400.00,1410,55
6134.38,100,51,45849,81920,329.65,400.00,1410,55
6139.47,100,52,45849,81920,261.64,400.00,1410,50
6144.53,100,56,45849,81920,268.84,400.00,1410,49
6149.58,100,60,45849,81920,278.55,400.00,1410,49
6154.64,100,63,45849,81920,285.92,400.00,1410,49
6159.69,100,49,45849,81920,346.58,400.00,1395,53
6164.75,100,45,45849,81920,370.11,400.00,1410,56
6169.82,100,50,45849,81920,304.19,400.00,1410,53
6174.88,97,66,45849,81920,347.70,400.00,1410,54
6179.94,94,48,45849,81920,368.36,400.00,1410,55
6185.02,100,50,45849,81920,343.03,400.00,1410,54
6190.08,100,50,45849,81920,329.92,400.00,1410,55
6195.14,100,55,45849,81920,268.36,400.00,1410,49
6200.2,93,56,45849,81920,281.88,400.00,1410,49
6205.25,100,61,45849,81920,285.33,400.00,1410,49
6210.31,100,63,45849,81920,288.97,400.00,1410,49
6215.37,100,55,45849,81920,359.76,400.00,1410,54
6220.48,100,45,45849,81920,391.47,400.00,1410,56
6225.54,98,79,45849,81920,375.08,400.00,1410,54
6230.6,94,47,45849,81920,274.43,400.00,1395,52
6235.66,100,51,45849,81920,361.69,400.00,1410,54
6240.72,97,78,45849,81920,374.00,400.00,1410,54
6245.78,62,38,45849,81920,260.11,400.00,1410,50
6250.84,100,55,45849,81920,266.21,400.00,1410,49
6255.9,100,56,45849,81920,256.48,400.00,1410,48
6260.95,100,58,45849,81920,259.50,400.00,1410,48
6266.01,100,50,45849,81920,371.60,400.00,1410,51
6271.07,100,55,45849,81920,371.16,400.00,1410,54
6276.13,73,36,45849,81920,370.71,400.00,1410,55
6281.19,100,50,45849,81920,351.33,400.00,1410,54
6286.25,97,70,45849,81920,261.39,400.00,1410,54
6291.31,100,51,45849,81920,273.12,400.00,1410,54
6296.36,100,51,45849,81920,319.85,400.00,1410,54
6301.42,100,54,45849,81920,262.34,400.00,1410,49
6306.47,100,60,45849,81920,280.79,400.00,1410,50
6311.53,100,62,45849,81920,286.55,400.00,1410,50
6316.58,100,62,45849,81920,291.99,400.00,1410,50
6321.64,100,60,45849,81920,377.35,400.00,1410,54
6326.71,100,46,45849,81920,397.94,400.00,1380,56
6331.76,100,61,45849,81920,360.49,400.00,1410,54
6336.82,94,48,45849,81920,367.07,400.00,1410,55
6341.87,100,51,45849,81920,356.48,400.00,1410,54
6346.93,97,75,45849,81920,345.88,400.00,1410,54
6351.99,100,62,45849,81920,306.86,400.00,1410,54
6357.04,69,38,45849,81920,267.19,400.00,1410,49
6362.1,100,60,45849,81920,286.23,400.00,1410,50
6367.15,100,63,45849,81920,292.62,400.00,1410,50
6372.22,36,24,45849,81920,302.93,400.00,1410,49
6377.28,100,50,45849,81920,366.75,400.00,1410,54
6382.33,100,45,45849,81920,386.15,400.00,1395,56
6387.39,95,47,45849,81920,377.08,400.00,1380,56
6392.44,100,51,45849,81920,329.77,400.00,1410,55
6397.5,97,79,45849,81920,325.00,400.00,1410,54
6402.55,100,57,45849,81920,250.81,400.00,1410,53
6407.61,100,51,45849,81920,351.31,400.00,1410,55
6412.66,100,54,45849,81920,262.67,400.00,1410,49
6417.72,100,58,45849,81920,274.73,400.00,1410,49
6422.77,100,61,45849,81920,285.65,400.00,1410,49
6427.82,100,63,45849,81920,292.02,400.00,1410,49
6432.87,100,48,45849,81920,368.49,400.00,1410,54
6437.93,100,44,45849,81920,383.90,400.00,1410,56
6442.98,100,48,45849,81920,366.15,400.00,1410,53
6448.04,100,51,45849,81920,360.11,400.00,1410,54
6453.09,100,51,45849,81920,348.33,400.00,1410,54
6458.18,100,50,45849,81920,422.29,400.00,1410,53
6463.24,100,50,45849,81920,258.70,400.00,1410,49
6468.29,100,58,45849,81920,275.98,400.00,1410,49
6473.35,100,62,45849,81920,292.02,400.00,1410,49
6478.4,100,66,45849,81920,302.89,400.00,1410,50
6483.46,100,69,45849,81920,314.68,400.00,1410,51
6488.51,100,50,45849,81920,322.57,400.00,1395,54
6493.56,100,45,45849,81920,396.10,400.00,1410,57
6498.61,97,78,45849,81920,350.44,400.00,1410,54
6503.67,100,51,45849,81920,363.76,400.00,1410,55
6508.72,100,51,45849,81920,362.83,400.00,1410,54
6513.78,100,50,45849,81920,377.08,400.00,1395,54
6518.83,100,51,45849,81920,260.49,400.00,1410,50
6523.87,100,58,45849,81920,281.11,400.00,1410,50
6528.93,100,62,45849,81920,293.84,400.00,1410,50
6533.98,100,67,45849,81920,305.33,400.00,1410,50
6539.04,100,69,45849,81920,312.89,400.00,1410,51
6544.09,100,61,45849,81920,360.72,400.00,1395,55
6549.15,100,45,45849,81920,330.10,400.00,1395,56
6554.21,100,51,45849,81920,371.20,400.00,1410,54
6559.27,100,51,45849,81920,362.73,400.00,1410,55
6564.33,100,54,45849,81920,313.22,400.00,1410,52
6569.38,100,51,45849,81920,331.04,400.00,1410,55
6574.44,100,52,45849,81920,262.67,400.00,1410,50
6579.5,100,58,45849,81920,279.90,400.00,1410,50
6584.55,100,63,45849,81920,288.70,400.00,1410,50
6589.66,100,65,45849,81920,300.77,400.00,1410,51
6594.71,0,0,45849,81920,86.94,400.00,1410,43
6599.76,100,55,45849,81920,379.79,400.00,1410,56
6604.84,100,45,45849,81920,397.21,400.00,1410,59
6609.9,100,50,45849,81920,373.70,400.00,1365,56
6614.96,100,50,45849,81920,371.53,400.00,1410,58
6620.01,100,51,45849,81920,356.75,400.00,1410,57
6625.11,100,50,45849,81920,357.67,400.00,1410,57
6630.17,100,52,45849,81920,258.10,400.00,1410,51
6635.27,100,55,45849,81920,268.11,400.00,1410,50
6640.35,100,57,45849,81920,267.51,400.00,1410,49
6645.4,100,58,45849,81920,258.70,400.00,1410,48
6650.49,100,50,45849,81920,346.14,400.00,1410,54
6655.58,100,37,45849,81920,376.04,400.00,1410,57
6660.64,100,50,45849,81920,324.30,400.00,1410,53
6665.7,94,47,45849,81920,346.01,400.00,1410,54
6670.75,100,51,45849,81920,326.62,400.00,1410,54
6675.81,100,50,45849,81920,288.05,400.00,1410,52
6680.87,100,51,45849,81920,258.70,400.00,1410,49
6685.93,100,58,45849,81920,274.80,400.00,1410,49
6690.99,100,61,45849,81920,288.30,400.00,1410,50
6696.05,100,63,45849,81920,293.50,400.00,1410,50
6701.11,82,54,45849,81920,88.36,400.00,1410,45
6706.16,100,53,45849,81920,369.11,400.00,1410,56
6711.22,100,42,45849,81920,409.39,400.00,1410,58
6716.28,97,78,45849,81920,360.49,400.00,1410,55
6721.34,100,50,45849,81920,357.81,400.00,1410,56
6726.39,100,51,45849,81920,328.14,400.00,1410,54
6731.46,100,61,45849,81920,329.86,400.00,1410,55
6736.51,100,53,45849,81920,265.45,400.00,1410,50
6741.58,100,58,45849,81920,282.22,400.00,1410,50
6746.64,100,60,45849,81920,281.91,400.00,1410,50
6751.7,100,63,45849,81920,292.90,400.00,1410,50
6756.76,100,49,45849,81920,469.52,400.00,1395,53
6761.82,100,36,45849,81920,372.95,400.00,1395,56
6766.88,100,51,45849,81920,321.04,400.00,1410,53
6771.94,100,59,45849,81920,371.48,400.00,1410,55
6777.0,100,50,45849,81920,341.07,400.00,1410,54
6782.06,94,47,45849,81920,366.31,400.00,1410,56
6787.11,100,51,45849,81920,348.61,400.00,1410,54
6792.18,100,56,45849,81920,273.02,400.00,1410,50
6797.23,100,57,45849,81920,276.01,400.00,1410,49
6802.32,100,59,45849,81920,273.35,400.00,1410,49
6807.38,100,58,45849,81920,266.98,400.00,1410,48
6812.43,100,58,45849,81920,387.14,400.00,1395,54
6817.49,100,46,45849,81920,310.58,400.00,1410,56
6822.55,100,51,45849,81920,306.91,400.00,1410,53
6827.61,100,50,45849,81920,326.87,400.00,1410,53
6832.66,100,51,45849,81920,358.37,400.00,1410,54
6837.72,100,51,45849,81920,263.16,400.00,1410,53
6842.79,100,52,45849,81920,260.58,400.00,1410,49
6847.89,50,28,45849,81920,265.00,400.00,1410,48
6852.95,100,60,45849,81920,280.02,400.00,1410,49
6858.02,100,61,45849,81920,280.95,400.00,1410,49
6863.17,100,59,45849,81920,360.21,400.00,1410,53
6868.3,100,49,45849,81920,401.02,400.00,1380,56
6873.36,95,47,45849,81920,370.55,400.00,1410,54
6878.48,100,52,45849,81920,318.82,400.00,1410,54
6883.55,97,78,45849,81920,342.10,400.00,1410,53
6888.62,95,48,45849,81920,359.48,400.00,1410,55
6893.68,100,52,45849,81920,336.34,400.00,1410,54
6898.75,100,55,45849,81920,269.35,400.00,1410,49
6903.81,100,58,45849,81920,278.23,400.00,1410,49
6908.87,100,60,45849,81920,234.08,400.00,1410,49
6913.94,100,60,45849,81920,275.73,400.00,1410,49
6919.0,100,60,45849,81920,377.36,400.00,1410,54
6924.06,100,47,45849,81920,440.56,400.00,1335,57
6929.13,95,47,45849,81920,370.01,400.00,1410,55
6934.19,100,50,45849,81920,318.44,400.00,1410,54
6939.24,97,69,45849,81920,356.11,400.00,1410,54
6944.3,98,49,45849,81920,275.35,400.00,1410,53
6949.37,100,51,45849,81920,260.49,400.00,1410,50
6954.43,100,56,45849,81920,274.70,400.00,1410,49
6959.49,100,59,45849,81920,280.48,400.00,1410,49
6964.55,100,63,45849,81920,294.14,400.00,1410,50
6969.61,77,51,45849,81920,90.35,400.00,1410,46
6974.66,100,55,45849,81920,369.09,400.00,1410,55
6979.73,100,36,45849,81920,404.15,400.00,1410,57
6984.79,94,47,45849,81920,380.46,400.00,1410,55
6989.86,100,50,45849,81920,365.33,400.00,1410,55
6994.92,100,48,45849,81920,278.97,400.00,1395,54
6999.98,100,51,45849,81920,206.20,400.00,1410,54
7005.05,100,53,45849,81920,266.31,400.00,1410,50
7010.16,100,58,45849,81920,273.51,400.00,1410,50
7015.23,100,61,45849,81920,280.46,400.00,1410,50
7020.29,100,60,45849,81920,275.45,400.00,1410,49
7025.35,100,54,45849,81920,371.65,400.00,1350,53
7030.41,100,36,45849,81920,383.01,400.00,1395,55
7035.49,97,74,45849,81920,320.84,400.00,1410,54
7040.55,100,51,45849,81920,366.91,400.00,1410,55
7045.61,100,51,45849,81920,311.70,400.00,1410,54
7050.67,95,47,45849,81920,367.45,400.00,1395,53
7055.73,100,51,45849,81920,355.32,400.00,1410,54
7060.8,100,53,45849,81920,262.07,400.00,1410,49
7065.86,100,57,45849,81920,268.71,400.00,1410,49
7070.92,100,57,45849,81920,263.86,400.00,1410,48
7075.97,100,61,45849,81920,275.66,400.00,1410,48
7081.03,100,49,45849,81920,313.22,400.00,1395,53
7086.09,100,44,45849,81920,393.30,400.00,1410,57
7091.15,97,49,45849,81920,352.20,400.00,1410,54
7096.21,100,50,45849,81920,304.14,400.00,1410,53
7101.26,100,59,45849,81920,369.19,400.00,1410,52
7106.32,95,46,45849,81920,366.15,400.00,1410,55
7111.37,100,50,45849,81920,261.15,400.00,1410,50
7116.43,100,56,45849,81920,270.87,400.00,1410,49
7121.49,100,61,45849,81920,287.78,400.00,1410,50
7126.54,100,65,45849,81920,292.94,400.00,1410,51
7131.6,100,66,45849,81920,295.06,400.00,1410,51
7136.66,100,49,45849,81920,377.55,400.00,1410,56
7141.71,100,36,45849,81920,400.52,400.00,1395,59
7146.77,100,51,45849,81920,325.86,400.00,1410,56
7151.82,100,50,45849,81920,305.94,400.00,1395,55
7156.88,100,51,45849,81920,331.04,400.00,1410,57
7161.94,97,78,45849,81920,328.31,400.00,1410,57
7166.99,61,31,45849,81920,255.38,400.00,1410,51
7172.05,100,57,45849,81920,282.32,400.00,1410,52
7177.1,100,59,45849,81920,283.57,400.00,1410,51
7182.16,100,60,45849,81920,273.85,400.00,1410,50
7187.21,100,55,45849,81920,366.69,400.00,1410,53
7192.27,100,48,45849,81920,347.63,400.00,1395,56
7197.32,97,75,45849,81920,324.07,400.00,1410,53
7202.38,100,49,45849,81920,352.10,400.00,1395,53
7207.43,100,51,45849,81920,333.74,400.00,1410,55
7212.49,98,67,45849,81920,342.20,400.00,1410,56
7217.55,82,41,45849,81920,372.45,400.00,1410,56
7222.61,100,54,45849,81920,269.62,400.00,1410,52
7227.66,100,58,45849,81920,281.46,400.00,1410,52
7232.71,100,61,45849,81920,285.96,400.00,1410,52
7237.77,100,62,45849,81920,288.68,400.00,1410,51
7242.83,100,55,45849,81920,364.79,400.00,1410,56
7247.88,100,45,45849,81920,387.14,400.00,1410,58
7252.94,100,51,45849,81920,323.15,400.00,1410,56
7257.99,100,59,45849,81920,314.36,400.00,1395,55
7263.05,95,48,45849,81920,332.47,400.00,1410,55
7268.13,100,50,45849,81920,352.70,400.00,1410,56
7273.19,56,34,45849,81920,261.14,400.00,1410,51
7278.24,100,55,45849,81920,266.58,400.00,1410,50
7283.3,53,31,45849,81920,262.07,400.00,1410,49
7288.36,100,61,45849,81920,284.14,400.00,1410,51
7293.42,100,60,45849,81920,88.73,400.00,1410,45
7298.47,100,49,45849,81920,360.01,400.00,1365,57
7303.53,100,44,45849,81920,376.03,400.00,1410,59
7308.58,100,51,45849,81920,306.54,400.00,1410,55
7313.64,100,59,45849,81920,383.90,400.00,1410,57
7318.69,100,51,45849,81920,326.20,400.00,1410,56
7323.75,95,47,45849,81920,359.15,400.00,1410,56
7328.8,100,52,45849,81920,266.91,400.00,1410,51
7333.86,100,59,45849,81920,281.11,400.00,1410,50
7338.91,100,64,45849,81920,299.90,400.00,1410,51
7343.97,100,66,45849,81920,307.14,400.00,1410,51
7349.03,0,0,45849,81920,86.53,400.00,1410,42
7354.09,100,50,45849,81920,468.98,400.00,1335,56
7359.15,100,45,45849,81920,395.01,400.00,1365,56
7364.21,100,53,45849,81920,290.50,400.00,1395,53
7369.28,100,51,45849,81920,343.08,400.00,1410,57
7374.34,100,51,45849,81920,338.24,400.00,1410,57
7379.39,100,62,45849,81920,327.98,400.00,1410,57
7384.45,100,53,45849,81920,266.31,400.00,1410,52
7389.51,100,59,45849,81920,283.25,400.00,1410,51
7394.57,100,63,45849,81920,298.34,400.00,1410,51
7399.63,100,66,45849,81920,305.61,400.00,1410,52
7404.69,84,41,45849,81920,347.04,400.00,1410,53
7409.75,100,48,45849,81920,385.42,400.00,1410,56
7414.81,100,49,45849,81920,387.73,400.00,1410,58
7419.86,100,51,45849,81920,339.49,400.00,1410,55
7424.92,94,48,45849,81920,370.01,400.00,1410,56
7429.98,100,51,45849,81920,370.01,400.00,1410,56
7435.04,100,51,45849,81920,369.62,400.00,1410,57
7440.1,58,30,45849,81920,265.39,400.00,1410,51
7445.16,100,56,45849,81920,274.45,400.00,1410,51
7450.22,100,59,45849,81920,278.69,400.00,1410,51
7455.28,100,59,45849,81920,278.70,400.00,1410,50
7460.33,100,55,45849,81920,323.15,400.00,1395,54
7465.39,100,44,45849,81920,380.60,400.00,1410,57
7470.45,100,50,45849,81920,361.69,400.00,1410,55
7475.51,97,65,45849,81920,320.44,400.00,1395,54
7480.57,100,51,45849,81920,360.61,400.00,1410,55
7485.63,100,50,45849,81920,355.92,400.00,1410,55
7490.72,100,50,45849,81920,316.86,400.00,1410,55
7495.78,100,54,45849,81920,262.05,400.00,1410,51
7500.89,100,54,45849,81920,258.58,400.00,1410,50
7505.95,100,60,45849,81920,268.43,400.00,1410,50
7511.01,100,61,45849,81920,88.00,400.00,1410,44
7516.07,100,51,45849,81920,372.36,400.00,1410,55
7521.13,99,36,45849,81920,391.78,400.00,1320,58
7526.19,98,64,45849,81920,324.15,400.00,1410,54
7531.25,100,49,45849,81920,437.42,400.00,1350,57
7536.32,100,50,45849,81920,323.83,400.00,1410,54
7541.38,100,49,45849,81920,329.33,400.00,1410,54
7546.44,100,53,45849,81920,261.75,400.00,1410,49
7551.5,100,57,45849,81920,266.86,400.00,1410,49
7556.61,100,58,45849,81920,270.55,400.00,1410,49
7561.67,100,58,45849,81920,271.98,400.00,1410,48
7566.73,100,54,45849,81920,346.24,400.00,1410,54
7571.79,100,44,45849,81920,369.96,400.00,1410,56
7576.85,94,47,45849,81920,355.88,400.00,1410,54
7581.91,100,51,45849,81920,343.87,400.00,1410,54
7586.97,100,55,45849,81920,369.40,400.00,1410,55
7592.03,94,47,45849,81920,365.77,400.00,1410,55
7597.09,100,51,45849,81920,258.70,400.00,1410,50
7602.15,100,57,45849,81920,276.26,400.00,1410,51
7607.21,76,47,45849,81920,288.68,400.00,1410,50
7612.27,100,65,45849,81920,306.96,400.00,1410,51
7617.33,100,66,45849,81920,304.80,400.00,1410,51
7622.39,100,49,45849,81920,308.49,400.00,1395,55
7627.46,100,41,45849,81920,332.56,400.00,1380,58
7632.52,100,51,45849,81920,355.51,400.00,1410,55
7637.58,100,50,45849,81920,373.05,400.00,1410,55
7642.68,97,78,45849,81920,359.74,400.00,1410,55
7647.75,100,50,45849,81920,199.94,400.00,1410,55
7652.81,100,52,45849,81920,262.07,400.00,1410,50
7657.87,100,56,45849,81920,279.92,400.00,1410,50
7662.93,100,60,45849,81920,283.22,400.00,1410,50
7667.99,100,63,45849,81920,294.73,400.00,1410,50
7673.06,100,54,45849,81920,335.60,400.00,1395,53
7678.12,100,56,45849,81920,378.15,400.00,1410,56
7683.18,100,49,45849,81920,423.33,400.00,1410,51
7688.25,100,51,45849,81920,353.99,400.00,1410,55
7693.31,100,49,45849,81920,222.40,400.00,1410,52
7698.38,100,59,45849,81920,362.83,400.00,1410,56
7703.43,100,56,45849,81920,341.96,400.00,1410,55
7708.5,100,53,45849,81920,264.74,400.00,1410,50
7713.56,100,57,45849,81920,271.73,400.00,1410,49
7718.62,100,60,45849,81920,284.72,400.00,1410,50
7723.68,100,62,45849,81920,288.41,400.00,1410,50
7728.76,100,48,45849,81920,311.69,400.00,1410,53
7733.85,100,45,45849,81920,383.63,400.00,1410,56
7738.93,94,47,45849,81920,378.15,400.00,1410,55
7743.99,100,50,45849,81920,332.89,400.00,1410,55
7749.05,100,50,45849,81920,305.01,400.00,1410,54
7754.11,100,59,45849,81920,376.93,400.00,1395,53
7759.18,100,50,45849,81920,330.19,400.00,1410,55
7764.24,100,55,45849,81920,272.09,400.00,1410,50
7769.3,100,59,45849,81920,284.30,400.00,1410,50
7774.36,100,61,45849,81920,290.52,400.00,1410,50
7779.42,100,65,45849,81920,298.66,400.00,1410,50
7784.48,100,49,45849,81920,369.08,400.00,1410,54
7789.55,100,44,45849,81920,332.81,400.00,1395,56
7794.6,100,51,45849,81920,317.78,400.00,1410,54
7799.67,95,47,45849,81920,357.62,400.00,1410,55
7804.73,100,50,45849,81920,328.05,400.00,1410,54
7809.79,100,67,45849,81920,323.70,400.00,1410,55
7814.85,100,51,45849,81920,123.94,400.00,1410,53
7819.91,100,56,45849,81920,271.71,400.00,1410,50
7824.97,100,61,45849,81920,290.47,400.00,1410,50
7830.03,100,63,45849,81920,289.00,400.00,1410,50
7835.09,100,64,45849,81920,298.39,400.00,1410,50
7840.16,100,55,45849,81920,363.98,400.00,1410,54
7845.21,100,44,45849,81920,388.27,400.00,1410,57
7850.27,98,61,45849,81920,259.03,400.00,1410,54
7855.33,60,30,45849,81920,141.27,400.00,1410,53
7860.4,100,51,45849,81920,365.01,400.00,1410,55
7865.46,100,48,45849,81920,365.88,400.00,1410,54
7870.52,60,31,45849,81920,257.24,400.00,1410,50
7875.58,100,56,45849,81920,270.46,400.00,1410,50
7880.65,100,58,45849,81920,277.43,400.00,1410,50
7885.7,100,60,45849,81920,278.39,400.00,1410,49
7890.77,100,55,45849,81920,309.89,400.00,1395,51
7895.83,100,61,45849,81920,393.30,400.00,1395,55
7900.92,78,38,45849,81920,294.71,400.00,1410,51
7905.98,100,51,45849,81920,348.92,400.00,1410,54
7911.04,100,52,45849,81920,343.43,400.00,1410,53
7916.14,97,77,45849,81920,288.05,400.00,1410,52
7921.2,100,51,45849,81920,320.77,400.00,1410,53
7926.26,100,54,45849,81920,268.39,400.00,1410,49
7931.31,100,58,45849,81920,270.83,400.00,1410,49
7936.38,100,58,45849,81920,269.30,400.00,1410,49
7941.46,100,55,45849,81920,251.14,400.00,1410,48
7946.51,100,55,45849,81920,360.39,400.00,1410,55
7951.58,100,36,45849,81920,390.39,400.00,1350,58
7956.63,95,47,45849,81920,276.26,400.00,1410,55
7961.69,100,51,45849,81920,347.04,400.00,1410,57
7966.75,100,51,45849,81920,343.72,400.00,1410,57
7971.81,100,50,45849,81920,296.26,400.00,1395,56
7976.87,100,51,45849,81920,262.67,400.00,1410,52
7981.96,100,56,45849,81920,272.66,400.00,1410,51
7987.07,100,60,45849,81920,281.75,400.00,1410,51
7992.13,100,63,45849,81920,291.12,400.00,1410,51
7997.22,0,0,45849,81920,348.23,400.00,1410,50
8002.28,100,55,45849,81920,367.18,400.00,1410,55
8007.34,18,15,45849,81920,93.58,400.00,1410,47
8012.4,100,59,45849,81920,388.06,400.00,1410,56
8017.49,97,67,45849,81920,340.36,400.00,1410,55
8022.56,95,48,45849,81920,359.64,400.00,1410,56
8027.62,100,51,45849,81920,356.01,400.00,1410,56
8032.72,100,53,45849,81920,267.78,400.00,1410,51
8037.77,100,59,45849,81920,284.74,400.00,1410,52
8042.83,100,63,45849,81920,294.11,400.00,1410,52
8047.89,100,67,45849,81920,308.33,400.00,1410,52
8052.94,100,53,45849,81920,371.80,400.00,1410,54
8058.0,100,38,45849,81920,382.11,400.00,1395,57
8063.05,97,67,45849,81920,326.79,400.00,1410,55
8068.11,94,47,45849,81920,367.89,400.00,1410,56
8073.16,100,51,45849,81920,375.37,400.00,1410,56
8078.22,97,78,45849,81920,397.21,400.00,1395,55
8083.27,100,51,45849,81920,352.47,400.00,1410,57
8088.33,100,52,45849,81920,264.51,400.00,1410,51
8093.38,100,56,45849,81920,275.39,400.00,1410,52
8098.44,100,62,45849,81920,288.41,400.00,1410,51
8103.49,100,65,45849,81920,296.26,400.00,1410,52
8108.55,100,60,45849,81920,331.29,400.00,1395,55
8113.61,100,49,45849,81920,405.40,400.00,1380,58
8118.66,97,75,45849,81920,310.45,400.00,1410,54
8123.72,100,51,45849,81920,331.04,400.00,1410,54
8128.78,100,51,45849,81920,325.27,400.00,1410,55
8133.83,95,47,45849,81920,367.89,400.00,1410,55
8138.9,100,50,45849,81920,325.61,400.00,1410,55
8143.95,100,54,45849,81920,266.31,400.00,1410,51
8149.01,100,57,45849,81920,274.42,400.00,1410,51
8154.07,100,60,45849,81920,281.46,400.00,1410,51
8159.13,100,63,45849,81920,290.79,400.00,1410,51
8164.18,100,60,45849,81920,367.56,400.00,1410,56
8169.24,100,50,45849,81920,399.65,400.00,1395,58
8174.3,100,59,45849,81920,361.16,400.00,1410,54
8179.37,98,79,45849,81920,425.21,400.00,1395,55
8184.42,95,49,45849,81920,382.71,400.00,1410,56
8189.48,100,51,45849,81920,363.38,400.00,1410,55
8194.54,100,50,45849,81920,255.12,400.00,1410,49
8199.59,100,55,45849,81920,263.27,400.00,1410,50
8204.65,100,58,45849,81920,275.66,400.00,1410,50
8209.71,100,63,45849,81920,290.79,400.00,1410,51
8214.81,0,0,45849,81920,87.21,400.00,1410,44
8219.87,100,54,45849,81920,317.12,400.00,1410,56
8224.93,100,44,45849,81920,91.79,400.00,1395,50
8229.99,100,51,45849,81920,369.62,400.00,1410,55
8235.05,96,47,45849,81920,381.51,400.00,1410,56
8240.11,94,53,45849,81920,382.71,400.00,1410,56
8245.17,94,47,45849,81920,379.60,400.00,1410,56
8250.23,100,53,45849,81920,264.46,400.00,1410,50
8255.36,100,59,45849,81920,279.34,400.00,1410,50
8260.41,100,61,45849,81920,288.07,400.00,1410,51
8265.47,100,63,45849,81920,289.00,400.00,1410,51
8270.53,100,61,45849,81920,377.14,400.00,1410,56
8275.59,100,49,45849,81920,422.72,400.00,1320,58
8280.65,100,50,45849,81920,330.44,400.00,1410,55
8285.71,95,47,45849,81920,426.54,400.00,1395,56
8290.78,95,47,45849,81920,380.58,400.00,1410,56
8295.84,100,50,45849,81920,375.44,400.00,1410,56
8300.9,100,49,45849,81920,258.70,400.00,1410,51
8305.96,100,55,45849,81920,269.86,400.00,1410,50
8311.06,100,60,45849,81920,287.45,400.00,1410,50
8316.12,100,63,45849,81920,295.04,400.00,1410,50
8321.18,100,64,45849,81920,296.58,400.00,1410,50
8326.24,100,57,45849,81920,371.80,400.00,1395,55
8331.31,100,49,45849,81920,291.69,400.00,1395,57
8336.37,100,50,45849,81920,351.44,400.00,1395,54
8341.43,100,51,45849,81920,331.73,400.00,1410,56
8346.49,97,73,45849,81920,377.74,400.00,1410,56
8351.55,100,51,45849,81920,377.55,400.00,1410,57
8356.61,100,51,45849,81920,259.84,400.00,1410,52
8361.67,100,55,45849,81920,265.88,400.00,1410,50
8366.74,100,57,45849,81920,273.63,400.00,1410,50
8371.8,100,60,45849,81920,273.91,400.00,1410,49
8376.85,100,55,45849,81920,357.43,400.00,1410,52
8381.91,100,55,45849,81920,347.40,400.00,1395,55
8386.98,100,49,45849,81920,317.45,400.00,1410,53
8392.03,97,63,45849,81920,292.02,400.00,1410,54
8397.09,100,51,45849,81920,347.31,400.00,1410,54
8402.16,100,51,45849,81920,310.17,400.00,1410,54
8407.22,97,78,45849,81920,305.46,400.00,1380,54
8412.28,100,54,45849,81920,269.40,400.00,1410,50
8417.34,100,57,45849,81920,279.15,400.00,1410,50
8422.4,100,59,45849,81920,277.50,400.00,1410,49
8427.46,100,59,45849,81920,276.83,400.00,1410,49
8432.52,100,54,45849,81920,357.40,400.00,1410,54
8437.58,100,45,45849,81920,382.38,400.00,1410,57
8442.64,100,51,45849,81920,367.29,400.00,1410,54
8447.71,100,51,45849,81920,337.38,400.00,1410,54
8452.76,95,47,45849,81920,357.40,400.00,1380,56
8457.83,100,51,45849,81920,310.16,400.00,1410,54
8462.9,100,49,45849,81920,250.48,400.00,1410,50
8467.96,100,54,45849,81920,265.39,400.00,1410,49
8473.02,100,59,45849,81920,279.88,400.00,1410,50
8478.08,100,61,45849,81920,289.87,400.00,1410,50
8483.21,100,64,45849,81920,300.52,400.00,1410,50
8488.27,100,54,45849,81920,347.76,400.00,1410,54
8493.34,100,42,45849,81920,383.11,400.00,1410,57
8498.4,100,51,45849,81920,342.23,400.00,1410,54
8503.58,100,50,45849,81920,318.92,400.00,1410,54
8508.65,95,48,45849,81920,357.90,400.00,1410,55
8513.7,100,51,45849,81920,332.89,400.00,1410,54
8518.76,100,51,45849,81920,262.89,400.00,1410,50
8523.83,100,57,45849,81920,276.26,400.00,1410,50
8528.89,100,63,45849,81920,294.71,400.00,1410,50
8533.95,100,66,45849,81920,302.32,400.00,1410,51
8539.03,8,5,45849,81920,93.40,400.00,1410,44
8544.11,100,55,45849,81920,361.09,400.00,1410,55
8549.17,100,45,45849,81920,311.57,400.00,1395,57
8554.23,95,48,45849,81920,368.13,400.00,1410,55
8559.29,100,50,45849,81920,366.59,400.00,1410,55
8564.35,100,50,45849,81920,324.67,400.00,1410,55
8569.41,100,49,45849,81920,378.15,400.00,1410,56
8574.47,100,52,45849,81920,263.54,400.00,1410,50
8579.54,100,57,45849,81920,277.18,400.00,1410,50
8584.6,100,63,45849,81920,297.76,400.00,1410,50
8589.66,100,66,45849,81920,303.28,400.00,1410,51
8594.72,0,0,45849,81920,85.78,400.00,1410,42
8599.78,100,55,45849,81920,360.17,400.00,1410,55
8604.84,12,6,45849,81920,90.12,400.00,1410,51
8609.95,100,51,45849,81920,367.94,400.00,1410,54
8615.0,100,50,45849,81920,284.16,400.00,1395,52
8620.07,100,62,45849,81920,288.35,400.00,1410,52
8625.13,95,47,45849,81920,326.28,400.00,1380,56
8630.19,100,54,45849,81920,271.70,400.00,1410,51
8635.3,100,60,45849,81920,285.92,400.00,1410,52
8640.36,100,64,45849,81920,294.14,400.00,1410,51
8645.42,100,67,45849,81920,303.24,400.00,1410,52
8650.49,100,54,45849,81920,352.04,400.00,1410,55
8655.58,100,45,45849,81920,416.80,400.00,1395,56
8660.64,95,47,45849,81920,370.17,400.00,1410,56
8665.7,100,50,45849,81920,327.06,400.00,1410,55
8670.76,97,69,45849,81920,334.43,400.00,1395,54
8675.84,100,51,45849,81920,371.37,400.00,1410,55
8680.91,100,51,45849,81920,368.49,400.00,1410,56
8685.97,100,55,45849,81920,272.31,400.00,1410,50
8691.03,100,59,45849,81920,282.31,400.00,1410,50
8696.09,100,62,45849,81920,287.18,400.00,1410,50
8701.15,100,65,45849,81920,293.81,400.00,1410,50
8706.22,99,54,45849,81920,358.27,400.00,1410,55
8711.28,100,42,45849,81920,386.15,400.00,1395,57
8716.33,100,50,45849,81920,396.61,400.00,1395,54
8721.39,100,51,45849,81920,318.92,400.00,1410,55
8726.44,97,78,45849,81920,362.24,400.00,1410,55
8731.5,94,47,45849,81920,367.35,400.00,1410,56
8736.56,58,29,45849,81920,258.97,400.00,1410,51
8741.61,100,57,45849,81920,282.02,400.00,1410,52
8746.67,100,62,45849,81920,294.41,400.00,1410,52
8751.72,100,65,45849,81920,302.62,400.00,1410,53
8756.79,100,65,45849,81920,298.38,400.00,1410,53
8761.85,100,61,45849,81920,370.82,400.00,1410,57
8766.91,100,49,45849,81920,401.35,400.00,1380,58
8771.97,97,70,45849,81920,322.82,400.00,1410,55
8777.03,97,79,45849,81920,370.60,400.00,1410,56
8782.08,95,47,45849,81920,372.72,400.00,1410,56
8787.14,100,51,45849,81920,327.97,400.00,1410,56
8792.2,100,51,45849,81920,262.07,400.00,1410,50
8797.25,100,56,45849,81920,273.85,400.00,1410,50
8802.31,100,59,45849,81920,277.22,400.00,1410,50
8807.36,100,63,45849,81920,291.12,400.00,1410,50
8812.42,100,55,45849,81920,360.01,400.00,1410,54
8817.48,100,47,45849,81920,403.28,400.00,1410,58
8822.53,100,51,45849,81920,375.05,400.00,1410,56
8827.58,95,47,45849,81920,367.83,400.00,1410,57
8832.64,100,51,45849,81920,345.20,400.00,1410,56
8837.7,97,77,45849,81920,357.26,400.00,1410,56
8842.75,95,47,45849,81920,370.01,400.00,1410,57
8847.81,100,54,45849,81920,266.90,400.00,1410,50
8852.86,100,58,45849,81920,281.13,400.00,1410,50
8857.92,100,61,45849,81920,286.89,400.00,1410,50
8862.98,100,63,45849,81920,289.87,400.00,1410,50
8868.03,100,54,45849,81920,364.58,400.00,1410,55
8873.09,100,42,45849,81920,301.38,400.00,1395,58
8878.14,100,62,45849,81920,347.31,400.00,1410,55
8883.2,100,51,45849,81920,357.85,400.00,1410,56
8888.25,100,51,45849,81920,339.49,400.00,1410,55
8893.31,100,51,45849,81920,353.67,400.00,1410,56
8898.37,100,51,45849,81920,285.93,400.00,1410,52
8903.43,100,54,45849,81920,268.42,400.00,1410,50
8908.48,100,58,45849,81920,277.18,400.00,1410,50
8913.53,100,61,45849,81920,283.83,400.00,1410,50
8918.59,100,63,45849,81920,290.17,400.00,1410,51
8923.65,100,49,45849,81920,345.04,400.00,1395,56
8928.7,100,36,45849,81920,408.29,400.00,1410,59
8933.76,100,51,45849,81920,377.49,400.00,1410,56
8938.82,97,64,45849,81920,369.95,400.00,1410,56
8943.88,100,50,45849,81920,376.89,400.00,1410,57
8948.94,100,50,45849,81920,371.20,400.00,1410,56
8954.0,100,52,45849,81920,263.27,400.00,1410,51
8959.07,100,57,45849,81920,273.58,400.00,1410,50
8964.16,100,61,45849,81920,287.78,400.00,1410,50
8969.23,100,62,45849,81920,286.29,400.00,1410,50
8974.29,0,0,45849,81920,367.89,400.00,1410,50
8979.35,100,50,45849,81920,357.03,400.00,1395,56
8984.4,100,39,45849,81920,353.67,400.00,1395,58
8989.46,100,50,45849,81920,288.68,400.00,1395,56
8994.52,100,51,45849,81920,360.94,400.00,1410,57
8999.58,97,78,45849,81920,361.26,400.00,1410,56
9004.64,100,51,45849,81920,379.60,400.00,1410,57
9009.7,100,52,45849,81920,265.98,400.00,1410,51
9014.76,100,58,45849,81920,280.53,400.00,1410,51
9019.82,100,62,45849,81920,293.50,400.00,1410,51
9024.87,100,65,45849,81920,298.35,400.00,1410,51
9029.93,40,20,45849,81920,165.49,400.00,1410,49
9034.99,100,56,45849,81920,376.03,400.00,1410,56
9040.05,100,45,45849,81920,399.65,400.00,1395,57
9045.11,100,49,45849,81920,414.51,400.00,1395,56
9050.17,100,50,45849,81920,359.62,400.00,1410,57
9055.24,97,66,45849,81920,378.37,400.00,1410,57
9060.3,95,47,45849,81920,384.90,400.00,1410,57
9065.36,100,52,45849,81920,266.86,400.00,1410,51
9070.42,100,57,45849,81920,275.37,400.00,1410,51
9075.48,100,60,45849,81920,282.92,400.00,1410,51
9080.54,100,62,45849,81920,286.82,400.00,1410,51
9085.6,99,54,45849,81920,363.36,400.00,1410,53
9090.66,100,53,45849,81920,365.51,400.00,1410,56
9095.72,55,26,45849,81920,363.25,400.00,1410,54
9100.78,100,51,45849,81920,315.11,400.00,1410,54
9105.85,100,49,45849,81920,318.05,400.00,1395,53
9110.91,100,51,45849,81920,329.67,400.00,1410,55
9116.04,97,76,45849,81920,359.00,400.00,1410,55
9121.1,100,53,45849,81920,268.14,400.00,1410,50
9126.17,100,59,45849,81920,280.95,400.00,1410,50
9131.23,100,63,45849,81920,293.53,400.00,1410,50
9136.29,100,65,45849,81920,295.94,400.00,1410,50
9141.35,100,54,45849,81920,358.50,400.00,1410,53
9146.41,100,56,45849,81920,380.41,400.00,1410,56
9151.47,72,35,45849,81920,353.38,400.00,1410,54
9156.53,100,51,45849,81920,323.82,400.00,1410,55
9161.58,100,49,45849,81920,287.45,400.00,1395,53
9166.64,100,51,45849,81920,334.68,400.00,1410,55
9171.7,100,49,45849,81920,259.23,400.00,1410,55
9176.76,100,53,45849,81920,268.39,400.00,1410,51
9181.82,100,56,45849,81920,270.83,400.00,1410,50
9186.88,100,57,45849,81920,257.02,400.00,1410,49
9191.95,100,56,45849,81920,258.29,400.00,1410,48
9197.01,100,56,45849,81920,326.17,400.00,1410,54
9202.07,100,36,45849,81920,385.29,400.00,1410,57
9207.13,100,49,45849,81920,327.17,400.00,1395,52
9212.19,100,52,45849,81920,308.20,400.00,1410,53
9217.25,100,51,45849,81920,340.07,400.00,1410,54
9222.31,97,67,45849,81920,340.33,400.00,1410,54
9227.37,100,51,45849,81920,262.92,400.00,1410,50
9232.43,100,57,45849,81920,279.85,400.00,1410,50
9237.55,100,61,45849,81920,290.80,400.00,1410,50
9242.61,100,64,45849,81920,295.02,400.00,1410,50
9247.74,26,18,45849,81920,88.02,400.00,1410,44
9252.83,100,54,45849,81920,363.25,400.00,1410,54
9257.89,100,36,45849,81920,338.73,400.00,1380,56
9262.96,100,51,45849,81920,359.07,400.00,1410,54
9268.02,100,68,45849,81920,362.21,400.00,1410,56
9273.08,100,49,45849,81920,301.45,400.00,1395,53
9278.14,100,51,45849,81920,363.58,400.00,1410,55
9283.2,86,44,45849,81920,259.77,400.00,1410,50
9288.3,100,55,45849,81920,264.24,400.00,1410,49
9293.36,100,60,45849,81920,280.95,400.00,1410,49
9298.42,100,64,45849,81920,289.52,400.00,1410,50
9303.48,100,55,45849,81920,354.30,400.00,1410,53
9308.6,100,49,45849,81920,354.83,400.00,1335,54
9313.67,100,43,45849,81920,384.00,400.00,1395,53
9318.73,100,52,45849,81920,310.63,400.00,1410,52
9323.79,100,50,45849,81920,327.17,400.00,1410,55
9328.85,97,71,45849,81920,329.52,400.00,1410,54
9333.92,100,51,45849,81920,349.28,400.00,1410,54
9338.99,100,52,45849,81920,264.14,400.00,1410,50
9344.05,100,57,45849,81920,272.30,400.00,1410,49
9349.12,100,58,45849,81920,272.63,400.00,1410,49
9354.17,100,59,45849,81920,271.39,400.00,1410,48
9359.23,100,55,45849,81920,363.56,400.00,1410,53
9364.29,100,44,45849,81920,396.58,400.00,1410,55
9369.35,100,50,45849,81920,332.32,400.00,1410,54
9374.41,100,49,45849,81920,376.99,400.00,1395,54
9379.47,100,51,45849,81920,319.25,400.00,1410,54
9384.53,100,51,45849,81920,330.04,400.00,1410,54
9389.58,95,47,45849,81920,384.54,400.00,1365,56
9394.65,100,54,45849,81920,265.33,400.00,1410,49
9399.71,100,60,45849,81920,286.13,400.00,1410,50
9404.77,100,65,45849,81920,303.63,400.00,1410,50
9409.82,100,68,45849,81920,312.42,400.00,1410,51
9414.88,100,58,45849,81920,339.96,400.00,1395,53
9419.94,100,49,45849,81920,393.30,400.00,1380,56
9425.0,100,50,45849,81920,362.68,400.00,1410,54
9430.06,100,50,45849,81920,376.42,400.00,1410,55
9435.12,100,48,45849,81920,358.07,400.00,1410,54
9440.18,95,48,45849,81920,297.77,400.00,1410,55
9445.24,100,50,45849,81920,374.39,400.00,1410,55
9450.3,100,55,45849,81920,273.58,400.00,1410,50
9455.35,100,58,45849,81920,282.17,400.00,1410,50
9460.41,100,57,45849,81920,267.48,400.00,1410,49
9465.47,100,62,45849,81920,273.22,400.00,1410,49
9470.52,100,57,45849,81920,357.67,400.00,1410,54
9475.57,100,36,45849,81920,446.05,400.00,1395,56
9480.63,100,51,45849,81920,309.57,400.00,1410,54
9485.69,100,51,45849,81920,351.31,400.00,1410,54
9490.74,100,51,45849,81920,370.98,400.00,1410,55
9495.8,100,51,45849,81920,350.80,400.00,1410,55
9500.85,100,51,45849,81920,258.97,400.00,1410,50
9505.9,100,55,45849,81920,262.95,400.00,1410,49
9510.96,100,60,45849,81920,281.11,400.00,1410,49
9516.01,100,63,45849,81920,291.39,400.00,1410,49
9521.06,100,50,45849,81920,367.89,400.00,1410,52
9526.11,99,55,45849,81920,424.14,400.00,1395,54
9531.17,75,37,45849,81920,313.81,400.00,1380,52
9536.22,100,51,45849,81920,331.37,400.00,1410,54
9541.28,100,59,45849,81920,377.08,400.00,1410,55
9546.33,96,65,45849,81920,346.20,400.00,1395,54
9551.39,94,47,45849,81920,368.81,400.00,1410,54
9556.44,100,53,45849,81920,260.55,400.00,1410,49
9561.49,100,59,45849,81920,276.86,400.00,1410,49
9566.55,100,62,45849,81920,282.61,400.00,1410,49
9571.6,100,62,45849,81920,284.14,400.00,1410,49
9576.66,100,61,45849,81920,353.67,400.00,1395,52
9581.71,100,49,45849,81920,401.17,400.00,1395,55
9586.77,0,0,45849,81920,347.67,400.00,1410,53
9591.82,100,51,45849,81920,340.44,400.00,1410,54
9596.87,100,49,45849,81920,275.39,400.00,1395,52
9601.93,100,51,45849,81920,323.48,400.00,1410,54
9607.0,97,73,45849,81920,327.13,400.00,1410,54
9612.07,100,53,45849,81920,265.94,400.00,1410,49
9617.13,100,59,45849,81920,279.63,400.00,1410,50
9622.18,100,64,45849,81920,129.32,400.00,1410,46
9627.24,100,66,45849,81920,301.69,400.00,1410,50
9632.29,74,37,45849,81920,312.89,400.00,1410,51
9637.35,100,54,45849,81920,364.63,400.00,1410,55
9642.4,100,49,45849,81920,360.99,400.00,1410,53
9647.46,100,51,45849,81920,329.18,400.00,1410,54
9652.51,100,49,45849,81920,384.30,400.00,1395,54
9657.57,100,51,45849,81920,323.82,400.00,1410,54
9662.62,100,51,45849,81920,366.15,400.00,1410,55
9667.67,100,54,45849,81920,264.46,400.00,1410,47
9672.73,100,59,45849,81920,280.82,400.00,1410,50
9677.78,100,64,45849,81920,297.76,400.00,1410,50
9682.84,47,32,45849,81920,115.51,400.00,1410,46
9687.89,69,34,45849,81920,311.70,400.00,1410,51
9692.95,100,54,45849,81920,368.49,400.00,1410,55
9698.01,100,50,45849,81920,364.85,400.00,1395,52
9703.16,100,51,45849,81920,332.24,400.00,1410,54
9708.21,100,51,45849,81920,353.76,400.00,1410,54
9713.27,95,53,45849,81920,295.66,400.00,1410,53
9718.33,95,48,45849,81920,357.30,400.00,1410,55
9723.39,100,54,45849,81920,269.90,400.00,1410,50
9728.45,100,59,45849,81920,282.02,400.00,1410,50
9733.51,100,62,45849,81920,291.42,400.00,1410,50
9738.56,100,65,45849,81920,299.58,400.00,1410,50
9743.62,100,57,45849,81920,380.39,400.00,1410,55
9748.68,100,45,45849,81920,396.10,400.00,1380,57
9753.74,100,51,45849,81920,377.94,400.00,1410,56
9758.84,100,50,45849,81920,349.79,400.00,1410,56
9763.9,100,62,45849,81920,291.09,400.00,1410,56
9768.96,100,51,45849,81920,374.56,400.00,1410,57
9774.02,100,51,45849,81920,371.80,400.00,1410,57
9779.09,100,55,45849,81920,273.22,400.00,1410,52
9784.18,100,58,45849,81920,278.38,400.00,1410,52
9789.24,100,62,45849,81920,293.54,400.00,1410,52
9794.3,100,66,45849,81920,296.52,400.00,1410,52
9799.37,100,54,45849,81920,374.42,400.00,1410,56
9804.43,99,45,45849,81920,377.36,400.00,1410,58
9809.48,100,51,45849,81920,328.11,400.00,1410,55
9814.54,97,78,45849,81920,364.39,400.00,1410,55
9819.6,95,48,45849,81920,363.62,400.00,1410,56
9824.66,100,51,45849,81920,354.23,400.00,1410,55
9829.72,100,50,45849,81920,258.70,400.00,1410,50
9834.78,100,55,45849,81920,269.95,400.00,1410,50
9839.84,100,60,45849,81920,283.38,400.00,1410,50
9844.9,100,63,45849,81920,299.60,400.00,1410,51
9849.96,100,66,45849,81920,299.34,400.00,1410,51
9855.04,100,50,45849,81920,379.42,400.00,1395,56
9860.1,100,37,45849,81920,377.92,400.00,1395,57
9865.16,100,51,45849,81920,331.80,400.00,1410,56
9870.22,95,48,45849,81920,367.45,400.00,1395,58
9875.28,100,51,45849,81920,367.45,400.00,1410,56
9880.34,100,49,45849,81920,316.26,400.00,1410,54
9885.4,100,51,45849,81920,260.16,400.00,1410,50
9890.45,100,58,45849,81920,274.04,400.00,1410,50
9895.51,100,63,45849,81920,294.14,400.00,1410,50
9900.57,98,65,45849,81920,255.44,400.00,1410,47
9905.63,77,53,45849,81920,278.61,400.00,1410,47
9910.69,100,55,45849,81920,363.49,400.00,1410,55
9915.75,100,45,45849,81920,348.12,400.00,1380,56
9920.81,100,51,45849,81920,319.58,400.00,1410,55
9925.87,100,50,45849,81920,329.33,400.00,1410,55
9930.93,95,53,45849,81920,276.20,400.00,1395,53
9935.99,100,50,45849,81920,360.23,400.00,1410,56
9941.05,100,52,45849,81920,265.33,400.00,1410,50
9946.11,100,57,45849,81920,276.66,400.00,1410,50
9951.18,100,59,45849,81920,279.70,400.00,1410,49
9956.23,100,60,45849,81920,273.35,400.00,1410,49
9961.29,100,50,45849,81920,306.61,400.00,1395,53
9966.35,100,37,45849,81920,385.82,400.00,1395,56
9971.41,100,50,45849,81920,300.80,400.00,1410,53
9976.48,97,78,45849,81920,351.68,400.00,1410,55
9981.54,100,51,45849,81920,368.43,400.00,1410,55
9986.6,100,51,45849,81920,305.65,400.00,1410,54
9991.77,100,51,45849,81920,324.42,400.00,1410,55
9996.83,100,55,45849,81920,271.77,400.00,1410,50
10001.9,100,59,45849,81920,282.81,400.00,1410,50
10006.96,100,61,45849,81920,284.66,400.00,1410,50
10012.02,100,63,45849,81920,292.00,400.00,1410,49
10017.08,100,52,45849,81920,368.51,400.00,1410,54
10022.14,100,49,45849,81920,404.82,400.00,1365,57
10027.26,97,47,45849,81920,378.06,400.00,1410,55
10032.32,100,51,45849,81920,363.11,400.00,1410,54
10037.39,97,76,45849,81920,357.12,400.00,1410,54
10042.48,97,66,45849,81920,339.17,400.00,1410,54
10047.57,100,51,45849,81920,256.70,400.00,1410,50
10052.63,100,56,45849,81920,276.33,400.00,1410,49
10057.69,100,59,45849,81920,272.65,400.00,1410,49
10062.75,100,60,45849,81920,278.37,400.00,1410,49
10067.81,100,50,45849,81920,336.61,400.00,1410,51
10072.88,100,61,45849,81920,365.49,400.00,1380,55
10077.93,100,50,45849,81920,340.57,400.00,1410,54
10083.0,100,50,45849,81920,322.03,400.00,1410,52
10088.09,100,50,45849,81920,338.70,400.00,1410,54
10093.15,100,50,45849,81920,418.32,400.00,1395,53
10098.21,100,51,45849,81920,356.29,400.00,1410,55
10103.27,100,54,45849,81920,267.74,400.00,1410,50
10108.33,100,58,45849,81920,281.36,400.00,1410,50
10113.39,100,62,45849,81920,289.19,400.00,1410,50
10118.45,100,64,45849,81920,292.00,400.00,1410,50
10123.51,100,49,45849,81920,357.06,400.00,1365,55
10128.57,100,44,45849,81920,333.27,400.00,1350,58
10133.63,100,51,45849,81920,329.33,400.00,1410,55
10138.69,100,51,45849,81920,332.24,400.00,1410,55
10143.75,100,50,45849,81920,303.27,400.00,1410,55
10148.81,100,66,45849,81920,350.52,400.00,1410,55
10153.87,94,46,45849,81920,367.13,400.00,1410,56
10158.94,100,54,45849,81920,265.29,400.00,1410,50
10164.0,100,58,45849,81920,277.12,400.00,1410,49
10169.05,100,61,45849,81920,281.65,400.00,1410,49
10174.11,100,62,45849,81920,284.96,400.00,1410,49
10179.17,100,54,45849,81920,368.76,400.00,1395,53
10184.23,100,45,45849,81920,354.10,400.00,1395,56
10189.29,100,52,45849,81920,347.70,400.00,1410,54
10194.35,100,51,45849,81920,361.43,400.00,1410,54
10199.41,97,55,45849,81920,289.21,400.00,1395,52
10204.47,100,50,45849,81920,376.42,400.00,1410,55
10209.53,100,51,45849,81920,255.98,400.00,1410,50
10214.6,100,57,45849,81920,278.39,400.00,1410,50
10219.66,100,60,45849,81920,282.04,400.00,1410,49
10224.71,100,62,45849,81920,286.23,400.00,1410,49
10229.77,0,0,45849,81920,86.71,400.00,1410,42
10234.83,100,61,45849,81920,387.34,400.00,1410,55
10239.88,100,49,45849,81920,105.22,400.00,1395,49
10244.94,100,50,45849,81920,324.42,400.00,1410,54
10249.99,100,56,45849,81920,315.93,400.00,1410,54
10255.05,100,51,45849,81920,345.31,400.00,1410,54
10260.1,100,59,45849,81920,374.24,400.00,1410,56
10265.16,100,54,45849,81920,270.55,400.00,1410,50
10270.21,100,60,45849,81920,284.74,400.00,1410,50
10275.27,100,62,45849,81920,290.50,400.00,1410,50
10280.32,100,65,45849,81920,299.55,400.00,1410,50
10285.38,100,52,45849,81920,364.85,400.00,1380,52
10290.44,99,55,45849,81920,358.00,400.00,1410,55
10295.49,100,45,45849,81920,91.79,400.00,1395,49
10300.56,100,49,45849,81920,363.38,400.00,1410,55
10305.62,97,69,45849,81920,328.00,400.00,1410,55
10310.67,100,51,45849,81920,365.17,400.00,1410,55
10315.72,100,54,45849,81920,287.78,400.00,1410,53
10320.78,100,50,45849,81920,255.99,400.00,1410,50
10325.83,100,55,45849,81920,265.06,400.00,1410,49
10330.89,100,60,45849,81920,278.11,400.00,1410,49
10335.94,100,63,45849,81920,289.27,400.00,1410,49
10341.0,0,0,45849,81920,86.01,400.00,1410,42
10346.05,100,63,45849,81920,378.47,400.00,1410,55
10351.11,100,49,45849,81920,401.17,400.00,1380,55
10356.16,97,77,45849,81920,356.15,400.00,1410,54
10361.22,100,50,45849,81920,361.26,400.00,1410,54
10366.27,100,51,45849,81920,316.20,400.00,1410,54
10371.33,100,49,45849,81920,338.57,400.00,1395,54
10376.38,100,53,45849,81920,264.19,400.00,1410,50
10381.44,100,59,45849,81920,285.33,400.00,1410,50
10386.49,100,63,45849,81920,294.11,400.00,1410,50
10391.55,100,66,45849,81920,304.42,400.00,1410,50
10396.61,100,54,45849,81920,357.30,400.00,1410,52
10401.66,100,61,45849,81920,376.42,400.00,1410,55
10406.72,56,27,45849,81920,370.93,400.00,1410,54
10411.77,100,50,45849,81920,323.48,400.00,1410,54
10416.83,100,49,45849,81920,314.36,400.00,1395,53
10421.9,100,51,45849,81920,358.86,400.00,1410,54
10426.98,97,79,45849,81920,425.44,400.00,1410,55
10432.04,100,53,45849,81920,265.39,400.00,1410,49
10437.1,100,57,45849,81920,278.38,400.00,1410,49
10442.18,100,57,45849,81920,268.11,400.00,1410,49
10447.23,100,58,45849,81920,259.96,400.00,1410,48
10452.29,100,54,45849,81920,372.93,400.00,1410,53
10457.35,100,44,45849,81920,393.48,400.00,1410,56
10462.41,100,52,45849,81920,344.60,400.00,1410,54
10467.46,100,49,45849,81920,288.37,400.00,1410,53
10472.52,100,51,45849,81920,356.11,400.00,1410,55
10477.58,100,51,45849,81920,355.14,400.00,1410,55
10482.64,100,47,45849,81920,257.24,400.00,1410,51
10487.69,100,54,45849,81920,268.70,400.00,1410,51
10492.75,100,56,45849,81920,270.87,400.00,1410,50
10497.81,100,55,45849,81920,252.08,400.00,1410,49
10502.87,100,62,45849,81920,388.93,400.00,1410,54
10507.92,100,54,45849,81920,358.27,400.00,1410,55
10512.98,100,45,45849,81920,379.08,400.00,1410,57
10518.04,100,51,45849,81920,282.64,400.00,1410,53
10523.1,100,51,45849,81920,330.61,400.00,1410,52
10528.16,100,51,45849,81920,346.11,400.00,1410,54
10533.22,94,48,45849,81920,361.57,400.00,1410,55
10538.28,95,47,45849,81920,370.33,400.00,1410,55
10543.34,100,54,45849,81920,265.72,400.00,1410,49
10548.41,100,59,45849,81920,280.97,400.00,1410,49
10553.47,100,61,45849,81920,287.98,400.00,1410,50
10558.53,100,64,45849,81920,289.85,400.00,1410,50
10563.59,100,61,45849,81920,376.63,400.00,1410,54
10568.65,100,37,45849,81920,305.39,400.00,1380,55
10573.71,95,47,45849,81920,365.54,400.00,1380,55
10578.78,100,50,45849,81920,328.06,400.00,1410,56
10583.84,100,50,45849,81920,323.49,400.00,1410,55
10588.9,95,47,45849,81920,367.24,400.00,1410,57
10593.96,100,51,45849,81920,369.79,400.00,1410,55
10599.02,100,56,45849,81920,268.71,400.00,1410,50
10604.08,100,61,45849,81920,285.92,400.00,1410,50
10609.15,100,64,45849,81920,297.17,400.00,1410,50
10614.2,100,65,45849,81920,295.03,400.00,1410,50
10619.27,100,49,45849,81920,324.23,400.00,1410,54
10624.33,100,45,45849,81920,377.86,400.00,1395,57
10629.42,100,50,45849,81920,354.99,400.00,1410,55
10634.48,100,49,45849,81920,284.10,400.00,1410,54
10639.54,100,51,45849,81920,328.40,400.00,1410,55
10644.6,100,51,45849,81920,328.40,400.00,1410,55
10649.66,39,28,45849,81920,259.84,400.00,1410,51
10654.72,100,56,45849,81920,274.52,400.00,1410,50
10659.78,100,61,45849,81920,289.19,400.00,1410,50
10664.83,100,62,45849,81920,289.85,400.00,1410,50
10669.89,100,64,45849,81920,296.88,400.00,1410,50
10674.95,100,49,45849,81920,374.28,400.00,1410,55
10680.01,100,45,45849,81920,409.81,400.00,1410,57
10685.08,100,50,45849,81920,347.40,400.00,1410,55
10690.13,100,51,45849,81920,360.39,400.00,1410,55
10695.2,100,65,45849,81920,359.79,400.00,1410,55
10700.26,95,47,45849,81920,378.54,400.00,1410,56
10705.31,100,50,45849,81920,100.13,400.00,1410,48
10710.38,100,56,45849,81920,271.49,400.00,1410,50
10715.43,100,60,45849,81920,282.60,400.00,1410,50
10720.5,89,55,45849,81920,88.87,400.00,1410,45
10725.56,86,55,45849,81920,231.13,400.00,1410,48
10730.62,100,54,45849,81920,378.90,400.00,1410,55
10735.68,100,44,45849,81920,394.44,400.00,1380,58
10740.74,100,50,45849,81920,329.52,400.00,1410,54
10745.8,100,51,45849,81920,358.86,400.00,1410,54
10750.86,100,49,45849,81920,302.30,400.00,1395,52
10755.92,100,51,45849,81920,353.20,400.00,1410,55
10760.98,100,52,45849,81920,262.02,400.00,1410,50
10766.04,100,57,45849,81920,282.81,400.00,1410,50
10771.11,100,60,45849,81920,282.81,400.00,1410,50
10776.17,100,63,45849,81920,290.76,400.00,1410,49
10781.22,86,42,45849,81920,310.63,400.00,1395,51
10786.29,99,54,45849,81920,366.75,400.00,1410,55
10791.35,17,15,45849,81920,369.03,400.00,1410,53
10796.42,100,51,45849,81920,315.99,400.00,1410,54
10801.48,100,48,45849,81920,377.96,400.00,1395,55
10806.54,100,51,45849,81920,336.02,400.00,1410,54
10811.6,100,49,45849,81920,386.49,400.00,1410,54
10816.66,100,53,45849,81920,265.67,400.00,1410,50
10821.72,41,24,45849,81920,274.59,400.00,1410,49
10826.78,100,63,45849,81920,292.93,400.00,1410,50
10831.84,100,64,45849,81920,293.17,400.00,1410,50
10836.9,100,54,45849,81920,362.58,400.00,1410,52
10841.96,100,54,45849,81920,327.64,400.00,1395,56
10847.03,100,49,45849,81920,325.84,400.00,1410,54
10852.08,94,47,45849,81920,359.85,400.00,1410,55
10857.15,100,51,45849,81920,355.69,400.00,1410,55
10862.22,100,52,45849,81920,357.77,400.00,1410,55
10867.28,100,54,45849,81920,348.72,400.00,1410,54
10872.34,100,54,45849,81920,265.29,400.00,1410,50
10877.4,100,57,45849,81920,263.05,400.00,1410,49
10882.46,100,60,45849,81920,278.30,400.00,1410,49
10887.52,100,62,45849,81920,288.31,400.00,1410,49
10892.6,100,61,45849,81920,375.54,400.00,1410,55
10897.67,100,47,45849,81920,368.18,400.00,1395,56
10902.78,100,50,45849,81920,313.02,400.00,1410,54
10907.87,97,78,45849,81920,315.76,400.00,1410,53
10912.95,95,49,45849,81920,373.40,400.00,1410,55
10918.02,100,51,45849,81920,227.03,400.00,1410,54
10923.08,100,51,45849,81920,260.23,400.00,1410,49
10928.14,100,57,45849,81920,270.83,400.00,1410,49
10933.21,100,59,45849,81920,282.64,400.00,1410,49
10938.31,100,62,45849,81920,286.55,400.00,1410,49
10943.4,0,0,45849,81920,86.47,400.00,1410,42
10948.46,100,55,45849,81920,355.32,400.00,1395,54
10953.53,100,45,45849,81920,397.94,400.00,1395,56
10958.64,100,49,45849,81920,269.58,400.00,1410,54
10963.74,100,49,45849,81920,372.18,400.00,1410,55
10968.81,100,51,45849,81920,358.97,400.00,1410,55
10973.87,98,78,45849,81920,337.73,400.00,1410,54
10978.92,100,53,45849,81920,266.26,400.00,1410,50
10983.99,100,59,45849,81920,278.70,400.00,1410,50
10989.07,100,62,45849,81920,290.20,400.00,1410,50
10994.12,100,66,45849,81920,302.01,400.00,1410,50
10999.18,100,58,45849,81920,367.07,400.00,1395,51
11004.24,100,54,45849,81920,464.16,400.00,1395,54
11009.3,16,15,45849,81920,122.95,400.00,1410,49
11014.35,100,59,45849,81920,375.17,400.00,1410,55
11019.41,100,55,45849,81920,390.85,400.00,1395,54
11024.46,95,47,45849,81920,372.51,400.00,1410,56
11029.52,100,51,45849,81920,327.98,400.00,1410,55
11034.57,100,53,45849,81920,266.26,400.00,1410,50
11039.63,100,59,45849,81920,280.51,400.00,1410,50
11044.68,100,63,45849,81920,293.54,400.00,1410,50
11049.74,100,67,45849,81920,301.38,400.00,1410,50
11054.79,100,57,45849,81920,434.27,400.00,1410,54
11059.9,100,49,45849,81920,387.54,400.00,1380,56
11064.96,100,55,45849,81920,321.95,400.00,1410,53
11070.01,95,47,45849,81920,370.33,400.00,1410,55
11075.07,100,59,45849,81920,222.40,400.00,1410,55
11080.13,100,50,45849,81920,324.07,400.00,1410,54
11085.21,100,56,45849,81920,348.33,400.00,1410,54
11090.26,100,54,45849,81920,271.42,400.00,1410,50
11095.32,100,59,45849,81920,280.50,400.00,1410,49
11100.37,100,61,45849,81920,282.34,400.00,1410,49
11105.42,100,65,45849,81920,293.84,400.00,1410,49
11110.48,100,61,45849,81920,373.70,400.00,1410,54
11115.54,100,49,45849,81920,404.30,400.00,1380,57
11120.59,100,59,45849,81920,292.32,400.00,1395,54
11125.66,100,51,45849,81920,351.18,400.00,1410,54
11130.71,100,51,45849,81920,329.50,400.00,1410,54
11135.77,95,47,45849,81920,378.15,400.00,1410,55
11140.83,100,51,45849,81920,350.08,400.00,1410,54
11145.88,100,54,45849,81920,265.98,400.00,1410,49
11150.94,100,58,45849,81920,282.34,400.00,1410,49
11156.0,100,62,45849,81920,285.93,400.00,1410,49
11161.06,100,64,45849,81920,293.83,400.00,1410,50
11166.12,100,60,45849,81920,372.33,400.00,1410,55
11171.19,100,36,45849,81920,415.83,400.00,1395,58
11176.24,95,48,45849,81920,375.64,400.00,1410,57
11181.3,100,50,45849,81920,368.49,400.00,1410,57
11186.36,100,55,45849,81920,283.84,400.00,1395,54
11191.42,100,51,45849,81920,359.37,400.00,1410,57
11196.48,100,49,45849,81920,253.86,400.00,1410,52
11201.57,100,56,45849,81920,274.78,400.00,1410,51
11206.62,100,62,45849,81920,289.87,400.00,1410,51
11211.68,100,64,45849,81920,293.50,400.00,1410,51
11216.74,100,66,45849,81920,302.30,400.00,1410,51
11221.8,100,49,45849,81920,363.11,400.00,1410,56
11226.85,100,35,45849,81920,366.59,400.00,1410,57
11231.91,95,47,45849,81920,367.90,400.00,1410,56
11236.98,100,50,45849,81920,352.09,400.00,1410,55
11242.04,98,66,45849,81920,348.25,400.00,1410,55
11247.09,95,47,45849,81920,377.91,400.00,1395,57
11252.16,100,51,45849,81920,263.92,400.00,1410,50
11257.22,100,57,45849,81920,278.80,400.00,1410,50
11262.28,100,62,45849,81920,288.58,400.00,1410,50
11267.34,100,66,45849,81920,303.30,400.00,1410,51
11272.4,100,67,45849,81920,310.53,400.00,1410,52
11277.46,100,54,45849,81920,376.00,400.00,1410,57
11282.52,100,40,45849,81920,475.50,400.00,1395,58
11287.61,100,51,45849,81920,329.85,400.00,1410,56
11292.66,100,48,45849,81920,227.20,400.00,1395,53
11297.72,100,51,45849,81920,328.00,400.00,1410,56
11302.78,100,52,45849,81920,362.13,400.00,1410,56
11307.85,100,51,45849,81920,259.30,400.00,1410,51
11312.94,100,57,45849,81920,280.13,400.00,1410,50
11318.05,100,61,45849,81920,287.15,400.00,1410,50
11323.15,100,65,45849,81920,297.18,400.00,1410,51
11328.22,0,0,45849,81920,87.03,400.00,1410,43
11333.34,100,57,45849,81920,380.65,400.00,1410,55
11338.44,100,49,45849,81920,102.38,400.00,1395,49
11343.54,97,77,45849,81920,343.19,400.00,1410,54
11348.6,94,46,45849,81920,369.63,400.00,1410,55
11353.65,100,51,45849,81920,356.39,400.00,1410,55
11358.72,97,79,45849,81920,327.82,400.00,1410,55
11363.78,100,53,45849,81920,264.90,400.00,1410,50
11368.83,100,58,45849,81920,274.84,400.00,1410,50
11373.91,100,61,45849,81920,288.91,400.00,1410,50
11378.97,100,64,45849,81920,299.63,400.00,1410,50
11384.02,100,55,45849,81920,360.99,400.00,1410,54
11389.08,100,45,45849,81920,378.87,400.00,1410,57
11394.14,100,51,45849,81920,344.36,400.00,1410,55
11399.19,97,79,45849,81920,340.09,400.00,1410,54
11404.26,100,53,45849,81920,346.20,400.00,1410,55
11409.32,100,51,45849,81920,328.90,400.00,1410,55
11414.38,40,29,45849,81920,258.30,400.00,1410,51
11419.44,100,55,45849,81920,272.51,400.00,1410,50
11424.5,100,61,45849,81920,288.58,400.00,1410,50
11429.56,100,65,45849,81920,297.16,400.00,1410,51
11434.62,100,68,45849,81920,310.96,400.00,1410,51
11439.67,100,61,45849,81920,352.64,400.00,1410,55
11444.73,100,50,45849,81920,398.40,400.00,1410,57
11449.8,100,51,45849,81920,324.41,400.00,1410,55
11454.85,100,51,45849,81920,311.69,400.00,1410,54
11459.91,94,47,45849,81920,370.93,400.00,1410,56
11464.97,100,50,45849,81920,360.99,400.00,1410,55
11470.04,100,49,45849,81920,250.66,400.00,1410,51
11475.1,100,55,45849,81920,266.27,400.00,1410,50
11480.15,56,32,45849,81920,263.52,400.00,1410,48
11485.22,100,58,45849,81920,270.89,400.00,1410,49
11490.28,70,34,45849,81920,356.76,400.00,1410,50
11495.33,100,54,45849,81920,374.81,400.00,1395,54
11500.39,32,15,45849,81920,370.17,400.00,1410,54
11505.45,100,51,45849,81920,310.21,400.00,1410,53
11510.51,97,77,45849,81920,305.01,400.00,1410,53
11515.57,97,68,45849,81920,321.76,400.00,1410,54
11520.63,95,48,45849,81920,354.16,400.00,1410,54
11525.69,48,26,45849,81920,268.29,400.00,1410,49
11530.75,100,58,45849,81920,281.33,400.00,1410,50
11535.81,100,61,45849,81920,283.80,400.00,1410,49
11540.87,100,63,45849,81920,292.32,400.00,1410,50
11545.93,100,58,45849,81920,333.23,400.00,1395,54
11550.98,100,45,45849,81920,440.75,400.00,1380,56
11556.05,100,62,45849,81920,282.31,400.00,1395,53
11561.11,100,51,45849,81920,363.06,400.00,1410,54
11566.23,100,60,45849,81920,331.64,400.00,1410,54
11571.29,97,73,45849,81920,354.36,400.00,1410,55
11576.38,72,41,45849,81920,207.39,400.00,1410,50
11581.45,100,55,45849,81920,273.30,400.00,1410,50
11586.55,100,61,45849,81920,286.83,400.00,1410,50
11591.65,100,64,45849,81920,293.81,400.00,1410,50
11596.72,100,66,45849,81920,303.89,400.00,1410,50
11601.78,100,57,45849,81920,364.16,400.00,1410,55
11606.84,100,45,45849,81920,460.51,400.00,1320,58
11611.9,100,50,45849,81920,351.27,400.00,1410,54
11616.96,100,51,45849,81920,329.92,400.00,1410,55
11622.02,100,50,45849,81920,370.71,400.00,1410,56
11627.08,100,50,45849,81920,356.15,400.00,1410,56
11632.14,100,50,45849,81920,257.24,400.00,1410,50
11637.2,100,57,45849,81920,272.90,400.00,1410,50
11642.25,100,62,45849,81920,292.29,400.00,1410,50
11647.31,100,63,45849,81920,294.45,400.00,1410,51
11652.36,100,65,45849,81920,298.38,400.00,1410,51
11657.42,100,49,45849,81920,364.35,400.00,1410,56
11662.47,100,36,45849,81920,377.35,400.00,1410,59
11667.53,97,79,45849,81920,377.35,400.00,1410,57
11672.58,100,50,45849,81920,229.08,400.00,1410,57
11677.64,100,51,45849,81920,336.13,400.00,1410,57
11682.7,100,51,45849,81920,332.22,400.00,1410,58
11687.75,100,51,45849,81920,266.31,400.00,1410,53
11692.8,74,42,45849,81920,285.33,400.00,1410,53
11697.86,100,59,45849,81920,284.77,400.00,1410,53
11702.92,100,62,45849,81920,289.87,400.00,1410,53
11707.99,0,0,45849,81920,357.03,400.00,1410,54
11713.06,100,57,45849,81920,415.67,400.00,1395,58
11718.11,80,46,45849,81920,389.99,400.00,1395,59
11723.17,100,50,45849,81920,375.76,400.00,1410,58
11728.22,100,51,45849,81920,363.01,400.00,1410,58
11733.28,100,62,45849,81920,310.77,400.00,1410,58
11738.36,100,49,45849,81920,282.05,400.00,1395,55
11743.47,100,54,45849,81920,270.55,400.00,1410,52
11748.53,100,57,45849,81920,276.89,400.00,1410,51
11753.58,100,60,45849,81920,277.82,400.00,1410,51
11758.63,100,59,45849,81920,273.85,400.00,1410,50
11763.69,100,54,45849,81920,361.86,400.00,1410,55
11768.75,100,37,45849,81920,376.95,400.00,1410,57
11773.8,100,51,45849,81920,365.99,400.00,1410,57
11778.86,100,51,45849,81920,372.72,400.00,1410,56
11783.92,97,79,45849,81920,344.33,400.00,1395,56
11788.97,95,48,45849,81920,392.70,400.00,1395,57
11794.03,100,51,45849,81920,259.96,400.00,1410,53
11799.09,100,57,45849,81920,277.50,400.00,1410,53
11804.14,100,57,45849,81920,266.91,400.00,1410,52
11809.19,100,60,45849,81920,273.22,400.00,1410,52
11814.24,100,50,45849,81920,360.99,400.00,1410,56
11819.3,100,55,45849,81920,379.67,400.00,1410,58
11824.36,100,39,45849,81920,364.63,400.00,1410,54
11829.41,100,56,45849,81920,353.76,400.00,1410,56
11834.47,100,49,45849,81920,400.48,400.00,1365,56
11839.52,100,51,45849,81920,332.20,400.00,1410,57
11844.58,97,76,45849,81920,348.23,400.00,1410,56
11849.64,47,26,45849,81920,181.85,400.00,1410,49
11854.7,100,58,45849,81920,282.64,400.00,1410,51
11859.75,100,61,45849,81920,285.64,400.00,1410,51
11864.81,100,64,45849,81920,295.03,400.00,1410,52
11869.87,100,55,45849,81920,362.46,400.00,1410,56
11874.92,100,45,45849,81920,330.77,400.00,1395,57
11879.98,100,51,45849,81920,351.27,400.00,1410,56
11885.04,100,51,45849,81920,351.83,400.00,1410,57
11890.1,97,48,45849,81920,345.49,400.00,1410,58
11895.16,100,51,45849,81920,321.63,400.00,1410,56
11900.22,100,63,45849,81920,329.50,400.00,1410,57
11905.28,100,55,45849,81920,274.78,400.00,1410,51
11910.34,100,57,45849,81920,272.33,400.00,1410,50
11915.4,100,62,45849,81920,286.29,400.00,1410,51
11920.46,100,64,45849,81920,291.71,400.00,1410,51
11925.52,100,55,45849,81920,363.65,400.00,1395,55
11930.57,100,45,45849,81920,382.71,400.00,1410,58
11935.63,100,54,45849,81920,359.05,400.00,1410,55
11940.69,95,47,45849,81920,374.21,400.00,1410,56
11945.76,100,50,45849,81920,341.75,400.00,1410,56
11950.82,100,50,45849,81920,361.91,400.00,1410,56
11955.94,100,51,45849,81920,267.46,400.00,1410,52
11961.0,100,57,45849,81920,281.71,400.00,1410,52
11966.05,100,60,45849,81920,286.58,400.00,1410,51
11971.11,100,61,45849,81920,284.72,400.00,1410,51
11976.16,0,0,45849,81920,87.48,400.00,1410,43
11981.24,100,57,45849,81920,396.10,400.00,1410,57
11986.31,100,47,45849,81920,393.32,400.00,1380,58
11991.36,94,47,45849,81920,358.86,400.00,1350,56
11996.42,100,51,45849,81920,325.00,400.00,1410,55
12001.48,97,69,45849,81920,356.15,400.00,1410,54
12006.54,97,47,45849,81920,360.61,400.00,1410,56
12011.6,100,52,45849,81920,265.29,400.00,1410,50
12016.66,100,57,45849,81920,278.68,400.00,1410,50
12021.72,100,61,45849,81920,285.02,400.00,1410,50
12026.79,100,63,45849,81920,289.90,400.00,1410,50
12031.84,100,55,45849,81920,367.53,400.00,1410,53
12036.91,100,47,45849,81920,367.37,400.00,1410,56
12041.97,97,68,45849,81920,339.94,400.00,1395,53
12047.02,100,51,45849,81920,233.84,400.00,1410,54
12052.09,100,52,45849,81920,312.33,400.00,1410,54
12057.15,100,49,45849,81920,370.23,400.00,1410,54
12062.22,100,52,45849,81920,311.96,400.00,1410,54
12067.28,78,42,45849,81920,124.32,400.00,1410,47
12072.33,100,57,45849,81920,272.09,400.00,1410,49
12077.39,100,59,45849,81920,279.13,400.00,1410,49
12082.45,100,60,45849,81920,277.59,400.00,1410,49
12087.51,100,57,45849,81920,354.95,400.00,1410,54
12092.57,100,49,45849,81920,364.78,400.00,1410,56
12097.63,100,51,45849,81920,304.09,400.00,1410,54
12102.69,100,51,45849,81920,289.90,400.00,1410,53
12107.75,95,47,45849,81920,365.77,400.00,1410,55
12112.8,100,51,45849,81920,343.76,400.00,1410,54
12117.86,71,40,45849,81920,233.83,400.00,1410,50
12122.93,100,55,45849,81920,274.84,400.00,1410,50
12127.98,100,58,45849,81920,281.56,400.00,1410,49
12133.04,100,61,45849,81920,279.74,400.00,1410,49
12138.1,100,61,45849,81920,276.14,400.00,1410,49
12143.16,100,50,45849,81920,357.90,400.00,1380,54
12148.23,100,45,45849,81920,399.92,400.00,1410,57
12153.28,100,51,45849,81920,345.88,400.00,1410,55
12158.34,98,70,45849,81920,325.94,400.00,1410,54
12163.41,95,47,45849,81920,358.27,400.00,1410,55
12168.47,100,50,45849,81920,337.38,400.00,1410,54
12173.52,100,52,45849,81920,262.61,400.00,1410,50
12178.58,100,58,45849,81920,276.99,400.00,1410,50
12183.64,35,22,45849,81920,289.85,400.00,1410,50
12188.71,100,63,45849,81920,287.71,400.00,1410,50
12193.76,0,0,45849,81920,244.85,400.00,1410,46
12198.82,100,49,45849,81920,316.31,400.00,1410,54
12203.88,100,36,45849,81920,390.80,400.00,1365,58
12208.94,100,49,45849,81920,371.22,400.00,1410,55
12214.0,100,51,45849,81920,343.19,400.00,1410,54
12219.06,100,49,45849,81920,257.97,400.00,1410,52
12224.12,100,51,45849,81920,358.51,400.00,1410,54
12229.18,100,52,45849,81920,260.23,400.00,1410,50
12234.23,100,57,45849,81920,282.51,400.00,1410,50
12239.3,100,62,45849,81920,292.92,400.00,1410,50
12244.36,100,67,45849,81920,304.77,400.00,1410,51
12249.42,0,0,45849,81920,88.32,400.00,1410,43
12254.48,100,55,45849,81920,349.43,400.00,1410,55
12259.54,100,36,45849,81920,350.35,400.00,1395,57
12264.59,97,49,45849,81920,371.80,400.00,1410,55
12269.65,100,51,45849,81920,359.52,400.00,1410,55
12274.71,97,77,45849,81920,274.14,400.00,1365,54
12279.81,95,47,45849,81920,458.91,400.00,1395,54
12284.87,57,29,45849,81920,254.87,400.00,1410,49
12289.93,100,57,45849,81920,269.03,400.00,1410,49
12294.99,100,61,45849,81920,283.80,400.00,1410,50
12300.05,100,63,45849,81920,284.43,400.00,1410,50
12305.11,0,0,45849,81920,86.38,400.00,1410,43
12310.18,100,50,45849,81920,372.72,400.00,1410,55
12315.24,100,36,45849,81920,400.93,400.00,1410,57
12320.3,97,77,45849,81920,347.40,400.00,1410,54
12325.36,100,52,45849,81920,285.06,400.00,1410,54
12330.42,100,51,45849,81920,360.11,400.00,1410,55
12335.48,94,47,45849,81920,378.27,400.00,1410,56
12340.54,100,52,45849,81920,264.14,400.00,1410,50
12345.59,100,58,45849,81920,275.94,400.00,1410,50
12350.65,100,62,45849,81920,286.55,400.00,1410,50
12355.71,100,63,45849,81920,294.14,400.00,1410,51
12360.77,0,0,45849,81920,346.80,400.00,1410,50
12365.86,100,49,45849,81920,362.83,400.00,1395,56
12370.92,99,44,45849,81920,372.84,400.00,1410,59
12375.97,94,46,45849,81920,374.83,400.00,1410,59
12381.05,100,51,45849,81920,365.77,400.00,1410,57
12386.11,97,77,45849,81920,338.24,400.00,1410,57
12391.16,100,51,45849,81920,362.46,400.00,1410,58
12396.22,100,52,45849,81920,265.98,400.00,1410,53
12401.27,100,57,45849,81920,283.57,400.00,1410,53
12406.33,100,59,45849,81920,281.46,400.00,1410,53
12411.42,100,63,45849,81920,292.62,400.00,1410,53
12416.47,100,56,45849,81920,379.99,400.00,1410,56
12421.56,100,54,45849,81920,342.48,400.00,1395,59
12426.64,97,76,45849,81920,346.72,400.00,1410,57
12431.69,100,49,45849,81920,338.90,400.00,1410,58
12436.75,100,50,45849,81920,373.65,400.00,1410,60
12441.81,100,50,45849,81920,370.60,400.00,1410,59
12446.87,100,49,45849,81920,346.47,400.00,1410,59
12451.92,100,55,45849,81920,272.06,400.00,1410,54
12456.98,77,44,45849,81920,275.39,400.00,1410,53
12462.09,100,58,45849,81920,273.27,400.00,1410,53
12467.14,100,62,45849,81920,284.74,400.00,1410,53
12472.23,100,55,45849,81920,385.02,400.00,1410,59
12477.29,100,44,45849,81920,390.77,400.00,1410,60
12482.35,94,47,45849,81920,372.72,400.00,1410,58
12487.41,100,51,45849,81920,363.06,400.00,1410,57
12492.47,97,80,45849,81920,331.62,400.00,1410,57
12497.53,100,49,45849,81920,369.68,400.00,1410,58
12502.58,100,51,45849,81920,264.46,400.00,1410,52
12507.64,100,57,45849,81920,276.55,400.00,1410,51
12512.69,100,60,45849,81920,287.45,400.00,1410,51
12517.75,100,63,45849,81920,298.38,400.00,1410,52
12522.8,100,63,45849,81920,287.16,400.00,1410,52
12527.86,100,58,45849,81920,372.72,400.00,1410,57
12532.92,100,41,45849,81920,400.10,400.00,1380,58
12537.97,100,51,45849,81920,337.05,400.00,1410,57
12543.02,97,78,45849,81920,338.90,400.00,1410,57
12548.08,100,51,45849,81920,380.60,400.00,1410,58
12553.14,100,51,45849,81920,367.56,400.00,1410,57
12558.2,100,52,45849,81920,264.79,400.00,1410,52
12563.26,100,56,45849,81920,273.26,400.00,1410,51
12568.32,100,56,45849,81920,263.92,400.00,1410,50
12573.37,100,59,45849,81920,273.27,400.00,1410,50
12578.43,100,49,45849,81920,354.95,400.00,1410,54
12583.49,100,46,45849,81920,309.25,400.00,1395,56
12588.55,97,75,45849,81920,316.47,400.00,1410,54
12593.6,100,51,45849,81920,332.81,400.00,1410,55
12598.66,100,50,45849,81920,332.22,400.00,1410,54
12603.72,100,51,45849,81920,361.54,400.00,1410,56
12608.78,100,51,45849,81920,347.63,400.00,1410,55
12613.83,100,53,45849,81920,265.89,400.00,1410,50
12618.89,100,58,45849,81920,281.27,400.00,1410,50
12623.95,100,60,45849,81920,282.84,400.00,1410,50
12629.01,100,63,45849,81920,291.40,400.00,1410,50
12634.09,100,55,45849,81920,370.61,400.00,1410,54
12639.16,100,45,45849,81920,358.51,400.00,1395,57
12644.21,100,52,45849,81920,371.75,400.00,1410,55
12649.27,97,70,45849,81920,343.11,400.00,1410,55
12654.33,95,47,45849,81920,377.35,400.00,1410,57
12659.4,100,51,45849,81920,353.10,400.00,1410,56
12664.45,100,51,45849,81920,359.89,400.00,1410,56
12669.52,100,55,45849,81920,272.30,400.00,1410,51
12674.58,100,59,45849,81920,283.83,400.00,1410,51
12679.64,100,64,45849,81920,300.21,400.00,1410,51
12684.7,100,68,45849,81920,311.69,400.00,1410,51
12689.76,100,50,45849,81920,460.41,400.00,1395,54
12694.82,100,36,45849,81920,406.67,400.00,1380,56
12699.88,94,48,45849,81920,369.96,400.00,1410,56
12704.94,100,51,45849,81920,325.43,400.00,1410,55
12709.99,100,49,45849,81920,345.75,400.00,1410,53
12715.05,100,51,45849,81920,327.21,400.00,1410,55
12720.12,96,76,45849,81920,375.20,400.00,1410,55
12725.21,100,55,45849,81920,270.61,400.00,1410,50
12730.27,100,60,45849,81920,291.06,400.00,1410,50
12735.33,100,63,45849,81920,296.25,400.00,1410,51
12740.39,100,66,45849,81920,303.90,400.00,1410,51
12745.48,100,49,45849,81920,348.28,400.00,1410,54
12750.54,100,35,45849,81920,389.82,400.00,1410,57
12755.6,100,50,45849,81920,331.46,400.00,1410,55
12760.66,100,62,45849,81920,294.44,400.00,1410,54
12765.73,100,51,45849,81920,357.59,400.00,1410,55
12770.86,100,62,45849,81920,351.68,400.00,1410,55
12775.92,100,51,45849,81920,372.12,400.00,1410,55
12780.98,100,53,45849,81920,264.74,400.00,1410,50
12786.04,100,59,45849,81920,274.75,400.00,1410,50
12791.1,100,62,45849,81920,288.08,400.00,1410,50
12796.17,100,65,45849,81920,294.45,400.00,1410,50
12801.23,100,50,45849,81920,353.71,400.00,1410,54
12806.33,100,40,45849,81920,326.23,400.00,1410,56
12811.43,100,51,45849,81920,356.60,400.00,1410,54
12816.49,100,50,45849,81920,352.33,400.00,1410,55
12821.55,100,50,45849,81920,284.74,400.00,1410,52
12826.62,100,51,45849,81920,323.82,400.00,1410,53
12831.67,100,50,45849,81920,340.47,400.00,1410,55
12836.73,100,54,45849,81920,268.98,400.00,1410,50
12841.79,100,59,45849,81920,283.51,400.00,1410,50
12846.85,100,61,45849,81920,284.74,400.00,1410,50
12851.91,100,64,45849,81920,291.10,400.00,1410,50
12856.97,100,54,45849,81920,353.42,400.00,1410,54
12862.03,100,41,45849,81920,377.91,400.00,1410,57
12867.09,98,67,45849,81920,383.73,400.00,1410,55
12872.16,94,48,45849,81920,368.58,400.00,1410,56
12877.23,100,51,45849,81920,335.14,400.00,1410,54
12882.29,100,51,45849,81920,333.86,400.00,1410,53
12887.35,100,51,45849,81920,260.64,400.00,1410,50
12892.41,100,57,45849,81920,272.37,400.00,1410,50
12897.47,100,61,45849,81920,280.08,400.00,1410,50
12902.53,100,64,45849,81920,287.71,400.00,1410,50
12907.59,0,0,45849,81920,364.49,400.00,1410,51
12912.65,100,54,45849,81920,358.03,400.00,1410,54
12917.71,69,39,45849,81920,387.22,400.00,1380,53
12922.8,100,49,45849,81920,355.88,400.00,1410,55
12927.86,94,47,45849,81920,332.93,400.00,1410,55
12932.91,100,51,45849,81920,353.52,400.00,1410,54
12937.97,100,49,45849,81920,347.40,400.00,1410,54
12943.03,100,54,45849,81920,271.42,400.00,1410,50
12948.09,100,60,45849,81920,283.80,400.00,1410,50
12953.16,100,64,45849,81920,300.20,400.00,1410,50
12958.21,100,66,45849,81920,299.24,400.00,1410,50
12963.27,100,55,45849,81920,365.74,400.00,1380,53
12968.33,100,44,45849,81920,376.97,400.00,1380,55
12973.39,98,62,45849,81920,362.17,400.00,1410,54
12978.46,100,50,45849,81920,359.56,400.00,1410,56
12983.52,100,49,45849,81920,364.63,400.00,1410,54
12988.58,100,49,45849,81920,355.39,400.00,1410,55
12993.64,100,50,45849,81920,259.51,400.00,1410,50
12998.7,100,56,45849,81920,271.62,400.00,1410,50
13003.76,100,60,45849,81920,282.61,400.00,1410,50
13008.82,100,62,45849,81920,291.42,400.00,1410,50
13013.87,100,64,45849,81920,290.47,400.00,1410,50
13018.93,100,59,45849,81920,384.63,400.00,1410,55
13023.98,100,47,45849,81920,399.73,400.00,1380,56
13029.06,100,50,45849,81920,332.56,400.00,1410,55
13034.12,95,47,45849,81920,280.50,400.00,1395,52
13039.18,100,51,45849,81920,330.77,400.00,1410,55
13044.23,100,50,45849,81920,368.60,400.00,1410,55
13049.28,100,51,45849,81920,258.70,400.00,1410,50
13054.34,100,58,45849,81920,280.53,400.00,1410,50
13059.39,100,62,45849,81920,288.98,400.00,1410,50
13064.45,100,64,45849,81920,289.90,400.00,1410,50
13069.5,0,0,45849,81920,86.29,400.00,1410,42
13074.56,100,50,45849,81920,359.64,400.00,1410,55
13079.62,100,45,45849,81920,374.56,400.00,1410,57
13084.67,100,57,45849,81920,242.67,400.00,1395,52
13089.72,100,50,45849,81920,331.89,400.00,1410,53
13094.78,98,67,45849,81920,343.72,400.00,1410,55
13099.83,100,49,45849,81920,280.80,400.00,1365,53
13104.89,100,52,45849,81920,264.79,400.00,1410,50
13109.94,100,58,45849,81920,275.06,400.00,1410,50
13115.0,100,62,45849,81920,290.79,400.00,1410,50
13120.05,100,65,45849,81920,297.74,400.00,1410,50
13125.1,56,32,45849,81920,364.85,400.00,1410,50
13130.16,100,48,45849,81920,370.60,400.00,1410,55
13135.21,100,44,45849,81920,384.83,400.00,1410,50
13140.26,100,51,45849,81920,325.54,400.00,1410,56
13145.32,95,47,45849,81920,359.74,400.00,1410,57
13150.37,100,50,45849,81920,353.99,400.00,1410,56
13155.43,100,55,45849,81920,400.52,400.00,1380,58
13160.49,100,53,45849,81920,266.91,400.00,1410,52
13165.54,100,57,45849,81920,283.25,400.00,1410,52
13170.6,100,59,45849,81920,278.41,400.00,1410,52
13175.65,100,59,45849,81920,278.98,400.00,1410,52
13180.7,100,51,45849,81920,374.24,400.00,1395,56
13185.76,100,45,45849,81920,377.55,400.00,1410,60
13190.82,100,51,45849,81920,316.20,400.00,1410,57
13195.87,100,57,45849,81920,377.35,400.00,1410,58
13200.98,100,51,45849,81920,346.56,400.00,1410,56
13206.04,100,51,45849,81920,358.86,400.00,1410,59
13211.15,100,50,45849,81920,295.06,400.00,1395,58
13216.22,51,27,45849,81920,268.70,400.00,1410,53
13221.27,100,58,45849,81920,284.47,400.00,1410,53
13226.33,100,60,45849,81920,288.41,400.00,1410,53
13231.39,100,62,45849,81920,290.17,400.00,1410,52
13236.44,100,55,45849,81920,377.49,400.00,1410,56
13241.5,100,45,45849,81920,376.03,400.00,1410,58
13246.55,100,51,45849,81920,331.62,400.00,1410,55
13251.69,97,78,45849,81920,347.04,400.00,1410,54
13256.74,100,51,45849,81920,341.88,400.00,1410,56
13261.83,100,51,45849,81920,345.76,400.00,1410,56
13266.93,100,50,45849,81920,253.27,400.00,1410,51
13271.99,100,57,45849,81920,276.30,400.00,1410,51
13277.12,100,61,45849,81920,290.20,400.00,1410,51
13282.18,100,65,45849,81920,305.94,400.00,1410,52
13287.24,100,66,45849,81920,303.49,400.00,1410,52
13292.3,100,54,45849,81920,361.86,400.00,1410,55
13297.36,100,44,45849,81920,392.97,400.00,1350,59
13302.41,100,51,45849,81920,325.42,400.00,1410,55
13307.47,100,51,45849,81920,360.17,400.00,1410,55
13312.53,100,49,45849,81920,372.18,400.00,1380,56
13317.59,100,51,45849,81920,366.53,400.00,1410,56
13322.65,100,52,45849,81920,264.74,400.00,1410,51
13327.71,100,56,45849,81920,277.50,400.00,1410,50
13332.78,100,59,45849,81920,280.12,400.00,1410,50
13337.84,100,62,45849,81920,285.83,400.00,1410,50
13342.9,100,49,45849,81920,373.07,400.00,1410,54
13347.96,100,45,45849,81920,389.27,400.00,1395,56
13353.02,100,50,45849,81920,347.28,400.00,1410,54
13358.08,100,53,45849,81920,354.77,400.00,1395,54
13363.14,100,51,45849,81920,341.96,400.00,1410,54
13368.2,100,57,45849,81920,328.31,400.00,1410,55
13373.25,82,41,45849,81920,363.11,400.00,1410,57
13378.32,100,53,45849,81920,262.56,400.00,1410,50
13383.37,100,56,45849,81920,268.33,400.00,1410,49
13388.43,100,58,45849,81920,261.36,400.00,1410,48
13393.49,100,58,45849,81920,265.18,400.00,1410,48
13398.55,100,55,45849,81920,360.77,400.00,1410,54
13403.61,100,45,45849,81920,298.68,400.00,1380,56
13408.67,100,51,45849,81920,343.43,400.00,1410,53
13413.73,97,79,45849,81920,303.83,400.00,1410,53
13418.8,95,48,45849,81920,366.91,400.00,1410,54
13423.85,100,51,45849,81920,331.46,400.00,1410,55
13428.92,100,51,45849,81920,257.70,400.00,1410,49
13433.98,100,55,45849,81920,257.17,400.00,1410,49
13439.04,100,59,45849,81920,269.17,400.00,1410,49
13444.09,100,62,45849,81920,280.08,400.00,1410,49
13449.15,100,55,45849,81920,367.80,400.00,1410,53
13454.21,100,45,45849,81920,386.75,400.00,1410,56
13459.27,100,51,45849,81920,325.00,400.00,1410,54
13464.34,100,61,45849,81920,329.86,400.00,1410,53
13469.4,100,51,45849,81920,357.67,400.00,1410,55
13474.47,100,50,45849,81920,321.69,400.00,1410,53
13479.53,100,50,45849,81920,361.91,400.00,1410,55
13484.59,100,54,45849,81920,265.45,400.00,1410,49
13489.65,100,57,45849,81920,279.09,400.00,1410,49
13494.71,100,61,45849,81920,283.70,400.00,1410,49
13499.81,100,62,45849,81920,286.18,400.00,1410,49
13504.87,100,50,45849,81920,357.43,400.00,1410,54
13509.93,100,45,45849,81920,369.46,400.00,1410,56
13514.97,100,51,45849,81920,332.89,400.00,1410,53
13520.03,100,51,45849,81920,257.24,400.00,1410,55
13525.09,100,55,45849,81920,333.16,400.00,1410,54
13530.15,100,51,45849,81920,326.80,400.00,1410,54
13535.21,98,78,45849,81920,334.68,400.00,1410,55
13540.27,100,54,45849,81920,264.85,400.00,1410,49
13545.33,100,58,45849,81920,275.45,400.00,1410,49
13550.39,100,61,45849,81920,288.91,400.00,1410,50
13555.45,100,63,45849,81920,288.91,400.00,1410,49
13560.5,100,48,45849,81920,355.72,400.00,1410,54
13565.56,100,44,45849,81920,303.86,400.00,1410,56
13570.64,100,51,45849,81920,365.54,400.00,1410,55
13575.7,100,51,45849,81920,372.52,400.00,1410,55
13580.76,98,67,45849,81920,287.78,400.00,1410,52
13585.82,100,51,45849,81920,358.33,400.00,1410,54
13590.88,100,50,45849,81920,263.76,400.00,1410,50
13595.94,100,57,45849,81920,277.59,400.00,1410,50
13601.0,100,59,45849,81920,281.55,400.00,1410,49
13606.06,100,60,45849,81920,279.23,400.00,1410,49
13611.11,0,0,45849,81920,86.40,400.00,1410,42
13616.19,100,49,45849,81920,329.93,400.00,1395,54
13621.26,100,44,45849,81920,365.17,400.00,1410,57
13626.32,100,50,45849,81920,339.25,400.00,1410,53
13631.37,97,66,45849,81920,312.88,400.00,1410,54
13636.43,100,50,45849,81920,360.16,400.00,1410,55
13641.49,100,51,45849,81920,326.20,400.00,1410,54
13646.55,100,51,45849,81920,251.26,400.00,1410,49
13651.61,100,57,45849,81920,276.38,400.00,1410,49
13656.67,100,62,45849,81920,290.20,400.00,1410,50
13661.73,100,65,45849,81920,292.59,400.00,1410,50
13666.79,100,67,45849,81920,305.33,400.00,1410,50
13671.85,100,56,45849,81920,372.18,400.00,1380,55
13676.91,100,45,45849,81920,387.02,400.00,1410,57
13681.97,100,51,45849,81920,340.33,400.00,1410,55
13687.02,95,48,45849,81920,378.06,400.00,1350,57
13692.12,95,47,45849,81920,383.31,400.00,1410,56
13697.17,100,50,45849,81920,361.31,400.00,1410,55
13702.23,100,51,45849,81920,260.49,400.00,1410,50
13707.28,100,57,45849,81920,280.19,400.00,1410,50
13712.34,100,61,45849,81920,285.93,400.00,1410,50
13717.39,100,62,45849,81920,288.35,400.00,1410,50
13722.45,0,0,45849,81920,86.38,400.00,1410,43
13727.5,100,61,45849,81920,392.51,400.00,1410,57
13732.57,0,0,45849,81920,200.54,400.00,1410,53
13737.63,100,51,45849,81920,332.56,400.00,1410,57
13742.68,100,51,45849,81920,332.89,400.00,1410,57
13747.74,100,49,45849,81920,379.19,400.00,1410,59
13752.79,100,50,45849,81920,346.80,400.00,1410,58
13757.85,100,54,45849,81920,268.11,400.00,1410,53
13762.9,100,56,45849,81920,279.90,400.00,1410,52
13767.96,100,59,45849,81920,280.82,400.00,1410,52
13773.01,100,58,45849,81920,274.46,400.00,1410,52
13778.07,100,55,45849,81920,368.70,400.00,1410,57
13783.13,100,45,45849,81920,344.60,400.00,1395,59
13788.18,97,67,45849,81920,363.06,400.00,1410,57
13793.23,95,48,45849,81920,371.53,400.00,1410,60
13798.29,100,52,45849,81920,329.18,400.00,1410,58
13803.36,100,50,45849,81920,331.62,400.00,1410,58
13808.41,45,31,45849,81920,251.47,400.00,1410,54
13813.46,100,55,45849,81920,271.74,400.00,1410,53
13818.52,100,59,45849,81920,287.45,400.00,1410,53
13823.58,100,63,45849,81920,292.64,400.00,1410,54
13828.63,100,65,45849,81920,304.69,400.00,1410,54
13833.68,100,54,45849,81920,358.82,400.00,1410,58
13838.74,100,36,45849,81920,312.29,400.00,1365,59
13843.8,100,51,45849,81920,357.63,400.00,1410,58
13848.85,97,62,45849,81920,327.66,400.00,1410,58
13853.91,100,51,45849,81920,263.27,400.00,1410,58
13858.96,100,51,45849,81920,356.48,400.00,1410,58
13864.01,100,51,45849,81920,261.80,400.00,1410,52
13869.07,100,54,45849,81920,261.75,400.00,1410,51
13874.12,100,56,45849,81920,271.15,400.00,1410,51
13879.18,100,58,45849,81920,272.01,400.00,1410,50
13884.24,100,48,45849,81920,373.70,400.00,1410,55
13889.3,100,37,45849,81920,376.15,400.00,1410,57
13894.36,100,51,45849,81920,340.36,400.00,1410,55
13899.42,100,51,45849,81920,342.81,400.00,1410,55
13904.47,94,47,45849,81920,380.26,400.00,1350,59
13909.53,100,50,45849,81920,326.19,400.00,1410,56
13914.59,98,77,45849,81920,311.04,400.00,1410,56
13919.65,100,55,45849,81920,90.76,400.00,1410,48
13924.7,100,60,45849,81920,286.26,400.00,1410,51
13929.76,100,64,45849,81920,291.12,400.00,1410,51
13934.82,100,66,45849,81920,297.78,400.00,1410,51
13939.87,100,61,45849,81920,371.41,400.00,1410,55
13944.93,100,36,45849,81920,385.75,400.00,1395,57
13950.03,100,51,45849,81920,334.66,400.00,1410,55
13955.09,98,76,45849,81920,324.95,400.00,1410,55
13960.15,95,48,45849,81920,362.29,400.00,1410,56
13965.21,100,51,45849,81920,334.01,400.00,1410,55
13970.27,95,46,45849,81920,362.51,400.00,1410,56
13975.33,100,53,45849,81920,268.99,400.00,1410,50
13980.39,100,58,45849,81920,280.19,400.00,1410,50
13985.45,100,59,45849,81920,284.76,400.00,1410,50
13990.5,100,62,45849,81920,288.70,400.00,1410,50
13995.56,100,59,45849,81920,339.40,400.00,1410,53
14000.61,100,49,45849,81920,367.88,400.00,1410,55
14005.67,100,44,45849,81920,365.84,400.00,1410,58
14010.73,100,51,45849,81920,337.79,400.00,1410,55
14015.79,100,50,45849,81920,303.21,400.00,1410,55
14020.85,100,50,45849,81920,354.91,400.00,1410,56
14025.91,100,50,45849,81920,351.87,400.00,1410,55
14030.97,95,46,45849,81920,365.77,400.00,1410,56
14036.03,100,54,45849,81920,266.21,400.00,1410,50
14041.09,100,60,45849,81920,285.33,400.00,1410,51
14046.15,100,63,45849,81920,297.16,400.00,1410,51
14051.21,100,65,45849,81920,296.88,400.00,1410,51
14056.27,100,61,45849,81920,419.45,400.00,1410,54
14061.35,100,49,45849,81920,402.67,400.00,1380,57
14066.41,100,51,45849,81920,353.83,400.00,1410,55
14071.47,100,48,45849,81920,252.80,400.00,1410,53
14076.53,100,51,45849,81920,337.87,400.00,1410,55
14081.59,100,62,45849,81920,356.09,400.00,1410,55
14086.65,95,48,45849,81920,373.40,400.00,1410,56
14091.72,100,54,45849,81920,269.89,400.00,1410,50
14096.77,100,59,45849,81920,281.23,400.00,1410,50
14101.83,100,64,45849,81920,296.56,400.00,1410,50
14106.89,100,67,45849,81920,305.92,400.00,1410,51
14111.97,100,54,45849,81920,360.54,400.00,1395,53
14117.03,100,40,45849,81920,366.48,400.00,1410,56
14122.09,97,64,45849,81920,367.67,400.00,1410,53
14127.15,100,51,45849,81920,347.31,400.00,1410,55
14132.21,98,72,45849,81920,343.79,400.00,1410,54
14137.27,100,51,45849,81920,335.95,400.00,1410,55
14142.33,100,51,45849,81920,367.65,400.00,1410,55
14147.39,100,54,45849,81920,264.63,400.00,1410,50
14152.45,100,59,45849,81920,284.30,400.00,1410,50
14157.52,100,61,45849,81920,287.10,400.00,1410,50
14162.58,100,60,45849,81920,280.13,400.00,1410,49
14167.64,100,52,45849,81920,347.08,400.00,1395,53
14172.7,100,47,45849,81920,424.89,400.00,1365,56
14177.76,100,59,45849,81920,374.69,400.00,1410,55
14182.82,100,51,45849,81920,331.37,400.00,1410,55
14187.88,98,64,45849,81920,317.78,400.00,1410,54
14192.95,100,51,45849,81920,357.81,400.00,1410,54
14198.05,97,76,45849,81920,314.83,400.00,1410,54
14203.12,100,54,45849,81920,266.54,400.00,1410,50
14208.19,30,17,45849,81920,270.27,400.00,1410,47
14213.26,100,62,45849,81920,287.10,400.00,1410,50
14218.32,100,62,45849,81920,284.98,400.00,1410,49
14223.38,100,49,45849,81920,369.34,400.00,1410,54
14228.43,100,40,45849,81920,380.11,400.00,1365,57
14233.49,100,51,45849,81920,349.56,400.00,1410,54
14238.55,97,66,45849,81920,357.43,400.00,1410,54
14243.61,100,51,45849,81920,359.62,400.00,1410,55
14248.67,100,51,45849,81920,314.23,400.00,1410,54
14253.73,73,38,45849,81920,246.47,400.00,1410,50
14258.79,100,55,45849,81920,266.00,400.00,1410,49
14263.85,100,56,45849,81920,265.67,400.00,1410,49
14268.92,99,58,45849,81920,270.55,400.00,1410,49
14273.97,0,0,45849,81920,85.42,400.00,1410,41
14279.04,100,51,45849,81920,360.61,400.00,1365,55
14284.1,100,43,45849,81920,387.02,400.00,1410,56
14289.16,94,47,45849,81920,365.33,400.00,1410,55
14294.21,100,60,45849,81920,371.16,400.00,1410,55
14299.27,100,66,45849,81920,303.21,400.00,1410,54
14304.33,100,50,45849,81920,349.55,400.00,1410,54
14309.41,100,52,45849,81920,261.96,400.00,1410,50
14314.47,100,58,45849,81920,274.46,400.00,1410,50
14319.54,61,36,45849,81920,282.04,400.00,1410,49
14324.59,100,59,45849,81920,275.02,400.00,1410,49
14329.65,100,55,45849,81920,362.66,400.00,1410,53
14334.71,100,55,45849,81920,357.67,400.00,1410,54
14339.77,100,45,45849,81920,315.66,400.00,1410,52
14344.83,100,60,45849,81920,348.96,400.00,1410,53
14349.89,100,51,45849,81920,341.96,400.00,1410,54
14354.94,100,50,45849,81920,430.16,400.00,1410,53
14360.0,100,51,45849,81920,323.48,400.00,1410,55
14365.05,100,51,45849,81920,259.30,400.00,1410,50
14370.1,82,45,45849,81920,91.55,400.00,1410,45
14375.16,100,56,45849,81920,262.02,400.00,1410,49
14380.22,100,58,45849,81920,269.30,400.00,1410,49
14385.27,100,60,45849,81920,335.01,400.00,1410,53
14390.33,100,49,45849,81920,372.45,400.00,1395,56
14395.39,100,51,45849,81920,306.24,400.00,1410,53
14400.44,97,61,45849,81920,443.19,400.00,1395,52
14405.49,100,51,45849,81920,316.80,400.00,1410,54
14410.55,100,49,45849,81920,322.89,400.00,1410,53
14415.6,100,51,45849,81920,330.70,400.00,1410,53
14420.66,100,53,45849,81920,260.82,400.00,1410,49
14425.71,100,59,45849,81920,273.87,400.00,1410,49
14430.77,100,61,45849,81920,279.93,400.00,1410,49
14435.82,100,64,45849,81920,286.85,400.00,1410,49
14440.88,100,54,45849,81920,361.86,400.00,1410,54
14445.93,100,45,45849,81920,393.48,400.00,1410,56
14450.98,100,51,45849,81920,319.84,400.00,1410,53
14456.04,100,51,45849,81920,356.38,400.00,1410,54
14461.12,100,51,45849,81920,373.05,400.00,1410,55
14466.18,95,47,45849,81920,375.44,400.00,1410,55
14471.25,100,50,45849,81920,322.82,400.00,1410,54
14476.31,100,56,45849,81920,269.02,400.00,1410,49
14481.37,100,61,45849,81920,285.96,400.00,1410,50
14486.43,100,64,45849,81920,289.87,400.00,1410,50
14491.48,100,65,45849,81920,293.21,400.00,1410,51
14496.54,100,55,45849,81920,360.34,400.00,1410,55
14501.6,100,45,45849,81920,394.41,400.00,1395,58
14506.65,100,51,45849,81920,352.20,400.00,1410,56
14511.72,97,67,45849,81920,357.30,400.00,1410,57
14516.79,97,67,45849,81920,340.36,400.00,1410,57
14521.86,100,59,45849,81920,387.87,400.00,1410,59
14526.92,100,52,45849,81920,262.67,400.00,1410,53
14531.97,100,58,45849,81920,283.51,400.00,1410,53
14537.03,100,63,45849,81920,295.66,400.00,1410,53
14542.08,100,65,45849,81920,309.89,400.00,1410,54
14547.14,0,0,45849,81920,89.34,400.00,1410,46
14552.19,99,63,45849,81920,332.22,400.00,1395,58
14557.25,100,45,45849,81920,380.86,400.00,1410,60
14562.31,100,51,45849,81920,367.29,400.00,1410,58
14567.36,100,50,45849,81920,356.01,400.00,1410,57
14572.42,95,47,45849,81920,344.24,400.00,1410,54
14577.49,100,50,45849,81920,328.31,400.00,1410,57
14582.55,100,52,45849,81920,265.66,400.00,1410,52
14587.61,100,58,45849,81920,281.46,400.00,1410,51
14592.67,100,63,45849,81920,298.66,400.00,1410,51
14597.72,100,64,45849,81920,295.95,400.00,1410,51
14602.78,0,0,45849,81920,87.21,400.00,1410,43
14607.84,100,54,45849,81920,352.70,400.00,1410,56
14612.9,100,37,45849,81920,108.00,400.00,1395,51
14617.96,98,75,45849,81920,325.86,400.00,1410,55
14623.02,100,51,45849,81920,330.10,400.00,1410,55
14628.08,100,50,45849,81920,323.48,400.00,1410,55
14633.19,97,71,45849,81920,324.34,400.00,1410,55
14638.25,100,53,45849,81920,266.03,400.00,1410,50
14643.31,100,59,45849,81920,284.47,400.00,1410,51
14648.39,100,63,45849,81920,299.29,400.00,1410,51
14653.45,100,67,45849,81920,307.21,400.00,1410,52
14658.51,100,55,45849,81920,363.11,400.00,1410,54
14663.57,100,49,45849,81920,375.83,400.00,1395,58
14668.66,100,53,45849,81920,360.86,400.00,1395,56
14673.72,100,51,45849,81920,332.58,400.00,1410,57
14678.78,100,59,45849,81920,348.60,400.00,1410,57
14683.84,94,48,45849,81920,368.65,400.00,1410,57
14688.91,100,51,45849,81920,330.20,400.00,1410,56
14693.96,100,53,45849,81920,264.47,400.00,1410,51
14699.02,100,57,45849,81920,279.88,400.00,1410,51
14704.08,100,60,45849,81920,282.34,400.00,1410,50
14709.14,100,62,45849,81920,284.74,400.00,1410,50
14714.2,100,55,45849,81920,354.72,400.00,1410,55
14719.26,100,45,45849,81920,378.27,400.00,1410,57
14724.34,100,51,45849,81920,355.28,400.00,1410,55
14729.41,100,49,45849,81920,390.06,400.00,1365,56
14734.47,100,52,45849,81920,318.05,400.00,1410,54
14739.53,100,59,45849,81920,380.65,400.00,1410,56
14744.59,100,50,45849,81920,260.11,400.00,1410,50
14749.64,100,57,45849,81920,280.66,400.00,1410,50
14754.7,100,60,45849,81920,285.83,400.00,1410,50
14759.76,100,63,45849,81920,298.40,400.00,1410,50
14764.82,100,64,45849,81920,295.67,400.00,1410,50
14769.87,99,55,45849,81920,346.72,400.00,1410,54
14774.94,100,45,45849,81920,392.67,400.00,1410,57
14780.0,100,50,45849,81920,348.00,400.00,1410,54
14785.06,100,51,45849,81920,307.88,400.00,1410,54
14790.12,97,78,45849,81920,422.82,400.00,1410,54
14795.17,97,49,45849,81920,373.62,400.00,1410,55
14800.23,100,52,45849,81920,260.55,400.00,1410,50
14805.29,100,56,45849,81920,269.58,400.00,1410,49
14810.35,100,56,45849,81920,260.49,400.00,1410,49
14815.41,100,57,45849,81920,258.97,400.00,1410,48
14820.47,100,54,45849,81920,354.36,400.00,1410,53
14825.53,100,37,45849,81920,463.84,400.00,1380,55
14830.59,97,79,45849,81920,357.70,400.00,1410,54
14835.65,95,49,45849,81920,356.39,400.00,1410,55
14840.73,100,51,45849,81920,332.25,400.00,1410,53
14845.79,100,49,45849,81920,345.15,400.00,1410,53
14850.85,100,51,45849,81920,313.10,400.00,1410,54
14855.92,100,55,45849,81920,269.40,400.00,1410,50
14860.98,100,61,45849,81920,290.47,400.00,1410,50
14866.04,100,65,45849,81920,306.86,400.00,1410,50
14871.09,100,68,45849,81920,310.16,400.00,1410,51
14876.16,100,55,45849,81920,360.72,400.00,1410,54
14881.22,99,45,45849,81920,395.01,400.00,1410,58
14886.3,100,51,45849,81920,359.24,400.00,1410,55
14891.36,97,78,45849,81920,371.15,400.00,1395,54
14896.42,100,52,45849,81920,355.92,400.00,1410,55
14901.48,97,78,45849,81920,363.93,400.00,1410,55
14906.54,100,49,45849,81920,260.85,400.00,1410,51
14911.6,100,56,45849,81920,275.72,400.00,1410,50
14916.66,100,59,45849,81920,272.09,400.00,1410,49
14921.72,100,58,45849,81920,268.42,400.00,1410,49
14926.78,13,8,45849,81920,88.11,400.00,1410,43
14931.84,100,54,45849,81920,361.38,400.00,1410,54
14936.9,100,43,45849,81920,399.40,400.00,1380,57
14941.96,100,51,45849,81920,310.67,400.00,1410,54
14947.01,100,49,45849,81920,324.09,400.00,1410,54
14952.07,94,47,45849,81920,359.71,400.00,1410,55
14957.13,100,51,45849,81920,318.98,400.00,1410,53
14962.19,100,51,45849,81920,258.37,400.00,1410,50
14967.25,100,57,45849,81920,277.79,400.00,1410,50
14972.31,100,62,45849,81920,290.77,400.00,1410,49
14977.37,100,66,45849,81920,304.72,400.00,1410,50
14982.44,100,66,45849,81920,90.35,400.00,1410,46
14987.49,100,49,45849,81920,351.91,400.00,1410,54
14992.56,100,36,45849,81920,354.53,400.00,1395,56
14997.62,100,51,45849,81920,323.49,400.00,1410,54
15002.68,100,49,45849,81920,300.80,400.00,1410,54
15007.73,100,49,45849,81920,358.49,400.00,1410,57
15012.8,100,50,45849,81920,355.92,400.00,1410,55
15017.86,100,50,45849,81920,254.65,400.00,1410,49
15022.92,100,56,45849,81920,261.69,400.00,1410,49
15027.98,100,58,45849,81920,265.34,400.00,1410,49
15033.04,100,58,45849,81920,264.79,400.00,1410,48
15038.1,100,48,45849,81920,302.01,400.00,1395,52
15043.22,100,49,45849,81920,360.11,400.00,1410,55
15048.31,97,72,45849,81920,223.22,400.00,1395,50
15053.37,100,51,45849,81920,325.61,400.00,1410,53
15058.42,100,49,45849,81920,339.84,400.00,1410,54
15063.48,94,46,45849,81920,286.55,400.00,1395,52
15068.53,100,51,45849,81920,341.04,400.00,1410,54
15073.59,100,53,45849,81920,263.54,400.00,1410,50
15078.65,100,57,45849,81920,275.02,400.00,1410,51
15083.72,100,57,45849,81920,268.70,400.00,1410,51
15088.78,100,56,45849,81920,251.15,400.00,1410,50
15093.83,100,50,45849,81920,379.08,400.00,1410,57
15098.88,100,45,45849,81920,404.15,400.00,1410,60
15103.94,100,58,45849,81920,396.01,400.00,1410,58
15109.0,97,65,45849,81920,271.42,400.00,1395,55
15114.05,100,51,45849,81920,362.13,400.00,1410,58
15119.13,100,49,45849,81920,322.82,400.00,1410,57
15124.19,100,51,45849,81920,264.46,400.00,1410,53
15129.24,100,57,45849,81920,278.07,400.00,1410,53
15134.3,100,58,45849,81920,284.14,400.00,1410,53
15139.36,100,59,45849,81920,269.30,400.00,1410,52
15144.43,100,52,45849,81920,362.73,400.00,1410,56
15149.48,100,49,45849,81920,322.82,400.00,1395,57
15154.54,100,45,45849,81920,259.96,400.00,1395,58
15159.59,100,49,45849,81920,274.14,400.00,1410,56
15164.65,100,51,45849,81920,323.15,400.00,1410,58
15169.7,99,49,45849,81920,411.60,400.00,1365,58
15174.76,100,51,45849,81920,341.88,400.00,1410,59
15179.81,100,51,45849,81920,265.66,400.00,1410,54
15184.86,100,58,45849,81920,278.69,400.00,1410,54
15189.94,100,61,45849,81920,293.23,400.00,1410,53
15195.0,100,65,45849,81920,295.62,400.00,1410,53
15200.05,64,43,45849,81920,95.10,400.00,1410,46
15205.13,99,54,45849,81920,350.35,400.00,1395,56
15210.18,100,42,45849,81920,375.76,400.00,1410,59
15215.24,100,51,45849,81920,375.44,400.00,1410,57
15220.29,100,59,45849,81920,347.67,400.00,1410,56
15225.35,100,51,45849,81920,331.04,400.00,1410,57
15230.41,100,50,45849,81920,420.33,400.00,1395,56
15235.48,100,53,45849,81920,266.03,400.00,1410,52
15240.53,100,58,45849,81920,282.32,400.00,1410,53
15245.59,100,60,45849,81920,286.89,400.00,1410,53
15250.65,100,64,45849,81920,298.38,400.00,1410,53
15255.71,100,57,45849,81920,370.93,400.00,1410,56
15260.77,100,51,45849,81920,396.52,400.00,1380,57
15265.82,97,79,45849,81920,351.87,400.00,1410,55
15270.88,100,51,45849,81920,365.77,400.00,1410,56
15275.94,100,59,45849,81920,381.79,400.00,1410,57
15281.0,100,49,45849,81920,410.24,400.00,1395,55
15286.06,100,51,45849,81920,338.24,400.00,1410,56
15291.12,100,53,45849,81920,267.51,400.00,1410,51
15296.17,100,58,45849,81920,278.38,400.00,1410,50
15301.23,100,61,45849,81920,282.92,400.00,1410,50
15306.29,100,63,45849,81920,294.11,400.00,1410,50
15311.35,100,56,45849,81920,376.95,400.00,1410,55
15316.41,100,45,45849,81920,392.37,400.00,1410,58
15321.47,100,51,45849,81920,215.77,400.00,1410,56
15326.52,100,52,45849,81920,369.40,400.00,1410,56
15331.58,100,50,45849,81920,406.40,400.00,1380,57
15336.64,95,52,45849,81920,376.15,400.00,1410,57
15341.7,82,43,45849,81920,260.49,400.00,1410,52
15346.76,100,56,45849,81920,278.95,400.00,1410,51
15351.81,100,60,45849,81920,289.30,400.00,1410,51
15356.92,100,62,45849,81920,294.73,400.00,1410,51
15362.02,100,65,45849,81920,295.02,400.00,1410,51
15367.09,100,50,45849,81920,355.88,400.00,1395,54
15372.15,100,41,45849,81920,368.38,400.00,1410,57
15377.21,100,52,45849,81920,320.77,400.00,1410,54
15382.27,94,47,45849,81920,468.43,400.00,1395,56
15387.33,100,51,45849,81920,349.52,400.00,1410,55
15392.39,94,47,45849,81920,359.42,400.00,1410,56
15397.45,100,51,45849,81920,370.98,400.00,1410,55
15402.51,100,54,45849,81920,261.63,400.00,1410,50
15407.57,100,58,45849,81920,275.63,400.00,1410,49
15412.63,100,62,45849,81920,287.18,400.00,1410,50
15417.7,14,9,45849,81920,287.44,400.00,1410,49
15422.78,100,49,45849,81920,347.29,400.00,1410,54
15427.85,100,37,45849,81920,364.73,400.00,1410,57
15432.91,100,51,45849,81920,352.21,400.00,1410,54
15437.97,100,51,45849,81920,370.93,400.00,1410,54
15443.03,100,57,45849,81920,377.30,400.00,1410,55
15448.09,100,51,45849,81920,302.97,400.00,1410,56
15453.15,100,50,45849,81920,261.63,400.00,1410,50
15458.21,100,56,45849,81920,268.08,400.00,1410,49
15463.27,100,60,45849,81920,282.49,400.00,1410,49
15468.32,100,64,45849,81920,289.19,400.00,1410,50
15473.38,58,29,45849,81920,365.76,400.00,1410,50
15478.44,100,49,45849,81920,360.54,400.00,1410,55
15483.5,100,39,45849,81920,91.05,400.00,1410,47
15488.56,97,72,45849,81920,323.48,400.00,1410,54
15493.62,93,46,45849,81920,371.59,400.00,1410,55
15498.68,100,51,45849,81920,318.65,400.00,1410,54
15503.74,98,67,45849,81920,373.43,400.00,1395,55
15508.8,100,53,45849,81920,269.58,400.00,1410,50
15513.86,100,58,45849,81920,281.27,400.00,1410,50
15518.91,100,63,45849,81920,293.21,400.00,1410,50
15523.97,100,66,45849,81920,302.99,400.00,1410,50
15529.03,100,49,45849,81920,357.46,400.00,1380,53
15534.09,100,61,45849,81920,380.47,400.00,1410,55
15539.15,100,49,45849,81920,409.70,400.00,1380,58
15544.21,95,49,45849,81920,376.54,400.00,1410,56
15549.27,97,79,45849,81920,330.10,400.00,1410,55
15554.33,100,52,45849,81920,362.51,400.00,1410,56
15559.39,90,55,45849,81920,325.86,400.00,1410,54
15564.45,100,50,45849,81920,261.42,400.00,1410,52
15569.52,100,57,45849,81920,283.48,400.00,1410,51
15574.58,100,62,45849,81920,291.37,400.00,1410,51
15579.66,100,64,45849,81920,294.41,400.00,1410,51
15584.77,100,65,45849,81920,294.74,400.00,1410,50
15589.91,100,50,45849,81920,354.07,400.00,1395,55
15594.97,100,45,45849,81920,319.10,400.00,1410,58
15600.03,100,50,45849,81920,376.18,400.00,1410,56
15605.08,100,51,45849,81920,328.14,400.00,1410,55
15610.14,100,50,45849,81920,286.80,400.00,1410,55
15615.2,100,52,45849,81920,358.96,400.00,1410,55
15620.26,100,51,45849,81920,264.40,400.00,1410,50
15625.33,100,58,45849,81920,276.66,400.00,1410,50
15630.38,100,63,45849,81920,295.04,400.00,1410,50
15635.45,100,66,45849,81920,304.80,400.00,1410,51
15640.5,0,0,45849,81920,87.93,400.00,1410,44
15645.56,100,50,45849,81920,348.33,400.00,1395,55
15650.62,100,45,45849,81920,394.17,400.00,1410,58
15655.68,100,64,45849,81920,381.39,400.00,1410,56
15660.78,94,48,45849,81920,367.07,400.00,1410,56
15665.84,100,52,45849,81920,343.76,400.00,1410,55
15670.9,95,48,45849,81920,422.41,400.00,1395,54
15675.96,100,51,45849,81920,260.23,400.00,1410,51
15681.02,100,56,45849,81920,275.03,400.00,1410,50
15686.08,100,59,45849,81920,282.49,400.00,1410,50
15691.14,100,62,45849,81920,283.49,400.00,1410,50
15696.2,0,0,45849,81920,86.79,400.00,1410,43
15701.26,100,53,45849,81920,381.58,400.00,1410,55
15706.32,100,45,45849,81920,370.45,400.00,1410,57
15711.38,99,49,45849,81920,295.95,400.00,1395,52
15716.43,100,51,45849,81920,342.76,400.00,1410,55
15721.49,100,53,45849,81920,316.96,400.00,1410,55
15726.55,95,47,45849,81920,370.71,400.00,1410,56
15731.61,100,52,45849,81920,265.94,400.00,1410,50
15736.67,100,58,45849,81920,276.27,400.00,1410,50
15741.72,100,59,45849,81920,277.78,400.00,1410,50
15746.78,100,64,45849,81920,290.50,400.00,1410,50
15751.83,100,50,45849,81920,360.99,400.00,1335,54
15756.89,100,49,45849,81920,391.39,400.00,1410,57
15761.95,0,0,45849,81920,87.90,400.00,1410,45
15767.01,100,51,45849,81920,329.85,400.00,1410,56
15772.07,100,57,45849,81920,304.45,400.00,1380,54
15777.12,95,47,45849,81920,370.33,400.00,1365,58
15782.18,95,49,45849,81920,378.80,400.00,1410,58
15787.23,100,54,45849,81920,272.01,400.00,1410,52
15792.29,100,60,45849,81920,288.37,400.00,1410,53
15797.34,100,64,45849,81920,298.65,400.00,1410,53
15802.4,100,66,45849,81920,307.12,400.00,1410,54
15807.45,100,55,45849,81920,376.36,400.00,1335,58
15812.5,100,49,45849,81920,373.32,400.00,1395,59
15817.56,100,51,45849,81920,229.08,400.00,1410,58
15822.61,95,47,45849,81920,395.42,400.00,1410,60
15827.67,100,51,45849,81920,372.12,400.00,1410,59
15832.72,100,52,45849,81920,370.33,400.00,1410,59
15837.78,100,50,45849,81920,107.12,400.00,1410,56
15842.84,100,55,45849,81920,268.42,400.00,1410,54
15847.89,100,56,45849,81920,275.37,400.00,1410,53
15852.94,100,59,45849,81920,279.01,400.00,1410,52
15858.0,100,62,45849,81920,280.53,400.00,1410,52
15863.05,100,61,45849,81920,358.45,400.00,1410,57
15868.1,100,50,45849,81920,93.31,400.00,1410,54
15873.16,100,51,45849,81920,332.54,400.00,1410,56
15878.22,100,59,45849,81920,385.75,400.00,1410,57
15883.28,100,51,45849,81920,314.68,400.00,1410,55
15888.33,100,51,45849,81920,377.55,400.00,1410,56
15893.39,100,55,45849,81920,270.83,400.00,1410,51
15898.45,100,60,45849,81920,288.07,400.00,1410,51
15903.5,100,65,45849,81920,298.66,400.00,1410,52
15908.55,100,66,45849,81920,304.73,400.00,1410,52
15913.6,100,55,45849,81920,373.32,400.00,1410,57
15918.66,100,36,45849,81920,344.08,400.00,1395,59
15923.71,100,51,45849,81920,328.91,400.00,1410,57
15928.77,100,51,45849,81920,376.95,400.00,1410,59
15933.82,100,52,45849,81920,360.11,400.00,1410,58
15938.88,98,78,45849,81920,328.92,400.00,1410,58
15943.93,100,49,45849,81920,257.77,400.00,1410,54
15948.99,100,55,45849,81920,277.22,400.00,1410,54
15954.04,100,58,45849,81920,282.05,400.00,1410,53
15959.1,100,61,45849,81920,291.42,400.00,1410,53
15964.16,100,62,45849,81920,96.62,400.00,1410,49
15969.22,99,56,45849,81920,294.75,400.00,1365,58
15974.28,100,45,45849,81920,381.72,400.00,1395,60
15979.34,100,50,45849,81920,349.76,400.00,1410,57
15984.4,98,78,45849,81920,335.53,400.00,1410,56
15989.45,95,47,45849,81920,371.53,400.00,1410,58
15994.51,100,51,45849,81920,320.11,400.00,1410,56
15999.57,100,51,45849,81920,264.78,400.00,1410,51
16004.62,100,56,45849,81920,268.75,400.00,1410,51
16009.68,100,58,45849,81920,269.90,400.00,1410,50
16014.73,100,58,45849,81920,272.06,400.00,1410,50
16019.79,100,56,45849,81920,370.82,400.00,1410,55
16024.85,100,37,45849,81920,344.92,400.00,1410,58
16029.9,100,50,45849,81920,311.96,400.00,1410,55
16034.96,100,53,45849,81920,357.90,400.00,1410,55
16040.02,100,50,45849,81920,309.25,400.00,1410,54
16045.08,100,51,45849,81920,359.64,400.00,1410,55
16050.14,100,50,45849,81920,368.49,400.00,1410,57
16055.2,100,54,45849,81920,96.89,400.00,1410,47
16060.26,100,60,45849,81920,286.51,400.00,1410,51
16065.32,100,64,45849,81920,298.72,400.00,1410,51
16070.38,100,68,45849,81920,313.37,400.00,1410,52
16075.44,100,54,45849,81920,375.55,400.00,1410,56
16080.51,100,36,45849,81920,406.96,400.00,1380,57
16085.58,100,51,45849,81920,333.85,400.00,1410,57
16090.69,100,51,45849,81920,340.12,400.00,1410,57
16095.75,95,47,45849,81920,371.32,400.00,1410,58
16100.81,100,51,45849,81920,333.88,400.00,1410,57
16105.86,100,59,45849,81920,359.01,400.00,1410,56
16110.92,100,55,45849,81920,271.43,400.00,1410,51
16115.98,100,60,45849,81920,287.18,400.00,1410,51
16121.04,100,65,45849,81920,299.28,400.00,1410,51
16126.1,100,68,45849,81920,311.14,400.00,1410,52
16131.16,100,50,45849,81920,317.13,400.00,1410,55
16136.22,100,45,45849,81920,381.51,400.00,1410,57
16141.28,94,47,45849,81920,361.31,400.00,1410,56
16146.34,100,49,45849,81920,376.42,400.00,1410,56
16151.4,100,51,45849,81920,358.14,400.00,1410,56
16156.45,97,62,45849,81920,368.59,400.00,1410,55
16161.52,76,40,45849,81920,255.32,400.00,1410,51
16166.57,100,54,45849,81920,264.36,400.00,1410,50
16171.65,78,45,45849,81920,266.49,400.00,1410,48
16176.7,100,60,45849,81920,273.22,400.00,1410,49
16181.76,19,9,45849,81920,319.91,400.00,1410,48
16186.82,100,50,45849,81920,337.65,400.00,1395,54
16191.88,84,42,45849,81920,357.22,400.00,1410,55
16196.94,100,51,45849,81920,340.44,400.00,1410,54
16202.03,100,66,45849,81920,293.50,400.00,1410,53
16207.09,100,48,45849,81920,404.07,400.00,1395,53
16212.15,100,50,45849,81920,367.80,400.00,1410,56
16217.21,100,54,45849,81920,265.94,400.00,1410,50
16222.27,100,59,45849,81920,280.67,400.00,1410,49
16227.33,100,63,45849,81920,288.97,400.00,1410,50
16232.39,13,9,45849,81920,295.93,400.00,1410,49
16237.45,100,59,45849,81920,390.06,400.00,1395,53
16242.51,100,47,45849,81920,414.90,400.00,1380,57
16247.57,100,49,45849,81920,476.42,400.00,1410,56
16252.63,100,50,45849,81920,312.89,400.00,1410,54
16257.69,97,68,45849,81920,366.86,400.00,1410,55
16262.75,94,47,45849,81920,362.51,400.00,1410,55
16267.81,100,50,45849,81920,326.54,400.00,1410,55
16272.86,100,54,45849,81920,265.02,400.00,1410,50
16277.93,100,57,45849,81920,271.70,400.00,1410,49
16282.99,100,62,45849,81920,282.31,400.00,1410,49
16288.05,100,64,45849,81920,294.73,400.00,1410,50
16293.11,100,55,45849,81920,364.03,400.00,1410,54
16298.17,100,42,45849,81920,386.42,400.00,1365,56
16303.23,95,48,45849,81920,368.87,400.00,1410,55
16308.29,100,52,45849,81920,307.12,400.00,1410,54
16313.35,100,51,45849,81920,356.29,400.00,1410,54
16318.4,95,48,45849,81920,366.31,400.00,1410,55
16323.47,100,51,45849,81920,260.11,400.00,1410,50
16328.52,33,19,45849,81920,284.30,400.00,1410,50
16333.58,100,62,45849,81920,295.65,400.00,1410,51
16338.64,100,66,45849,81920,304.15,400.00,1410,52
16343.7,100,65,45849,81920,301.08,400.00,1410,52
16348.76,99,60,45849,81920,307.17,400.00,1395,56
16353.82,100,49,45849,81920,389.06,400.00,1410,58
16358.88,100,57,45849,81920,348.39,400.00,1410,55
16363.94,97,47,45849,81920,360.01,400.00,1410,56
16369.0,100,51,45849,81920,325.62,400.00,1410,55
16374.08,100,50,45849,81920,368.05,400.00,1410,55
16379.14,100,50,45849,81920,259.24,400.00,1410,49
16384.2,100,56,45849,81920,270.50,400.00,1410,50
16389.27,100,59,45849,81920,278.95,400.00,1410,50
16394.32,100,62,45849,81920,282.94,400.00,1410,50
16399.39,100,64,45849,81920,291.98,400.00,1410,48
16404.45,100,55,45849,81920,358.97,400.00,1410,54
16409.51,100,49,45849,81920,410.24,400.00,1380,57
16414.57,100,51,45849,81920,348.72,400.00,1410,54
16419.63,100,50,45849,81920,346.83,400.00,1410,55
16424.69,94,46,45849,81920,359.20,400.00,1380,56
16429.75,100,51,45849,81920,326.51,400.00,1410,55
16434.83,63,33,45849,81920,261.98,400.00,1410,49
16439.89,100,57,45849,81920,274.15,400.00,1410,50
16444.95,100,60,45849,81920,277.79,400.00,1410,50
16450.04,100,62,45849,81920,278.39,400.00,1410,50
16455.12,0,0,45849,81920,89.52,400.00,1410,43
16460.22,100,56,45849,81920,385.82,400.00,1410,55
16465.29,26,18,45849,81920,354.36,400.00,1410,52
16470.35,100,51,45849,81920,351.08,400.00,1410,55
16475.49,97,74,45849,81920,390.66,400.00,1395,54
16480.55,100,51,45849,81920,370.39,400.00,1410,55
16485.61,100,50,45849,81920,355.88,400.00,1410,55
16490.66,100,52,45849,81920,256.31,400.00,1410,50
16495.72,100,54,45849,81920,255.05,400.00,1410,47
16500.78,100,54,45849,81920,246.89,400.00,1410,48
16505.84,100,58,45849,81920,257.51,400.00,1410,48
16510.93,100,49,45849,81920,373.43,400.00,1410,55
16515.99,100,45,45849,81920,412.62,400.00,1380,58
16521.06,100,51,45849,81920,379.47,400.00,1410,57
16526.11,100,57,45849,81920,299.26,400.00,1410,56
16531.16,94,48,45849,81920,372.84,400.00,1410,57
16536.22,100,52,45849,81920,347.96,400.00,1410,56
16541.27,100,51,45849,81920,303.49,400.00,1410,54
16546.32,100,56,45849,81920,276.86,400.00,1410,53
16551.38,100,61,45849,81920,294.41,400.00,1410,53
16556.44,100,66,45849,81920,312.89,400.00,1410,54
16561.5,100,68,45849,81920,314.09,400.00,1410,54
16566.55,100,49,45849,81920,363.06,400.00,1320,58
16571.61,100,37,45849,81920,399.32,400.00,1350,60
16576.66,100,59,45849,81920,367.29,400.00,1410,59
16581.71,97,74,45849,81920,373.05,400.00,1410,58
16586.77,100,49,45849,81920,370.93,400.00,1395,58
16591.83,100,51,45849,81920,373.92,400.00,1410,59
16596.89,44,22,45849,81920,258.70,400.00,1410,53
16601.94,100,57,45849,81920,282.32,400.00,1410,54
16607.0,100,60,45849,81920,285.64,400.00,1410,53
16612.05,100,61,45849,81920,288.68,400.00,1410,52
16617.1,100,64,45849,81920,294.75,400.00,1410,52
16622.16,99,54,45849,81920,355.51,400.00,1410,56
16627.21,100,36,45849,81920,354.26,400.00,1395,57
16632.27,100,56,45849,81920,354.91,400.00,1410,56
16637.33,100,51,45849,81920,351.54,400.00,1410,56
16642.38,100,50,45849,81920,327.06,400.00,1410,56
16647.44,94,47,45849,81920,373.32,400.00,1410,57
16652.5,100,50,45849,81920,256.91,400.00,1410,52
16657.55,100,56,45849,81920,279.93,400.00,1410,52
16662.61,100,59,45849,81920,284.47,400.00,1410,52
16667.66,100,57,45849,81920,272.94,400.00,1410,52
16672.71,0,0,45849,81920,88.14,400.00,1410,44
16677.77,100,55,45849,81920,369.40,400.00,1410,58
16682.82,100,36,45849,81920,114.47,400.00,1395,53
16687.88,100,52,45849,81920,380.99,400.00,1410,58
16692.93,100,51,45849,81920,323.48,400.00,1410,58
16698.0,88,62,45849,81920,167.19,400.00,1410,55
16703.05,100,51,45849,81920,378.40,400.00,1410,57
16708.11,100,53,45849,81920,266.03,400.00,1410,52
16713.17,100,58,45849,81920,273.85,400.00,1410,51
16718.22,100,58,45849,81920,274.73,400.00,1410,50
16723.28,100,59,45849,81920,274.14,400.00,1410,50
16728.34,100,55,45849,81920,379.87,400.00,1410,55
16733.39,100,44,45849,81920,295.62,400.00,1395,57
16738.45,100,51,45849,81920,344.92,400.00,1410,55
16743.63,100,50,45849,81920,359.15,400.00,1410,56
16748.68,95,46,45849,81920,433.35,400.00,1395,56
16753.74,100,51,45849,81920,331.89,400.00,1410,57
16758.8,100,50,45849,81920,258.10,400.00,1410,53
16763.85,100,57,45849,81920,279.30,400.00,1410,53
16768.91,26,16,45849,81920,290.50,400.00,1410,52
16773.97,100,65,45849,81920,302.29,400.00,1410,53
16779.02,100,67,45849,81920,307.73,400.00,1410,53
16784.08,100,56,45849,81920,376.68,400.00,1320,58
16789.14,100,45,45849,81920,306.81,400.00,1380,57
16794.2,100,49,45849,81920,365.99,400.00,1410,57
16799.25,100,51,45849,81920,373.85,400.00,1410,56
16804.32,100,54,45849,81920,284.14,400.00,1410,53
16809.37,100,51,45849,81920,353.06,400.00,1410,56
16814.46,100,49,45849,81920,258.16,400.00,1410,51
16819.51,100,56,45849,81920,275.98,400.00,1410,51
16824.57,100,61,45849,81920,288.02,400.00,1410,51
16829.63,100,64,45849,81920,296.28,400.00,1410,52
16834.7,100,64,45849,81920,298.10,400.00,1410,52
16839.75,100,59,45849,81920,385.70,400.00,1395,56
16844.81,100,46,45849,81920,375.21,400.00,1380,60
16849.93,100,51,45849,81920,335.03,400.00,1410,56
16854.99,100,66,45849,81920,368.87,400.00,1410,57
16860.06,100,51,45849,81920,356.10,400.00,1410,56
16865.12,100,64,45849,81920,391.89,400.00,1410,57
16870.19,100,49,45849,81920,262.89,400.00,1410,52
16875.31,100,55,45849,81920,274.99,400.00,1410,51
16880.38,100,60,45849,81920,286.13,400.00,1410,51
16885.44,100,61,45849,81920,289.85,400.00,1410,50
16890.51,100,59,45849,81920,277.94,400.00,1410,50
16895.62,100,50,45849,81920,375.98,400.00,1410,55
16900.68,100,36,45849,81920,395.12,400.00,1395,57
16905.74,98,80,45849,81920,384.90,400.00,1410,56
16910.81,98,79,45849,81920,345.92,400.00,1410,54
16915.88,100,49,45849,81920,314.91,400.00,1380,54
16920.95,100,51,45849,81920,349.21,400.00,1410,55
16926.04,100,52,45849,81920,263.10,400.00,1410,50
16931.12,100,58,45849,81920,276.87,400.00,1410,50
16936.19,100,63,45849,81920,296.56,400.00,1410,51
16941.24,100,67,45849,81920,308.05,400.00,1410,51
16946.3,40,27,45849,81920,88.00,400.00,1410,44
16951.36,100,49,45849,81920,349.79,400.00,1395,55
16956.42,100,44,45849,81920,399.92,400.00,1410,57
16961.48,95,51,45849,81920,383.97,400.00,1410,55
16966.54,100,51,45849,81920,345.30,400.00,1410,55
16971.6,97,80,45849,81920,336.83,400.00,1410,55
16976.66,100,51,45849,81920,326.79,400.00,1410,55
16981.72,100,52,45849,81920,261.63,400.00,1410,50
16986.77,100,56,45849,81920,265.56,400.00,1410,50
16991.84,100,59,45849,81920,275.03,400.00,1410,49
16996.9,100,63,45849,81920,288.35,400.00,1410,50
17001.95,100,49,45849,81920,366.26,400.00,1410,53
17007.01,100,45,45849,81920,399.23,400.00,1410,58
17012.07,100,51,45849,81920,332.56,400.00,1410,53
17017.13,97,79,45849,81920,380.85,400.00,1410,55
17022.19,97,78,45849,81920,328.06,400.00,1395,54
17027.25,96,49,45849,81920,354.13,400.00,1410,54
17032.31,100,52,45849,81920,342.92,400.00,1410,54
17037.37,100,55,45849,81920,263.70,400.00,1410,50
17042.43,100,60,45849,81920,281.26,400.00,1410,50
17047.54,100,64,45849,81920,287.10,400.00,1410,50
17052.6,100,66,45849,81920,299.27,400.00,1410,50
17057.66,100,54,45849,81920,356.61,400.00,1410,54
17062.72,100,44,45849,81920,378.06,400.00,1410,56
17067.78,100,51,45849,81920,347.19,400.00,1410,55
17072.84,100,50,45849,81920,360.27,400.00,1410,55
17077.9,95,48,45849,81920,356.83,400.00,1410,55
17082.96,100,51,45849,81920,336.34,400.00,1410,55
17088.02,100,51,45849,81920,348.23,400.00,1410,55
17093.08,100,55,45849,81920,270.55,400.00,1410,50
17098.14,100,60,45849,81920,239.94,400.00,1410,48
17103.2,100,64,45849,81920,291.71,400.00,1410,50
17108.26,100,64,45849,81920,293.52,400.00,1410,50
17113.32,100,54,45849,81920,364.85,400.00,1410,54
17118.38,100,36,45849,81920,370.07,400.00,1410,57
17123.44,100,57,45849,81920,340.95,400.00,1410,54
17128.5,100,51,45849,81920,373.11,400.00,1410,55
17133.57,100,51,45849,81920,327.14,400.00,1410,55
17138.62,97,78,45849,81920,368.32,400.00,1410,55
17143.68,91,47,45849,81920,165.06,400.00,1410,50
17148.74,100,53,45849,81920,257.02,400.00,1410,49
17153.8,100,55,45849,81920,264.73,400.00,1410,49
17158.86,100,55,45849,81920,252.47,400.00,1410,48
17163.92,100,55,45849,81920,372.14,400.00,1380,53
17168.98,100,52,45849,81920,292.03,400.00,1380,54
17174.04,100,64,45849,81920,343.52,400.00,1410,54
17179.1,94,47,45849,81920,370.13,400.00,1410,54
17184.18,100,51,45849,81920,293.51,400.00,1410,53
17189.28,96,76,45849,81920,252.96,400.00,1410,53
17194.35,100,51,45849,81920,338.66,400.00,1410,54
17199.41,100,54,45849,81920,268.51,400.00,1410,49
17204.47,100,56,45849,81920,264.36,400.00,1410,49
17209.53,100,57,45849,81920,265.88,400.00,1410,48
17214.59,100,60,45849,81920,271.26,400.00,1410,48
17219.65,100,59,45849,81920,370.93,400.00,1410,54
17224.72,100,49,45849,81920,397.68,400.00,1380,57
17229.78,94,47,45849,81920,377.89,400.00,1410,55
17234.84,100,51,45849,81920,293.55,400.00,1410,53
17239.91,97,78,45849,81920,330.44,400.00,1410,54
17244.97,100,50,45849,81920,369.46,400.00,1410,55
17250.04,100,50,45849,81920,256.58,400.00,1410,50
17255.14,100,57,45849,81920,272.90,400.00,1410,49
17260.19,100,61,45849,81920,287.45,400.00,1410,50
17265.27,100,66,45849,81920,301.37,400.00,1410,50
17270.33,100,68,45849,81920,309.57,400.00,1410,51
17275.42,100,49,45849,81920,354.95,400.00,1410,54
17280.48,100,36,45849,81920,382.78,400.00,1380,58
17285.55,100,59,45849,81920,292.62,400.00,1365,54
17290.6,100,51,45849,81920,334.66,400.00,1410,55
17295.66,100,51,45849,81920,254.72,400.00,1410,55
17300.75,95,48,45849,81920,355.55,400.00,1410,57
17305.82,100,50,45849,81920,261.48,400.00,1410,52
17310.88,100,55,45849,81920,267.78,400.00,1410,51
17315.95,100,58,45849,81920,269.30,400.00,1410,51
17321.0,100,61,45849,81920,283.84,400.00,1410,52
17326.05,100,50,45849,81920,358.22,400.00,1410,54
17331.17,100,62,45849,81920,369.08,400.00,1410,58
17336.22,47,23,45849,81920,309.25,400.00,1395,56
17341.28,100,52,45849,81920,352.23,400.00,1410,57
17346.33,97,79,45849,81920,348.23,400.00,1410,57
17351.39,100,51,45849,81920,336.45,400.00,1410,58
17356.44,100,51,45849,81920,364.25,400.00,1410,58
17361.5,100,52,45849,81920,266.91,400.00,1410,53
17366.55,100,58,45849,81920,278.38,400.00,1410,53
17371.6,100,60,45849,81920,287.78,400.00,1410,53
17376.66,100,63,45849,81920,295.34,400.00,1410,53
17381.71,100,55,45849,81920,368.22,400.00,1395,57
17386.77,99,44,45849,81920,392.70,400.00,1395,60
17391.82,100,50,45849,81920,338.90,400.00,1410,57
17396.89,100,61,45849,81920,346.72,400.00,1410,58
17401.95,94,47,45849,81920,387.73,400.00,1410,59
17407.0,100,51,45849,81920,353.67,400.00,1410,58
17412.06,100,51,45849,81920,364.25,400.00,1410,58
17417.12,100,54,45849,81920,262.67,400.00,1410,51
17422.17,100,58,45849,81920,270.55,400.00,1410,51
17427.22,100,61,45849,81920,90.53,400.00,1410,48
17432.28,100,63,45849,81920,287.75,400.00,1410,51
17437.33,100,54,45849,81920,384.83,400.00,1410,56
17442.39,100,39,45849,81920,396.01,400.00,1365,58
17447.44,100,62,45849,81920,352.79,400.00,1410,54
17452.5,97,63,45849,81920,275.67,400.00,1395,53
17457.55,100,51,45849,81920,329.77,400.00,1410,56
17462.61,100,49,45849,81920,323.75,400.00,1410,56
17467.67,100,51,45849,81920,258.70,400.00,1410,52
17472.72,100,58,45849,81920,279.90,400.00,1410,52
17477.78,100,61,45849,81920,291.09,400.00,1410,53
17482.84,100,63,45849,81920,299.24,400.00,1410,53
17487.9,40,26,45849,81920,91.18,400.00,1410,48
17492.95,100,54,45849,81920,387.14,400.00,1395,58
17498.01,100,49,45849,81920,354.91,400.00,1395,58
17503.07,100,49,45849,81920,386.62,400.00,1410,58
17508.13,100,50,45849,81920,375.64,400.00,1410,57
17513.18,100,51,45849,81920,377.28,400.00,1410,57
17518.24,97,68,45849,81920,350.44,400.00,1410,56
17523.3,100,52,45849,81920,265.39,400.00,1410,51
17528.36,100,57,45849,81920,278.38,400.00,1410,51
17533.42,100,60,45849,81920,281.09,400.00,1410,51
17538.47,100,64,45849,81920,292.62,400.00,1410,51
17543.53,100,57,45849,81920,363.98,400.00,1410,54
17548.59,100,45,45849,81920,384.83,400.00,1410,57
17553.65,97,78,45849,81920,371.80,400.00,1410,55
17558.7,94,47,45849,81920,365.99,400.00,1410,56
17563.76,100,50,45849,81920,339.49,400.00,1410,55
17568.82,97,64,45849,81920,327.06,400.00,1410,55
17573.88,94,47,45849,81920,371.87,400.00,1410,55
17578.94,100,54,45849,81920,264.74,400.00,1410,50
17584.0,100,60,45849,81920,285.06,400.00,1410,50
17589.07,100,62,45849,81920,290.82,400.00,1410,50
17594.13,100,63,45849,81920,289.27,400.00,1410,50
17599.18,100,54,45849,81920,377.47,400.00,1410,53
17604.29,100,45,45849,81920,304.53,400.00,1395,56
17609.35,99,49,45849,81920,368.88,400.00,1410,56
17614.41,100,51,45849,81920,355.46,400.00,1410,56
17619.47,100,66,45849,81920,353.43,400.00,1410,56
17624.53,94,47,45849,81920,368.70,400.00,1410,56
17629.59,100,51,45849,81920,318.66,400.00,1410,55
17634.65,100,55,45849,81920,264.63,400.00,1410,50
17639.71,100,60,45849,81920,283.19,400.00,1410,50
17644.77,100,64,45849,81920,299.86,400.00,1410,50
17649.83,100,67,45849,81920,302.89,400.00,1410,51
17654.89,99,55,45849,81920,363.49,400.00,1335,55
17659.95,100,45,45849,81920,391.58,400.00,1395,57
17665.03,97,78,45849,81920,351.93,400.00,1410,54
17670.09,94,48,45849,81920,364.16,400.00,1410,55
17675.21,100,52,45849,81920,312.78,400.00,1410,54
17680.27,98,78,45849,81920,348.96,400.00,1410,55
17685.34,50,34,45849,81920,259.30,400.00,1410,51
17690.46,100,55,45849,81920,265.29,400.00,1410,50
17695.52,100,59,45849,81920,276.42,400.00,1410,49
17700.58,100,61,45849,81920,283.13,400.00,1410,50
17705.64,100,64,45849,81920,292.27,400.00,1410,50
17710.7,100,55,45849,81920,352.66,400.00,1395,54
17715.76,100,36,45849,81920,392.61,400.00,1410,57
17720.82,100,50,45849,81920,323.42,400.00,1410,54
17725.88,100,52,45849,81920,359.93,400.00,1410,55
17730.94,100,51,45849,81920,346.46,400.00,1410,55
17735.99,100,62,45849,81920,354.36,400.00,1410,55
17741.06,100,49,45849,81920,251.40,400.00,1410,48
17746.11,100,56,45849,81920,270.47,400.00,1410,49
17751.17,100,62,45849,81920,284.14,400.00,1410,49
17756.24,100,65,45849,81920,300.80,400.00,1410,50
17761.29,100,68,45849,81920,306.28,400.00,1410,50
17766.36,100,54,45849,81920,344.94,400.00,1395,54
17771.41,100,45,45849,81920,325.83,400.00,1395,56
17776.47,95,48,45849,81920,364.45,400.00,1410,55
17781.53,100,51,45849,81920,362.08,400.00,1410,55
17786.59,100,51,45849,81920,371.55,400.00,1410,55
17791.66,94,47,45849,81920,301.16,400.00,1395,54
17796.72,100,50,45849,81920,262.89,400.00,1410,50
17801.78,100,57,45849,81920,271.06,400.00,1410,50
17806.86,100,62,45849,81920,289.00,400.00,1410,50
17811.92,100,66,45849,81920,299.58,400.00,1410,50
17816.98,100,67,45849,81920,304.47,400.00,1410,50
17822.04,100,60,45849,81920,378.94,400.00,1410,55
17827.11,100,48,45849,81920,447.45,400.00,1320,57
17832.17,95,47,45849,81920,377.73,400.00,1410,55
17837.23,100,51,45849,81920,357.09,400.00,1410,55
17842.29,97,78,45849,81920,353.95,400.00,1410,55
17847.35,95,47,45849,81920,362.43,400.00,1410,56
17852.41,100,51,45849,81920,258.04,400.00,1410,50
17857.47,100,57,45849,81920,267.19,400.00,1410,49
17862.53,100,58,45849,81920,265.56,400.00,1410,49
17867.59,100,60,45849,81920,273.95,400.00,1410,49
17872.64,100,49,45849,81920,355.36,400.00,1395,53
17877.71,100,44,45849,81920,306.33,400.00,1395,56
17882.77,97,68,45849,81920,314.88,400.00,1410,53
17887.83,100,51,45849,81920,356.79,400.00,1410,54
17892.89,100,51,45849,81920,315.33,400.00,1410,54
17897.95,97,70,45849,81920,353.57,400.00,1410,54
17903.01,42,31,45849,81920,244.70,400.00,1410,50
17908.07,100,55,45849,81920,273.76,400.00,1410,49
17913.13,100,59,45849,81920,274.40,400.00,1410,49
17918.18,100,62,45849,81920,286.85,400.00,1410,49
17923.24,100,63,45849,81920,287.45,400.00,1410,49
17928.3,100,49,45849,81920,358.59,400.00,1410,54
17933.36,100,45,45849,81920,384.03,400.00,1380,55
17938.42,100,51,45849,81920,344.47,400.00,1410,53
17943.48,97,76,45849,81920,320.83,400.00,1410,54
17948.54,100,48,45849,81920,281.11,400.00,1410,52
17953.6,100,51,45849,81920,266.64,400.00,1410,54
17958.66,100,52,45849,81920,263.49,400.00,1410,50
17963.72,100,58,45849,81920,274.42,400.00,1410,50
17968.78,100,63,45849,81920,298.41,400.00,1410,50
17973.84,100,63,45849,81920,298.09,400.00,1410,50
17978.94,59,29,45849,81920,361.76,400.00,1410,50
17984.0,100,48,45849,81920,365.23,400.00,1410,54
17989.05,100,37,45849,81920,90.35,400.00,1410,49
17994.11,100,50,45849,81920,346.47,400.00,1410,54
17999.16,100,50,45849,81920,389.66,400.00,1410,54
18004.22,100,50,45849,81920,344.36,400.00,1410,54
18009.27,100,51,45849,81920,355.55,400.00,1410,55
18014.33,100,53,45849,81920,264.14,400.00,1410,50
18019.38,100,58,45849,81920,273.54,400.00,1410,50
18024.44,100,59,45849,81920,278.39,400.00,1410,49
18029.49,100,63,45849,81920,286.55,400.00,1410,49
18034.55,100,55,45849,81920,462.07,400.00,1365,52
18039.6,100,44,45849,81920,379.40,400.00,1395,55
18044.65,97,79,45849,81920,363.06,400.00,1410,53
18049.71,100,51,45849,81920,325.28,400.00,1410,55
18054.77,98,62,45849,81920,341.88,400.00,1395,54
18059.83,100,51,45849,81920,357.67,400.00,1410,54
18064.89,100,49,45849,81920,261.48,400.00,1410,54
18069.94,100,52,45849,81920,262.67,400.00,1410,50
18075.0,100,56,45849,81920,277.50,400.00,1410,49
18080.05,100,61,45849,81920,279.30,400.00,1410,49
18085.11,100,61,45849,81920,279.01,400.00,1410,49
18090.16,100,48,45849,81920,324.07,400.00,1380,53
18095.24,100,45,45849,81920,373.53,400.00,1410,56
18100.29,95,50,45849,81920,366.15,400.00,1410,56
18105.35,100,51,45849,81920,352.83,400.00,1410,55
18110.4,100,51,45849,81920,301.37,400.00,1410,53
18115.45,100,50,45849,81920,370.07,400.00,1410,56
18120.51,100,51,45849,81920,322.29,400.00,1410,55
18125.56,100,54,45849,81920,269.63,400.00,1410,49
18130.62,100,58,45849,81920,277.18,400.00,1410,49
18135.67,100,61,45849,81920,284.74,400.00,1410,49
18140.73,100,63,45849,81920,288.70,400.00,1410,49
18145.78,100,49,45849,81920,362.46,400.00,1410,54
18150.84,100,45,45849,81920,309.25,400.00,1380,55
18155.9,100,50,45849,81920,344.33,400.00,1410,53
18160.96,100,49,45849,81920,362.51,400.00,1410,55
18166.01,100,51,45849,81920,333.74,400.00,1410,54
18171.07,97,78,45849,81920,367.29,400.00,1410,54
18176.14,100,51,45849,81920,259.30,400.00,1410,50
18181.2,100,58,45849,81920,279.63,400.00,1410,49
18186.26,100,61,45849,81920,285.93,400.00,1410,50
18191.31,100,61,45849,81920,280.51,400.00,1410,49
18196.37,100,50,45849,81920,345.64,400.00,1410,51
18201.43,100,55,45849,81920,358.86,400.00,1410,54
18206.48,100,45,45849,81920,387.74,400.00,1380,55
18211.54,97,72,45849,81920,336.80,400.00,1410,54
18216.6,100,51,45849,81920,339.17,400.00,1410,55
18221.65,100,51,45849,81920,338.92,400.00,1410,54
18226.71,97,78,45849,81920,393.48,400.00,1410,54
18231.77,100,53,45849,81920,263.86,400.00,1410,50
18236.83,100,56,45849,81920,265.06,400.00,1410,49
18241.88,100,59,45849,81920,275.06,400.00,1410,49
18246.94,100,61,45849,81920,280.80,400.00,1410,49
18252.0,100,55,45849,81920,368.11,400.00,1395,52
18257.05,100,45,45849,81920,444.52,400.00,1380,55
18262.11,100,50,45849,81920,357.03,400.00,1410,55
18267.17,100,51,45849,81920,369.08,400.00,1410,55
18272.25,100,57,45849,81920,292.32,400.00,1410,54
18277.31,94,48,45849,81920,357.30,400.00,1410,56
18282.37,100,51,45849,81920,326.20,400.00,1410,56
18287.43,100,54,45849,81920,273.27,400.00,1410,51
18292.49,100,57,45849,81920,275.66,400.00,1410,51
18297.54,100,58,45849,81920,270.22,400.00,1410,51
18302.6,100,62,45849,81920,278.70,400.00,1410,51
18307.66,100,54,45849,81920,362.13,400.00,1335,58
18312.71,100,36,45849,81920,432.61,400.00,1410,60
18317.77,93,47,45849,81920,360.39,400.00,1410,56
18322.83,100,59,45849,81920,389.42,400.00,1410,57
18327.91,100,63,45849,81920,372.46,400.00,1410,55
18332.97,100,51,45849,81920,339.13,400.00,1410,56
18338.02,76,41,45849,81920,262.34,400.00,1410,51
18343.08,100,54,45849,81920,263.81,400.00,1410,50
18348.14,100,59,45849,81920,277.34,400.00,1410,50
18353.2,100,61,45849,81920,280.42,400.00,1410,50
18358.26,96,62,45849,81920,289.21,400.00,1410,49
18363.32,100,55,45849,81920,359.57,400.00,1410,55
18368.38,100,35,45849,81920,378.45,400.00,1410,56
18373.44,100,51,45849,81920,331.46,400.00,1410,54
18378.5,100,62,45849,81920,318.38,400.00,1410,54
18383.57,94,47,45849,81920,367.51,400.00,1410,55
18388.62,100,50,45849,81920,327.72,400.00,1410,55
18393.69,100,51,45849,81920,257.38,400.00,1410,50
18398.74,100,57,45849,81920,275.92,400.00,1410,50
18403.8,100,60,45849,81920,285.62,400.00,1410,50
18408.87,100,63,45849,81920,297.47,400.00,1410,50
18413.93,19,12,45849,81920,87.66,400.00,1410,44
18418.98,100,54,45849,81920,345.92,400.00,1395,54
18424.04,100,36,45849,81920,397.33,400.00,1395,56
18429.1,100,50,45849,81920,342.92,400.00,1410,54
18434.16,100,51,45849,81920,314.79,400.00,1410,54
18439.22,94,48,45849,81920,369.58,400.00,1410,56
18444.28,97,78,45849,81920,369.41,400.00,1410,55
18449.34,100,52,45849,81920,339.60,400.00,1410,55
18454.4,100,56,45849,81920,270.61,400.00,1410,50
18459.46,100,61,45849,81920,290.46,400.00,1410,50
18464.52,100,65,45849,81920,304.18,400.00,1410,50
18469.58,100,67,45849,81920,307.60,400.00,1410,51
18474.63,100,50,45849,81920,420.68,400.00,1395,54
18479.7,99,44,45849,81920,349.55,400.00,1395,57
18484.75,100,50,45849,81920,351.04,400.00,1410,55
18489.81,94,47,45849,81920,364.25,400.00,1410,56
18494.87,95,47,45849,81920,364.63,400.00,1410,56
18499.92,95,48,45849,81920,357.63,400.00,1410,55
18504.99,100,50,45849,81920,260.82,400.00,1410,51
18510.05,100,57,45849,81920,281.70,400.00,1410,50
18515.11,100,61,45849,81920,291.06,400.00,1410,50
18520.17,100,64,45849,81920,305.13,400.00,1410,51
18525.23,100,68,45849,81920,308.81,400.00,1410,51
18530.29,100,54,45849,81920,365.76,400.00,1410,55
18535.34,100,44,45849,81920,387.50,400.00,1395,58
18540.41,97,68,45849,81920,328.40,400.00,1410,55
18545.46,94,47,45849,81920,380.86,400.00,1410,56
18550.53,100,51,45849,81920,366.15,400.00,1410,55
18555.59,100,54,45849,81920,327.80,400.00,1395,55
18560.65,100,51,45849,81920,263.54,400.00,1410,51
18565.71,100,57,45849,81920,282.92,400.00,1410,51
18570.77,100,62,45849,81920,293.78,400.00,1410,51
18575.82,100,65,45849,81920,298.40,400.00,1410,51
18580.88,100,64,45849,81920,298.39,400.00,1410,51
18585.94,100,49,45849,81920,364.73,400.00,1410,55
18591.0,100,35,45849,81920,375.37,400.00,1410,57
18596.05,100,49,45849,81920,287.10,400.00,1395,54
18601.12,100,51,45849,81920,353.95,400.00,1410,55
18606.18,97,62,45849,81920,362.08,400.00,1410,55
18611.27,100,51,45849,81920,361.28,400.00,1410,55
18616.33,100,50,45849,81920,262.61,400.00,1410,51
18621.39,100,56,45849,81920,274.70,400.00,1410,50
18626.45,81,50,45849,81920,289.19,400.00,1410,49
18631.51,100,65,45849,81920,304.53,400.00,1410,50
18636.57,100,66,45849,81920,299.61,400.00,1410,51
18641.63,100,55,45849,81920,319.58,400.00,1395,54
18646.69,100,45,45849,81920,401.59,400.00,1395,56
18651.75,100,50,45849,81920,371.59,400.00,1410,55
18656.81,100,50,45849,81920,329.26,400.00,1410,55
18661.87,100,58,45849,81920,290.80,400.00,1410,53
18666.93,98,49,45849,81920,379.99,400.00,1410,56
18671.99,100,50,45849,81920,262.23,400.00,1410,50
18677.05,100,55,45849,81920,265.06,400.00,1410,50
18682.11,100,57,45849,81920,264.47,400.00,1410,49
18687.17,100,58,45849,81920,260.44,400.00,1410,48
18692.23,100,61,45849,81920,385.21,400.00,1410,54
18697.31,99,49,45849,81920,402.18,400.00,1395,56
18702.37,100,51,45849,81920,335.03,400.00,1410,53
18707.43,95,47,45849,81920,372.18,400.00,1350,56
18712.49,95,53,45849,81920,365.11,400.00,1410,55
18717.55,100,51,45849,81920,299.86,400.00,1410,53
18722.61,94,47,45849,81920,367.90,400.00,1410,55
18727.7,100,54,45849,81920,267.78,400.00,1410,49
18732.75,100,59,45849,81920,282.91,400.00,1410,50
18737.81,100,63,45849,81920,296.52,400.00,1410,50
18742.87,100,65,45849,81920,299.58,400.00,1410,50
18747.92,100,55,45849,81920,374.63,400.00,1410,54
18752.98,100,45,45849,81920,399.46,400.00,1395,56
18758.04,100,51,45849,81920,328.00,400.00,1410,55
18763.09,97,66,45849,81920,361.91,400.00,1410,55
18768.15,95,47,45849,81920,357.40,400.00,1410,56
18773.21,100,51,45849,81920,332.56,400.00,1410,57
18778.26,94,47,45849,81920,384.83,400.00,1380,58
18783.32,100,54,45849,81920,269.90,400.00,1410,52
18788.38,100,58,45849,81920,279.92,400.00,1410,52
18793.43,100,61,45849,81920,286.23,400.00,1410,52
18798.48,100,62,45849,81920,290.80,400.00,1410,52
18803.54,100,50,45849,81920,364.03,400.00,1410,57
18808.59,100,45,45849,81920,297.18,400.00,1395,59
18813.65,100,50,45849,81920,363.65,400.00,1410,57
18818.71,97,72,45849,81920,367.35,400.00,1410,58
18823.76,95,47,45849,81920,227.83,400.00,1410,58
18828.8,100,51,45849,81920,324.67,400.00,1410,58
18833.86,76,41,45849,81920,255.99,400.00,1410,54
18838.91,100,55,45849,81920,276.26,400.00,1410,53
18843.97,100,61,45849,81920,293.21,400.00,1410,54
18849.02,100,62,45849,81920,294.73,400.00,1410,53
18854.08,100,60,45849,81920,268.70,400.00,1410,52
18859.13,100,56,45849,81920,374.30,400.00,1410,58
18864.19,100,45,45849,81920,400.85,400.00,1410,61
18869.24,100,49,45849,81920,397.35,400.00,1410,57
18874.3,100,50,45849,81920,328.65,400.00,1410,58
18879.35,100,50,45849,81920,336.45,400.00,1410,58
18884.41,95,47,45849,81920,374.95,400.00,1410,59
18889.47,98,49,45849,81920,258.10,400.00,1410,52
18894.52,100,57,45849,81920,275.98,400.00,1410,52
18899.57,100,61,45849,81920,290.17,400.00,1410,52
18904.63,100,65,45849,81920,304.14,400.00,1410,52
18909.68,100,68,45849,81920,309.57,400.00,1410,52
18914.74,100,49,45849,81920,404.75,400.00,1380,56
18919.79,100,44,45849,81920,369.46,400.00,1410,58
18924.85,100,48,45849,81920,284.47,400.00,1410,55
18929.91,95,51,45849,81920,376.15,400.00,1410,58
18934.97,100,51,45849,81920,366.48,400.00,1410,57
18940.03,95,46,45849,81920,282.31,400.00,1395,55
18945.08,100,50,45849,81920,258.70,400.00,1410,53
18950.14,100,56,45849,81920,274.42,400.00,1410,53
18955.19,100,60,45849,81920,280.19,400.00,1410,53
18960.24,100,62,45849,81920,289.90,400.00,1410,53
18965.3,0,0,45849,81920,89.07,400.00,1410,46
18970.39,100,54,45849,81920,377.76,400.00,1410,58
18975.44,73,35,45849,81920,364.79,400.00,1410,56
18980.52,100,52,45849,81920,317.72,400.00,1410,58
18985.58,100,58,45849,81920,286.89,400.00,1395,56
18990.63,100,51,45849,81920,340.68,400.00,1410,58
18995.69,100,59,45849,81920,386.82,400.00,1410,60
19000.75,100,53,45849,81920,269.35,400.00,1410,53
19005.8,100,60,45849,81920,290.50,400.00,1410,54
19010.86,100,64,45849,81920,303.82,400.00,1410,54
19015.92,100,66,45849,81920,306.21,400.00,1410,54
19020.97,100,49,45849,81920,367.83,400.00,1410,56
19026.03,100,46,45849,81920,472.62,400.00,1365,58
19031.09,100,49,45849,81920,389.99,400.00,1395,55
19036.15,100,50,45849,81920,373.26,400.00,1410,56
19041.21,98,65,45849,81920,365.50,400.00,1410,56
19046.27,94,48,45849,81920,372.45,400.00,1410,57
19051.32,100,50,45849,81920,375.55,400.00,1410,57
19056.38,100,53,45849,81920,267.78,400.00,1410,51
19061.44,100,59,45849,81920,284.14,400.00,1410,51
19066.5,100,60,45849,81920,289.30,400.00,1410,52
19071.55,100,62,45849,81920,290.80,400.00,1410,52
19076.61,100,50,45849,81920,308.78,400.00,1380,57
19081.67,100,42,45849,81920,357.93,400.00,1410,59
19086.73,100,51,45849,81920,352.90,400.00,1410,57
19091.79,100,51,45849,81920,329.60,400.00,1410,57
19096.85,100,50,45849,81920,293.52,400.00,1395,56
19101.91,100,51,45849,81920,333.58,400.00,1410,57
19106.97,100,50,45849,81920,352.96,400.00,1410,56
19112.03,100,54,45849,81920,269.72,400.00,1410,50
19117.09,100,60,45849,81920,284.94,400.00,1410,51
19122.15,100,63,45849,81920,294.72,400.00,1410,51
19127.21,100,65,45849,81920,302.30,400.00,1410,51
19132.27,100,57,45849,81920,372.09,400.00,1410,54
19137.33,100,49,45849,81920,402.87,400.00,1320,58
19142.45,94,50,45849,81920,376.81,400.00,1410,56
19147.52,100,51,45849,81920,352.73,400.00,1410,55
19152.58,97,70,45849,81920,329.60,400.00,1410,55
19157.64,94,48,45849,81920,364.41,400.00,1410,55
19162.7,100,56,45849,81920,359.94,400.00,1410,55
19167.76,100,54,45849,81920,265.94,400.00,1410,50
19172.83,100,58,45849,81920,280.63,400.00,1410,50
19177.96,100,61,45849,81920,287.40,400.00,1410,50
19183.02,100,62,45849,81920,284.62,400.00,1410,50
19188.08,100,48,45849,81920,319.76,400.00,1395,54
19193.14,100,38,45849,81920,396.23,400.00,1380,55
19198.2,97,67,45849,81920,356.89,400.00,1410,54
19203.26,100,51,45849,81920,359.38,400.00,1410,55
19208.32,100,51,45849,81920,357.22,400.00,1410,55
19213.38,100,53,45849,81920,218.45,400.00,1395,52
19218.44,100,51,45849,81920,310.35,400.00,1410,54
19223.5,100,54,45849,81920,266.54,400.00,1410,49
19228.55,100,59,45849,81920,267.96,400.00,1410,49
19233.61,100,62,45849,81920,286.49,400.00,1410,50
19238.67,100,66,45849,81920,299.03,400.00,1410,50
19243.73,100,54,45849,81920,369.19,400.00,1380,56
19248.79,100,45,45849,81920,389.99,400.00,1410,57
19253.85,100,51,45849,81920,326.53,400.00,1410,55
19258.91,97,78,45849,81920,332.15,400.00,1410,54
19263.97,100,51,45849,81920,356.97,400.00,1410,55
19269.03,100,51,45849,81920,321.35,400.00,1410,53
19274.09,100,51,45849,81920,259.37,400.00,1410,49
19279.15,100,56,45849,81920,265.67,400.00,1410,49
19284.2,100,57,45849,81920,270.50,400.00,1410,49
19289.26,100,60,45849,81920,276.66,400.00,1410,48
19294.32,100,55,45849,81920,354.35,400.00,1410,53
19299.38,100,45,45849,81920,358.23,400.00,1395,55
19304.44,94,47,45849,81920,359.34,400.00,1410,55
19309.5,97,69,45849,81920,356.15,400.00,1410,54
19314.56,100,51,45849,81920,359.20,400.00,1410,54
19319.62,100,51,45849,81920,308.05,400.00,1410,53
19324.68,100,49,45849,81920,250.06,400.00,1410,50
19329.74,100,56,45849,81920,269.07,400.00,1410,49
19334.8,100,59,45849,81920,276.66,400.00,1410,49
19339.86,100,62,45849,81920,285.23,400.00,1410,49
19344.92,100,66,45849,81920,289.52,400.00,1410,50
19349.98,100,50,45849,81920,358.73,400.00,1410,54
19355.04,99,45,45849,81920,421.97,400.00,1395,56
19360.1,100,51,45849,81920,352.14,400.00,1410,54
19365.16,98,78,45849,81920,326.50,400.00,1410,54
19370.22,100,49,45849,81920,363.85,400.00,1410,55
19375.29,100,52,45849,81920,326.43,400.00,1410,54
19380.35,100,52,45849,81920,266.87,400.00,1410,50
19385.41,100,58,45849,81920,277.86,400.00,1410,50
19390.47,100,63,45849,81920,297.19,400.00,1410,50
19395.53,100,63,45849,81920,289.22,400.00,1410,50
19400.59,100,55,45849,81920,360.63,400.00,1410,53
19405.65,100,49,45849,81920,379.29,400.00,1410,56
19410.71,100,49,45849,81920,354.89,400.00,1410,53
19415.77,100,50,45849,81920,330.78,400.00,1410,55
19420.84,100,50,45849,81920,326.02,400.00,1410,55
19425.89,100,49,45849,81920,358.00,400.00,1410,55
19430.94,100,51,45849,81920,370.23,400.00,1410,55
19436.0,100,53,45849,81920,264.68,400.00,1410,50
19441.07,100,57,45849,81920,276.24,400.00,1410,50
19446.13,100,60,45849,81920,282.25,400.00,1410,50
19451.19,100,59,45849,81920,276.99,400.00,1410,49
19456.25,100,48,45849,81920,363.52,400.00,1410,54
19461.31,100,48,45849,81920,409.31,400.00,1380,57
19466.37,100,48,45849,81920,255.91,400.00,1395,51
19471.49,97,66,45849,81920,310.82,400.00,1410,53
19476.55,100,50,45849,81920,343.16,400.00,1410,53
19481.68,100,50,45849,81920,309.89,400.00,1410,54
19486.75,94,47,45849,81920,364.35,400.00,1410,54
19491.8,89,47,45849,81920,261.09,400.00,1410,50
19496.86,100,55,45849,81920,89.52,400.00,1410,46
19501.92,100,60,45849,81920,279.92,400.00,1410,49
19506.98,100,60,45849,81920,87.63,400.00,1410,44
19512.04,100,60,45849,81920,262.34,400.00,1410,48
19517.09,100,54,45849,81920,349.55,400.00,1410,54
19522.15,100,36,45849,81920,361.64,400.00,1395,56
19527.21,100,49,45849,81920,321.38,400.00,1410,53
19532.27,100,51,45849,81920,364.03,400.00,1410,53
19537.32,100,65,45849,81920,320.44,400.00,1410,54
19542.38,100,51,45849,81920,367.94,400.00,1410,55
19547.43,100,50,45849,81920,254.72,400.00,1410,50
19552.49,100,56,45849,81920,266.30,400.00,1410,49
19557.54,100,58,45849,81920,274.73,400.00,1410,49
19562.6,100,58,45849,81920,269.90,400.00,1410,48
19567.65,76,37,45849,81920,352.79,400.00,1410,50
19572.7,100,55,45849,81920,364.25,400.00,1410,54
19577.76,100,49,45849,81920,287.45,400.00,1395,51
19582.81,100,51,45849,81920,320.43,400.00,1410,54
19587.87,100,51,45849,81920,314.68,400.00,1410,54
19592.92,97,66,45849,81920,304.14,400.00,1410,53
19597.98,94,47,45849,81920,359.42,400.00,1395,54
19603.06,100,54,45849,81920,89.34,400.00,1410,45
19608.12,100,58,45849,81920,277.50,400.00,1410,49
19613.17,77,48,45849,81920,87.72,400.00,1410,44
19618.23,100,64,45849,81920,293.50,400.00,1410,49
19623.28,100,56,45849,81920,371.53,400.00,1380,54
19628.34,100,45,45849,81920,390.45,400.00,1335,57
19633.4,100,51,45849,81920,344.60,400.00,1410,54
19638.45,98,62,45849,81920,263.92,400.00,1410,53
19643.51,100,51,45849,81920,339.52,400.00,1410,54
19648.56,100,51,45849,81920,336.77,400.00,1410,54
19653.62,62,37,45849,81920,262.07,400.00,1410,50
19658.68,100,55,45849,81920,267.78,400.00,1410,49
19663.73,100,58,45849,81920,109.84,400.00,1410,47
19668.78,100,62,45849,81920,286.58,400.00,1410,49
19673.84,100,64,45849,81920,288.05,400.00,1410,49
19678.89,100,49,45849,81920,371.91,400.00,1410,54
19683.95,100,45,45849,81920,378.87,400.00,1410,57
19689.0,100,55,45849,81920,318.05,400.00,1410,54
19694.06,100,51,45849,81920,355.65,400.00,1410,54
19699.11,100,51,45849,81920,373.32,400.00,1410,54
19704.16,95,48,45849,81920,371.53,400.00,1410,55
19709.22,100,50,45849,81920,260.55,400.00,1410,50
19714.27,100,55,45849,81920,265.39,400.00,1410,49
19719.33,100,60,45849,81920,280.50,400.00,1410,49
19724.39,100,62,45849,81920,286.26,400.00,1410,49
19729.44,0,0,45849,81920,85.42,400.00,1410,41
19734.5,100,55,45849,81920,374.24,400.00,1410,54
19739.56,100,43,45849,81920,336.21,400.00,1395,56
19744.61,100,50,45849,81920,346.11,400.00,1410,54
19749.67,100,49,45849,81920,376.03,400.00,1410,55
19754.73,100,51,45849,81920,356.38,400.00,1410,55
19759.79,100,50,45849,81920,310.77,400.00,1410,53
19764.84,100,53,45849,81920,266.58,400.00,1410,50
19769.9,100,59,45849,81920,280.80,400.00,1410,50
19774.96,100,62,45849,81920,291.09,400.00,1410,50
19780.02,100,63,45849,81920,288.70,400.00,1410,49
19785.07,100,55,45849,81920,366.97,400.00,1410,53
19790.13,100,50,45849,81920,319.57,400.00,1395,55
19795.19,36,17,45849,81920,367.35,400.00,1410,55
19800.25,100,51,45849,81920,368.22,400.00,1410,55
19805.31,100,49,45849,81920,319.85,400.00,1410,56
19810.36,95,47,45849,81920,359.20,400.00,1410,57
19815.42,100,51,45849,81920,366.67,400.00,1410,57
19820.48,100,53,45849,81920,269.62,400.00,1410,52
19825.54,100,59,45849,81920,283.44,400.00,1410,52
19830.63,100,63,45849,81920,299.27,400.00,1410,52
19835.7,100,66,45849,81920,301.10,400.00,1410,52
19840.76,100,47,45849,81920,358.41,400.00,1410,55
19845.82,100,44,45849,81920,384.11,400.00,1365,58
19850.88,100,51,45849,81920,356.79,400.00,1410,55
19855.94,95,47,45849,81920,349.41,400.00,1395,55
19861.0,100,51,45849,81920,334.27,400.00,1410,55
19866.06,100,58,45849,81920,304.18,400.00,1410,53
19871.13,100,51,45849,81920,372.85,400.00,1410,55
19876.18,100,53,45849,81920,264.06,400.00,1410,50
19881.24,100,58,45849,81920,277.98,400.00,1410,50
19886.3,100,57,45849,81920,271.11,400.00,1410,49
19891.36,100,57,45849,81920,254.34,400.00,1410,48
19896.42,100,57,45849,81920,373.29,400.00,1395,53
19901.48,100,45,45849,81920,397.36,400.00,1410,57
19906.54,100,50,45849,81920,353.50,400.00,1410,54
19911.59,97,62,45849,81920,254.34,400.00,1410,53
19916.65,100,51,45849,81920,324.09,400.00,1410,54
19921.71,100,54,45849,81920,339.99,400.00,1410,55
19926.77,69,39,45849,81920,244.85,400.00,1410,51
19931.83,100,56,45849,81920,272.63,400.00,1410,50
19936.89,100,59,45849,81920,276.52,400.00,1410,50
19941.95,100,63,45849,81920,287.48,400.00,1410,50
19947.01,100,66,45849,81920,297.47,400.00,1410,50
19952.07,100,56,45849,81920,415.94,400.00,1380,55
19957.13,100,37,45849,81920,369.03,400.00,1410,57
19962.19,100,51,45849,81920,309.35,400.00,1410,54
19967.24,97,78,45849,81920,353.75,400.00,1410,54
19972.3,100,49,45849,81920,365.76,400.00,1410,55
19977.36,100,51,45849,81920,363.62,400.00,1410,55
19982.42,87,45,45849,81920,260.44,400.00,1410,49
19987.48,100,57,45849,81920,280.48,400.00,1410,50
19992.54,100,63,45849,81920,297.47,400.00,1410,50
19997.6,100,66,45849,81920,303.24,400.00,1410,51
20002.66,100,68,45849,81920,89.53,400.00,1410,44
20007.72,100,50,45849,81920,383.17,400.00,1365,54
20012.78,100,45,45849,81920,398.58,400.00,1410,57
20017.84,100,50,45849,81920,358.97,400.00,1395,54
20022.9,100,51,45849,81920,328.56,400.00,1410,55
20027.96,100,51,45849,81920,336.26,400.00,1410,55
20033.02,95,47,45849,81920,370.33,400.00,1410,56
20038.08,100,53,45849,81920,264.39,400.00,1410,50
20043.16,100,57,45849,81920,277.63,400.00,1410,50
20048.22,100,60,45849,81920,277.16,400.00,1410,50
20053.28,13,7,45849,81920,265.67,400.00,1410,47
20058.34,100,55,45849,81920,362.39,400.00,1410,54
20063.4,100,44,45849,81920,312.33,400.00,1395,56
20068.46,100,51,45849,81920,368.81,400.00,1410,54
20073.55,100,59,45849,81920,376.14,400.00,1410,55
20078.7,100,50,45849,81920,317.06,400.00,1410,54
20083.76,100,51,45849,81920,354.77,400.00,1410,55
20088.83,99,48,45849,81920,256.14,400.00,1410,50
20093.89,100,56,45849,81920,272.51,400.00,1410,50
20098.95,100,59,45849,81920,278.93,400.00,1410,49
20104.01,100,59,45849,81920,260.23,400.00,1410,48
20109.09,87,43,45849,81920,348.27,400.00,1410,49
20114.16,100,49,45849,81920,355.78,400.00,1410,54
20119.26,100,45,45849,81920,389.74,400.00,1410,58
20124.32,100,51,45849,81920,331.37,400.00,1410,54
20129.38,100,49,45849,81920,367.05,400.00,1395,54
20134.43,100,50,45849,81920,344.12,400.00,1410,55
20139.49,100,51,45849,81920,363.33,400.00,1410,55
20144.55,100,51,45849,81920,256.22,400.00,1410,50
20149.61,100,56,45849,81920,263.79,400.00,1410,49
20154.66,100,59,45849,81920,272.98,400.00,1410,49
20159.72,100,61,45849,81920,277.71,400.00,1410,49
20164.78,100,63,45849,81920,385.00,400.00,1395,54
20169.84,100,50,45849,81920,397.18,400.00,1395,57
20174.9,100,52,45849,81920,357.52,400.00,1410,54
20179.96,94,47,45849,81920,361.14,400.00,1410,55
20185.02,90,45,45849,81920,358.67,400.00,1410,55
20190.08,100,50,45849,81920,308.49,400.00,1410,53
20195.14,100,50,45849,81920,250.32,400.00,1410,50
20200.2,100,56,45849,81920,273.91,400.00,1410,49
20205.26,100,58,45849,81920,263.92,400.00,1410,49
20210.31,100,59,45849,81920,270.83,400.00,1410,49
20215.37,0,0,45849,81920,86.40,400.00,1410,42
20220.43,100,49,45849,81920,367.99,400.00,1410,54
20225.48,100,45,45849,81920,356.42,400.00,1395,56
20230.54,100,50,45849,81920,367.51,400.00,1410,55
20235.63,100,51,45849,81920,309.89,400.00,1410,54
20240.69,100,60,45849,81920,312.61,400.00,1410,54
20245.74,94,47,45849,81920,358.97,400.00,1410,55
20250.8,100,52,45849,81920,262.02,400.00,1410,49
20255.86,100,57,45849,81920,282.31,400.00,1410,49
20260.91,100,62,45849,81920,287.75,400.00,1410,50
20265.97,100,64,45849,81920,296.56,400.00,1410,50
20271.03,0,0,45849,81920,87.03,400.00,1410,42
20276.08,100,54,45849,81920,361.64,400.00,1395,54
20281.13,100,44,45849,81920,380.99,400.00,1410,57
20286.18,94,47,45849,81920,359.74,400.00,1410,55
20291.24,100,51,45849,81920,358.22,400.00,1410,54
20296.29,100,51,45849,81920,372.72,400.00,1410,55
20301.35,100,51,45849,81920,355.55,400.00,1410,55
20306.4,93,47,45849,81920,252.93,400.00,1410,49
20311.46,100,57,45849,81920,273.55,400.00,1410,50
20316.51,100,61,45849,81920,288.07,400.00,1410,50
20321.57,100,65,45849,81920,298.93,400.00,1410,50
20326.62,100,68,45849,81920,309.84,400.00,1410,50
20331.68,100,61,45849,81920,371.20,400.00,1410,55
20336.73,100,45,45849,81920,368.60,400.00,1395,56
20341.78,100,51,45849,81920,332.56,400.00,1410,54
20346.83,100,51,45849,81920,363.43,400.00,1410,55
20351.89,100,50,45849,81920,237.24,400.00,1365,54
20356.94,98,50,45849,81920,231.80,400.00,1410,55
20362.0,100,51,45849,81920,263.54,400.00,1410,50
20367.05,100,56,45849,81920,278.70,400.00,1410,49
20372.11,100,61,45849,81920,286.85,400.00,1410,50
20377.16,10,7,45849,81920,288.05,400.00,1410,48
20382.23,100,55,45849,81920,359.15,400.00,1410,53
20387.28,100,50,45849,81920,352.47,400.00,1410,55
20392.34,13,13,45849,81920,89.75,400.00,1410,47
20397.39,100,51,45849,81920,352.23,400.00,1410,54
20402.45,95,47,45849,81920,373.65,400.00,1410,55
20407.5,100,51,45849,81920,353.67,400.00,1410,55
20412.56,100,57,45849,81920,388.86,400.00,1410,54
20417.61,100,53,45849,81920,263.54,400.00,1410,50
20422.67,100,56,45849,81920,277.18,400.00,1410,49
20427.72,100,57,45849,81920,265.06,400.00,1410,49
20432.78,100,58,45849,81920,271.42,400.00,1410,48
20437.83,100,50,45849,81920,360.01,400.00,1395,53
20442.88,100,37,45849,81920,396.69,400.00,1410,56
20447.94,97,79,45849,81920,332.58,400.00,1410,53
20452.99,95,48,45849,81920,359.20,400.00,1410,55
20458.05,100,51,45849,81920,337.75,400.00,1410,53
20463.1,97,72,45849,81920,378.54,400.00,1395,53
20468.15,21,11,45849,81920,95.79,400.00,1410,46
20473.28,100,53,45849,81920,268.06,400.00,1410,49
20478.34,100,59,45849,81920,283.54,400.00,1410,49
20483.39,100,63,45849,81920,295.06,400.00,1410,50
20488.45,100,65,45849,81920,296.52,400.00,1410,50
20493.51,100,49,45849,81920,399.05,400.00,1350,55
20498.57,100,44,45849,81920,305.33,400.00,1395,55
20503.62,100,48,45849,81920,285.33,400.00,1410,54
20508.68,100,50,45849,81920,368.81,400.00,1410,54
20513.74,100,49,45849,81920,346.47,400.00,1410,54
20518.8,100,51,45849,81920,320.44,400.00,1410,54
20523.86,97,79,45849,81920,332.54,400.00,1410,54
20528.92,100,53,45849,81920,265.66,400.00,1410,49
20533.97,100,55,45849,81920,268.70,400.00,1410,48
20539.03,100,57,45849,81920,260.55,400.00,1410,48
20544.09,100,55,45849,81920,261.75,400.00,1410,47
20549.15,100,54,45849,81920,350.68,400.00,1410,54
20554.21,100,36,45849,81920,375.83,400.00,1410,56
20559.26,100,60,45849,81920,353.99,400.00,1410,54
20564.32,100,66,45849,81920,340.12,400.00,1410,54
20569.38,100,51,45849,81920,334.68,400.00,1410,54
20574.43,98,50,45849,81920,369.46,400.00,1410,56
20579.49,100,50,45849,81920,360.11,400.00,1410,56
20584.55,100,51,45849,81920,259.57,400.00,1410,51
20589.6,100,56,45849,81920,268.69,400.00,1410,51
20594.66,74,44,45849,81920,90.35,400.00,1410,48
20599.72,100,60,45849,81920,278.80,400.00,1410,51
20604.78,100,50,45849,81920,348.03,400.00,1410,55
20609.84,100,45,45849,81920,388.02,400.00,1410,58
20614.91,100,51,45849,81920,349.43,400.00,1410,56
20619.97,97,78,45849,81920,315.44,400.00,1395,56
20625.03,100,51,45849,81920,346.95,400.00,1410,56
20630.14,100,51,45849,81920,326.21,400.00,1410,55
20635.26,100,56,45849,81920,372.25,400.00,1410,55
20640.32,100,54,45849,81920,272.09,400.00,1410,50
20645.43,100,59,45849,81920,283.40,400.00,1410,50
20650.49,100,60,45849,81920,276.45,400.00,1410,49
20655.55,100,59,45849,81920,270.23,400.00,1410,49
20660.61,100,49,45849,81920,370.72,400.00,1410,54
20665.67,100,45,45849,81920,393.58,400.00,1410,56
20670.73,100,50,45849,81920,360.82,400.00,1395,53
20675.79,100,52,45849,81920,190.31,400.00,1410,54
20680.85,100,51,45849,81920,347.21,400.00,1410,54
20685.91,100,50,45849,81920,376.24,400.00,1380,54
20690.97,100,51,45849,81920,256.16,400.00,1410,50
20696.03,100,56,45849,81920,268.39,400.00,1410,50
20701.09,100,58,45849,81920,278.07,400.00,1410,50
20706.15,100,61,45849,81920,288.67,400.00,1410,50
20711.22,0,0,45849,81920,133.57,400.00,1410,48
20716.27,100,55,45849,81920,378.66,400.00,1410,55
20721.33,31,19,45849,81920,90.44,400.00,1410,50
20726.39,100,51,45849,81920,369.79,400.00,1410,55
20731.45,100,49,45849,81920,367.00,400.00,1410,55
20736.51,100,51,45849,81920,339.50,400.00,1410,55
20741.57,100,50,45849,81920,390.55,400.00,1410,55
20746.63,73,38,45849,81920,264.67,400.00,1410,51
20751.69,100,59,45849,81920,287.10,400.00,1410,51
20756.75,100,62,45849,81920,292.88,400.00,1410,51
20761.8,100,64,45849,81920,298.09,400.00,1410,51
20766.86,100,54,45849,81920,296.27,400.00,1380,51
20771.92,100,54,45849,81920,360.49,400.00,1380,54
20776.98,100,44,45849,81920,151.29,400.00,1395,52
20782.04,97,78,45849,81920,361.88,400.00,1410,54
20787.1,100,51,45849,81920,347.80,400.00,1410,53
20792.16,100,61,45849,81920,345.31,400.00,1410,55
20797.21,97,71,45849,81920,317.57,400.00,1395,54
20802.28,33,17,45849,81920,262.25,400.00,1410,49
20807.34,100,57,45849,81920,271.81,400.00,1410,50
20812.39,100,60,45849,81920,283.17,400.00,1410,49
20817.45,100,64,45849,81920,291.06,400.00,1410,50
20822.51,100,49,45849,81920,447.70,400.00,1410,53
20827.58,100,36,45849,81920,321.10,400.00,1395,55
20832.64,97,79,45849,81920,349.92,400.00,1410,54
20837.69,94,48,45849,81920,357.81,400.00,1410,55
20842.75,100,52,45849,81920,353.80,400.00,1410,54
20847.81,100,53,45849,81920,345.89,400.00,1410,54
20852.87,93,46,45849,81920,359.33,400.00,1410,55
20857.93,100,54,45849,81920,268.01,400.00,1410,50
20862.99,100,57,45849,81920,267.46,400.00,1410,49
20868.05,100,59,45849,81920,272.79,400.00,1410,49
20873.11,100,62,45849,81920,267.26,400.00,1410,48
20878.17,99,51,45849,81920,337.15,400.00,1395,53
20883.23,100,45,45849,81920,385.82,400.00,1410,57
20888.3,94,48,45849,81920,359.20,400.00,1410,54
20893.36,100,51,45849,81920,325.62,400.00,1410,54
20898.41,94,46,45849,81920,282.04,400.00,1410,54
20903.48,100,51,45849,81920,335.70,400.00,1410,54
20908.54,100,50,45849,81920,257.56,400.00,1410,50
20913.6,100,55,45849,81920,264.39,400.00,1410,49
20918.66,100,55,45849,81920,252.73,400.00,1410,48
20923.74,100,56,45849,81920,254.01,400.00,1410,47
20928.79,100,49,45849,81920,399.30,400.00,1395,53
20933.86,99,44,45849,81920,398.39,400.00,1410,56
20938.91,97,68,45849,81920,358.63,400.00,1410,54
20943.97,94,52,45849,81920,276.38,400.00,1395,52
20949.03,100,49,45849,81920,363.61,400.00,1410,55
20954.1,100,50,45849,81920,303.32,400.00,1410,53
20959.17,100,50,45849,81920,254.96,400.00,1410,49
20964.22,75,42,45849,81920,168.13,400.00,1410,47
20969.29,100,61,45849,81920,284.07,400.00,1410,50
20974.35,100,62,45849,81920,273.39,400.00,1410,47
20979.42,100,62,45849,81920,281.27,400.00,1410,49
20984.47,100,52,45849,81920,318.27,400.00,1395,54
20989.53,100,45,45849,81920,464.31,400.00,1410,58
20994.6,100,60,45849,81920,350.24,400.00,1410,54
20999.66,100,48,45849,81920,288.35,400.00,1410,52
21004.72,100,51,45849,81920,352.53,400.00,1410,53
21009.78,100,52,45849,81920,316.31,400.00,1410,54
21014.84,100,52,45849,81920,261.09,400.00,1410,50
21019.93,100,55,45849,81920,269.90,400.00,1410,49
21024.99,100,60,45849,81920,274.73,400.00,1410,49
21030.04,100,62,45849,81920,280.22,400.00,1410,49
21035.13,100,61,45849,81920,378.54,400.00,1350,54
21040.23,100,49,45849,81920,384.03,400.00,1380,56
21045.29,100,51,45849,81920,364.03,400.00,1410,54
21050.36,100,51,45849,81920,291.42,400.00,1410,53
21055.42,99,66,45849,81920,328.00,400.00,1410,53
21060.47,94,48,45849,81920,364.58,400.00,1410,55
21065.53,100,51,45849,81920,327.66,400.00,1410,53
21070.59,100,55,45849,81920,267.83,400.00,1410,49
21075.64,100,61,45849,81920,287.78,400.00,1410,50
21080.7,100,63,45849,81920,286.85,400.00,1410,49
21085.76,100,64,45849,81920,291.09,400.00,1410,49
21090.82,100,50,45849,81920,380.99,400.00,1395,52
21095.87,100,41,45849,81920,374.24,400.00,1410,55
21100.93,100,51,45849,81920,339.52,400.00,1410,53
21105.98,100,48,45849,81920,288.05,400.00,1395,53
21111.03,100,51,45849,81920,341.64,400.00,1410,54
21116.09,100,51,45849,81920,340.68,400.00,1410,54
21121.15,100,51,45849,81920,370.55,400.00,1410,56
21126.2,100,54,45849,81920,267.50,400.00,1410,50
21131.26,99,59,45849,81920,285.33,400.00,1410,49
21136.31,100,64,45849,81920,299.26,400.00,1410,50
21141.36,100,67,45849,81920,307.14,400.00,1410,50
21146.42,100,54,45849,81920,361.16,400.00,1410,53
21151.47,99,44,45849,81920,381.19,400.00,1410,56
21156.53,97,76,45849,81920,344.00,400.00,1410,54
21161.58,100,51,45849,81920,347.31,400.00,1410,54
21166.64,100,51,45849,81920,366.59,400.00,1410,55
21171.7,97,79,45849,81920,329.18,400.00,1410,56
21176.75,100,51,45849,81920,372.72,400.00,1410,57
21181.81,100,53,45849,81920,264.79,400.00,1410,51
21186.86,100,59,45849,81920,275.70,400.00,1410,52
21191.92,100,59,45849,81920,263.92,400.00,1410,51
21196.97,100,56,45849,81920,250.22,400.00,1410,50
21202.02,99,55,45849,81920,366.37,400.00,1410,57
21207.08,99,44,45849,81920,391.18,400.00,1410,59
21212.13,100,51,45849,81920,326.79,400.00,1410,55
21217.19,100,52,45849,81920,324.34,400.00,1410,56
21222.24,94,47,45849,81920,281.75,400.00,1410,53
21227.29,100,50,45849,81920,352.47,400.00,1410,55
21232.35,100,50,45849,81920,258.76,400.00,1410,51
21237.41,100,56,45849,81920,274.14,400.00,1410,50
21242.46,100,60,45849,81920,285.03,400.00,1410,51
21247.52,100,64,45849,81920,294.11,400.00,1410,51
21252.57,100,65,45849,81920,297.49,400.00,1410,51
21257.63,100,55,45849,81920,317.72,400.00,1395,55
21262.68,100,44,45849,81920,385.82,400.00,1410,59
21267.74,100,52,45849,81920,202.93,400.00,1395,54
21272.79,100,51,45849,81920,354.91,400.00,1410,57
21277.88,100,51,45849,81920,351.87,400.00,1410,57
21282.95,100,49,45849,81920,375.17,400.00,1410,59
21288.01,100,50,45849,81920,262.07,400.00,1410,52
21293.07,100,57,45849,81920,282.02,400.00,1410,53
21298.13,100,60,45849,81920,287.16,400.00,1410,53
21303.19,100,62,45849,81920,290.79,400.00,1410,53
21308.24,57,37,45849,81920,284.44,400.00,1410,50
21313.3,100,54,45849,81920,350.35,400.00,1410,58
21318.36,100,45,45849,81920,390.26,400.00,1410,60
21323.41,100,55,45849,81920,341.53,400.00,1410,57
21328.47,94,47,45849,81920,240.30,400.00,1410,54
21333.53,100,51,45849,81920,345.85,400.00,1410,56
21338.59,100,51,45849,81920,367.56,400.00,1410,57
21343.64,100,51,45849,81920,263.86,400.00,1410,51
21348.7,100,58,45849,81920,272.33,400.00,1410,51
21353.76,100,58,45849,81920,271.46,400.00,1410,50
21358.82,100,58,45849,81920,265.98,400.00,1410,50
21363.88,100,55,45849,81920,369.68,400.00,1410,55
21368.94,100,36,45849,81920,383.83,400.00,1410,58
21373.99,100,50,45849,81920,322.55,400.00,1410,56
21379.05,100,49,45849,81920,286.85,400.00,1410,55
21384.11,100,51,45849,81920,321.43,400.00,1410,56
21389.18,100,50,45849,81920,297.50,400.00,1410,56
21394.24,100,49,45849,81920,299.93,400.00,1410,55
21399.3,100,55,45849,81920,273.91,400.00,1410,52
21404.36,100,60,45849,81920,289.87,400.00,1410,52
21409.43,100,64,45849,81920,302.33,400.00,1410,52
21414.52,100,66,45849,81920,304.13,400.00,1410,52
21419.58,100,51,45849,81920,383.77,400.00,1410,55
21424.64,100,45,45849,81920,405.52,400.00,1395,57
21429.7,94,51,45849,81920,397.10,400.00,1410,57
21434.76,100,50,45849,81920,303.21,400.00,1395,55
21439.82,94,47,45849,81920,369.46,400.00,1410,57
21444.88,100,51,45849,81920,367.94,400.00,1410,56
21449.94,96,46,45849,81920,252.93,400.00,1410,51
21455.0,100,55,45849,81920,106.53,400.00,1410,47
21460.06,100,59,45849,81920,283.23,400.00,1410,50
21465.12,100,61,45849,81920,288.70,400.00,1410,50
21470.21,100,63,45849,81920,286.53,400.00,1410,50
21475.27,100,61,45849,81920,373.66,400.00,1395,55
21480.34,100,43,45849,81920,380.98,400.00,1365,56
21485.39,100,51,45849,81920,337.50,400.00,1410,55
21490.45,100,51,45849,81920,358.00,400.00,1410,55
21495.51,98,78,45849,81920,321.04,400.00,1410,54
21500.57,95,47,45849,81920,356.11,400.00,1410,55
21505.63,100,52,45849,81920,264.14,400.00,1410,50
21510.69,100,57,45849,81920,272.30,400.00,1410,50
21515.75,100,60,45849,81920,278.95,400.00,1410,50
21520.8,100,64,45849,81920,287.71,400.00,1410,50
21525.9,100,55,45849,81920,359.93,400.00,1410,53
21530.96,100,45,45849,81920,394.41,400.00,1365,56
21536.01,100,62,45849,81920,399.92,400.00,1410,54
21541.07,100,51,45849,81920,311.73,400.00,1410,54
21546.13,100,51,45849,81920,301.12,400.00,1410,54
21551.19,95,48,45849,81920,383.63,400.00,1410,55
21556.25,100,50,45849,81920,342.84,400.00,1410,55
21561.31,100,54,45849,81920,268.05,400.00,1410,50
21566.37,100,60,45849,81920,288.94,400.00,1410,50
21571.43,98,62,45849,81920,89.56,400.00,1410,45
21576.49,100,66,45849,81920,305.72,400.00,1410,51
21581.55,100,55,45849,81920,362.95,400.00,1410,53
21586.61,100,49,45849,81920,395.44,400.00,1410,56
21591.67,17,8,45849,81920,366.64,400.00,1410,54
21596.73,100,51,45849,81920,357.35,400.00,1410,55
21601.79,97,79,45849,81920,342.23,400.00,1395,54
21606.85,100,51,45849,81920,370.45,400.00,1410,56
21611.91,100,51,45849,81920,349.19,400.00,1410,55
21616.97,100,54,45849,81920,263.54,400.00,1410,50
21622.03,53,31,45849,81920,283.57,400.00,1410,50
21627.09,100,63,45849,81920,288.97,400.00,1410,50
21632.15,100,65,45849,81920,298.39,400.00,1410,51
21637.2,100,59,45849,81920,298.36,400.00,1410,54
21642.29,100,50,45849,81920,415.34,400.00,1395,57
21647.35,0,0,45849,81920,86.81,400.00,1410,42
21652.41,100,51,45849,81920,357.49,400.00,1410,53
21657.47,97,77,45849,81920,349.41,400.00,1410,54
21662.53,95,48,45849,81920,378.27,400.00,1380,54
21667.59,94,48,45849,81920,369.25,400.00,1410,55
21672.66,100,52,45849,81920,88.73,400.00,1410,45
21677.72,100,58,45849,81920,273.51,400.00,1410,50
21682.78,100,59,45849,81920,282.02,400.00,1410,49
21687.84,100,61,45849,81920,280.19,400.00,1410,49
21692.9,100,54,45849,81920,432.25,400.00,1410,53
21697.99,100,45,45849,81920,370.34,400.00,1410,56
21703.05,100,51,45849,81920,332.31,400.00,1410,54
21708.11,100,59,45849,81920,251.15,400.00,1380,53
21713.16,100,51,45849,81920,191.13,400.00,1410,54
21718.22,100,51,45849,81920,314.41,400.00,1410,54
21723.29,100,49,45849,81920,230.52,400.00,1410,52
21728.34,100,53,45849,81920,256.24,400.00,1410,49
21733.41,100,55,45849,81920,260.49,400.00,1410,49
21738.46,100,57,45849,81920,266.58,400.00,1410,48
21743.52,100,62,45849,81920,276.23,400.00,1410,48
21748.58,100,59,45849,81920,344.95,400.00,1395,54
21753.64,100,45,45849,81920,391.16,400.00,1395,55
21758.7,100,50,45849,81920,365.51,400.00,1410,54
21763.76,100,51,45849,81920,351.58,400.00,1410,54
21768.82,98,71,45849,81920,331.57,400.00,1410,54
21773.88,97,78,45849,81920,344.33,400.00,1395,54
21778.95,100,52,45849,81920,265.06,400.00,1410,49
21784.01,100,56,45849,81920,272.51,400.00,1410,49
21789.07,100,58,45849,81920,277.86,400.00,1410,49
21794.13,100,60,45849,81920,274.15,400.00,1410,48
21799.17,100,56,45849,81920,357.07,400.00,1410,54
21804.23,100,44,45849,81920,365.23,400.00,1395,56
21809.29,95,52,45849,81920,376.75,400.00,1410,55
21814.37,100,51,45849,81920,355.88,400.00,1410,54
21819.43,95,47,45849,81920,378.87,400.00,1410,55
21824.48,100,52,45849,81920,327.40,400.00,1410,54
21829.54,100,51,45849,81920,317.13,400.00,1410,54
21834.6,100,52,45849,81920,260.82,400.00,1410,50
21839.65,100,56,45849,81920,267.46,400.00,1410,51
21844.7,100,56,45849,81920,270.22,400.00,1410,50
21849.75,100,60,45849,81920,264.19,400.00,1410,50
21854.81,99,53,45849,81920,365.17,400.00,1410,56
21859.87,100,43,45849,81920,387.54,400.00,1410,59
21864.92,100,51,45849,81920,290.82,400.00,1410,56
21869.98,100,50,45849,81920,366.48,400.00,1380,57
21875.04,100,51,45849,81920,326.19,400.00,1410,56
21880.09,100,49,45849,81920,364.47,400.00,1410,57
21885.15,100,51,45849,81920,342.81,400.00,1410,57
21890.2,100,55,45849,81920,271.46,400.00,1410,52
21895.25,100,58,45849,81920,272.66,400.00,1410,51
21900.31,100,59,45849,81920,276.89,400.00,1410,51
21905.37,100,60,45849,81920,267.83,400.00,1410,50
21910.42,100,49,45849,81920,376.36,400.00,1410,55
21915.48,100,44,45849,81920,416.15,400.00,1350,58
21920.54,100,60,45849,81920,322.82,400.00,1410,54
21925.59,100,49,45849,81920,391.45,400.00,1395,55
21930.65,100,51,45849,81920,353.06,400.00,1410,56
21935.7,100,63,45849,81920,347.96,400.00,1410,56
21940.75,100,51,45849,81920,264.79,400.00,1410,52
21945.81,100,58,45849,81920,286.55,400.00,1410,52
21950.86,100,61,45849,81920,292.62,400.00,1410,53
21955.91,100,63,45849,81920,293.54,400.00,1410,53
21960.96,100,65,45849,81920,300.18,400.00,1410,53
21966.02,100,49,45849,81920,290.20,400.00,1380,58
21971.07,100,45,45849,81920,385.35,400.00,1410,60
21976.13,100,51,45849,81920,382.91,400.00,1410,58
21981.18,100,50,45849,81920,331.29,400.00,1410,57
21986.24,100,60,45849,81920,293.21,400.00,1380,56
21991.3,100,51,45849,81920,337.38,400.00,1410,57
21996.35,100,52,45849,81920,265.39,400.00,1410,51
22001.41,100,58,45849,81920,277.78,400.00,1410,51
22006.46,100,63,45849,81920,293.21,400.00,1410,51
22011.52,100,62,45849,81920,284.74,400.00,1410,50
22016.57,22,11,45849,81920,355.88,400.00,1410,52
22021.62,100,51,45849,81920,368.27,400.00,1410,56
22026.68,100,36,45849,81920,306.86,400.00,1395,52
22031.74,97,78,45849,81920,338.57,400.00,1410,56
22036.79,100,51,45849,81920,364.20,400.00,1410,58
22041.85,100,52,45849,81920,358.49,400.00,1410,58
22046.91,100,51,45849,81920,327.98,400.00,1410,57
22051.97,100,53,45849,81920,270.87,400.00,1410,53
22057.03,100,58,45849,81920,282.32,400.00,1410,52
22062.08,100,61,45849,81920,288.41,400.00,1410,52
22067.14,100,62,45849,81920,288.98,400.00,1410,51
22072.2,100,50,45849,81920,359.42,400.00,1410,54
22077.26,100,45,45849,81920,389.06,400.00,1410,57
22082.31,100,62,45849,81920,350.59,400.00,1410,55
22087.37,95,47,45849,81920,376.68,400.00,1395,56
22092.43,100,50,45849,81920,326.79,400.00,1410,56
22097.48,100,50,45849,81920,365.50,400.00,1410,56
22102.55,100,49,45849,81920,362.46,400.00,1410,59
22107.6,100,54,45849,81920,270.87,400.00,1410,52
22112.66,100,58,45849,81920,279.34,400.00,1410,51
22117.72,100,59,45849,81920,278.98,400.00,1410,50
22122.78,100,60,45849,81920,279.01,400.00,1410,50
22127.83,100,51,45849,81920,368.43,400.00,1410,55
22132.89,100,38,45849,81920,405.25,400.00,1380,56
22137.95,100,51,45849,81920,376.03,400.00,1410,55
22143.01,100,51,45849,81920,301.99,400.00,1410,54
22148.07,100,60,45849,81920,327.72,400.00,1410,55
22153.13,95,48,45849,81920,369.19,400.00,1410,56
22158.19,100,50,45849,81920,258.10,400.00,1410,51
22163.25,100,57,45849,81920,281.75,400.00,1410,51
22168.31,100,61,45849,81920,288.98,400.00,1410,52
22173.43,100,64,45849,81920,300.48,400.00,1410,52
22178.49,100,65,45849,81920,292.02,400.00,1410,51
22183.55,100,52,45849,81920,320.89,400.00,1395,55
22188.62,100,42,45849,81920,400.48,400.00,1335,59
22193.69,98,63,45849,81920,269.27,400.00,1395,53
22198.75,100,52,45849,81920,209.51,400.00,1410,54
22203.81,97,71,45849,81920,328.14,400.00,1410,55
22208.87,100,49,45849,81920,288.67,400.00,1395,53
22213.93,100,53,45849,81920,266.86,400.00,1410,50
22219.03,100,59,45849,81920,285.23,400.00,1410,50
22224.09,100,64,45849,81920,298.99,400.00,1410,51
22229.14,100,67,45849,81920,309.10,400.00,1410,51
22234.2,9,4,45849,81920,362.13,400.00,1410,49
22239.31,100,61,45849,81920,380.29,400.00,1380,56
22244.37,0,0,45849,81920,356.76,400.00,1410,52
22249.43,100,51,45849,81920,325.88,400.00,1410,55
22254.49,100,58,45849,81920,291.42,400.00,1395,53
22259.55,100,50,45849,81920,345.28,400.00,1410,55
22264.61,100,50,45849,81920,364.35,400.00,1410,55
22269.67,100,53,45849,81920,264.46,400.00,1410,50
22274.73,100,59,45849,81920,285.65,400.00,1410,50
22279.79,100,61,45849,81920,284.30,400.00,1410,50
22284.85,100,63,45849,81920,291.96,400.00,1410,50
22289.91,100,50,45849,81920,380.11,400.00,1410,54
22294.97,100,44,45849,81920,417.33,400.00,1365,55
22300.02,97,79,45849,81920,326.24,400.00,1410,54
22305.08,97,72,45849,81920,327.63,400.00,1410,55
22310.14,95,49,45849,81920,366.53,400.00,1410,56
22315.2,100,51,45849,81920,365.55,400.00,1410,55
22320.26,100,50,45849,81920,390.14,400.00,1410,54
22325.32,100,54,45849,81920,268.61,400.00,1410,50
22330.38,100,60,45849,81920,281.30,400.00,1410,50
22335.44,100,61,45849,81920,282.49,400.00,1410,50
22340.5,100,62,45849,81920,290.12,400.00,1410,50
22345.56,100,49,45849,81920,357.72,400.00,1410,54
22350.61,100,36,45849,81920,372.08,400.00,1410,56
22355.67,100,51,45849,81920,371.86,400.00,1410,55
22360.73,100,50,45849,81920,355.88,400.00,1410,54
22365.79,97,78,45849,81920,376.75,400.00,1395,53
22370.85,100,51,45849,81920,359.48,400.00,1410,55
22375.91,100,51,45849,81920,338.10,400.00,1410,54
22380.97,100,54,45849,81920,263.49,400.00,1410,49
22386.03,100,58,45849,81920,278.68,400.00,1410,49
22391.09,100,58,45849,81920,274.88,400.00,1410,49
22396.15,100,59,45849,81920,264.03,400.00,1410,48
22401.22,100,56,45849,81920,361.14,400.00,1410,55
22406.28,100,41,45849,81920,375.82,400.00,1410,56
22411.34,94,47,45849,81920,371.76,400.00,1410,55
22416.39,100,50,45849,81920,328.98,400.00,1410,54
22421.45,100,49,45849,81920,352.57,400.00,1395,54
22426.51,100,51,45849,81920,310.17,400.00,1410,53
22431.57,100,52,45849,81920,261.75,400.00,1410,49
22436.63,100,58,45849,81920,283.20,400.00,1410,50
22441.69,100,61,45849,81920,285.65,400.00,1410,50
22446.76,100,62,45849,81920,294.45,400.00,1410,50
22451.82,0,0,45849,81920,175.26,400.00,1410,46
22456.88,100,49,45849,81920,363.61,400.00,1410,54
22461.94,100,35,45849,81920,379.54,400.00,1410,57
22467.01,100,48,45849,81920,307.48,400.00,1395,53
22472.08,100,51,45849,81920,365.16,400.00,1410,54
22477.14,97,67,45849,81920,276.27,400.00,1395,54
22482.21,94,54,45849,81920,298.07,400.00,1395,53
22487.26,100,53,45849,81920,265.29,400.00,1410,50
22492.33,100,56,45849,81920,272.58,400.00,1410,49
22497.38,100,59,45849,81920,275.30,400.00,1410,49
22502.44,100,60,45849,81920,278.00,400.00,1410,49
22507.5,100,49,45849,81920,327.70,400.00,1410,54
22512.56,99,44,45849,81920,470.11,400.00,1410,57
22517.62,100,62,45849,81920,354.36,400.00,1410,53
22522.68,100,52,45849,81920,325.62,400.00,1410,54
22527.74,100,51,45849,81920,352.00,400.00,1410,54
22532.79,97,73,45849,81920,334.34,400.00,1410,53
22537.85,87,45,45849,81920,262.95,400.00,1410,51
22542.91,100,56,45849,81920,274.46,400.00,1410,50
22547.97,100,61,45849,81920,289.90,400.00,1410,50
22553.03,100,64,45849,81920,302.32,400.00,1410,50
22558.12,100,65,45849,81920,297.78,400.00,1410,50
22563.27,100,49,45849,81920,451.01,400.00,1395,54
22568.34,100,44,45849,81920,298.97,400.00,1380,56
22573.4,100,51,45849,81920,348.92,400.00,1410,54
22578.47,97,71,45849,81920,334.35,400.00,1410,54
22583.57,100,50,45849,81920,342.56,400.00,1410,55
22588.62,100,50,45849,81920,328.92,400.00,1410,55
22593.68,69,39,45849,81920,246.24,400.00,1410,51
22598.74,50,28,45849,81920,269.30,400.00,1410,49
22603.8,100,61,45849,81920,285.95,400.00,1410,51
22608.85,100,62,45849,81920,284.76,400.00,1410,51
22613.93,100,65,45849,81920,300.46,400.00,1410,52
22619.01,100,49,45849,81920,360.99,400.00,1395,56
22624.08,100,45,45849,81920,373.32,400.00,1410,59
22629.13,97,78,45849,81920,350.68,400.00,1410,57
22634.22,98,48,45849,81920,370.33,400.00,1410,58
22639.27,94,47,45849,81920,357.03,400.00,1410,59
22644.33,100,51,45849,81920,353.39,400.00,1410,58
22649.38,100,51,45849,81920,270.27,400.00,1410,53
22654.45,100,57,45849,81920,286.26,400.00,1410,52
22659.5,100,59,45849,81920,282.32,400.00,1410,52
22664.56,100,64,45849,81920,295.66,400.00,1410,51
22669.61,6,3,45849,81920,358.22,400.00,1410,47
22674.66,100,50,45849,81920,363.06,400.00,1410,56
22679.71,100,37,45849,81920,90.44,400.00,1410,48
22684.76,100,51,45849,81920,378.08,400.00,1410,56
22689.81,100,51,45849,81920,331.62,400.00,1410,55
22694.87,100,56,45849,81920,290.82,400.00,1395,53
22699.92,100,51,45849,81920,341.61,400.00,1410,56
22704.97,100,52,45849,81920,265.71,400.00,1410,52
22710.02,100,58,45849,81920,282.61,400.00,1410,52
22715.08,100,63,45849,81920,295.93,400.00,1410,53
22720.13,100,66,45849,81920,306.26,400.00,1410,53
22725.18,0,0,45849,81920,339.77,400.00,1410,51
22730.23,100,49,45849,81920,331.29,400.00,1380,57
22735.28,0,0,45849,81920,92.06,400.00,1410,49
22740.33,97,76,45849,81920,378.15,400.00,1410,57
22745.42,94,47,45849,81920,373.92,400.00,1365,58
22750.48,100,51,45849,81920,359.42,400.00,1410,57
22755.53,97,70,45849,81920,349.15,400.00,1410,56
22760.58,100,53,45849,81920,267.51,400.00,1410,51
22765.63,100,59,45849,81920,282.02,400.00,1410,51
22770.69,100,61,45849,81920,284.47,400.00,1410,51
22775.75,100,64,45849,81920,295.06,400.00,1410,51
22780.8,100,49,45849,81920,304.13,400.00,1410,55
22785.85,100,36,45849,81920,316.80,400.00,1395,57
22790.91,100,49,45849,81920,373.92,400.00,1410,54
22795.99,100,52,45849,81920,328.31,400.00,1410,57
22801.09,97,62,45849,81920,398.73,400.00,1395,57
22806.17,100,52,45849,81920,337.38,400.00,1410,58
22811.21,100,49,45849,81920,292.62,400.00,1410,56
22816.27,100,52,45849,81920,266.03,400.00,1410,52
22821.33,100,56,45849,81920,275.37,400.00,1410,51
22826.38,100,57,45849,81920,269.35,400.00,1410,51
22831.44,100,58,45849,81920,271.46,400.00,1410,50
22836.49,100,50,45849,81920,365.72,400.00,1410,55
22841.55,100,45,45849,81920,292.91,400.00,1395,57
22846.6,94,47,45849,81920,380.26,400.00,1410,56
22851.66,100,51,45849,81920,339.84,400.00,1410,55
22856.71,97,68,45849,81920,301.05,400.00,1410,54
22861.77,100,50,45849,81920,427.93,400.00,1380,56
22866.83,100,51,45849,81920,333.41,400.00,1410,56
22871.89,100,54,45849,81920,270.22,400.00,1410,52
22876.94,100,60,45849,81920,288.07,400.00,1410,53
22881.99,100,63,45849,81920,292.91,400.00,1410,52
22887.05,100,66,45849,81920,301.98,400.00,1410,52
22892.11,100,61,45849,81920,358.82,400.00,1410,56
22897.16,100,49,45849,81920,364.73,400.00,1395,58
22902.23,100,51,45849,81920,335.30,400.00,1410,55
22907.28,94,48,45849,81920,370.01,400.00,1410,56
22912.34,100,51,45849,81920,363.26,400.00,1410,56
22917.4,94,47,45849,81920,355.55,400.00,1410,56
22922.46,100,51,45849,81920,360.72,400.00,1410,56
22927.51,100,54,45849,81920,268.61,400.00,1410,51
22932.58,100,55,45849,81920,266.66,400.00,1410,51
22937.64,100,59,45849,81920,271.58,400.00,1410,50
22942.7,100,62,45849,81920,89.75,400.00,1410,46
22947.76,100,49,45849,81920,340.09,400.00,1395,55
22952.81,100,44,45849,81920,439.23,400.00,1395,57
22957.88,100,51,45849,81920,338.35,400.00,1410,53
22962.94,98,66,45849,81920,366.10,400.00,1410,55
22968.0,100,52,45849,81920,324.68,400.00,1410,54
22973.05,100,51,45849,81920,299.24,400.00,1410,54
22978.15,100,51,45849,81920,254.46,400.00,1410,50
22983.21,100,56,45849,81920,266.86,400.00,1410,50
22988.26,100,56,45849,81920,266.81,400.00,1410,49
22993.33,100,58,45849,81920,272.09,400.00,1410,49
22998.39,100,48,45849,81920,364.56,400.00,1410,53
23003.45,100,44,45849,81920,400.34,400.00,1410,56
23008.51,100,51,45849,81920,350.71,400.00,1410,55
23013.6,100,49,45849,81920,300.77,400.00,1410,53
23018.66,100,51,45849,81920,262.67,400.00,1410,54
23023.72,97,72,45849,81920,328.34,400.00,1410,54
23028.78,100,51,45849,81920,356.15,400.00,1410,55
23033.85,100,53,45849,81920,267.74,400.00,1410,50
23038.91,100,59,45849,81920,282.53,400.00,1410,50
23043.97,100,61,45849,81920,292.63,400.00,1410,50
23049.03,100,64,45849,81920,294.14,400.00,1410,50
23054.09,100,54,45849,81920,352.21,400.00,1410,53
23059.15,100,49,45849,81920,383.31,400.00,1410,56
23064.2,68,33,45849,81920,339.77,400.00,1410,52
23069.29,100,51,45849,81920,346.11,400.00,1410,55
23074.35,100,49,45849,81920,376.81,400.00,1410,54
23079.41,100,51,45849,81920,338.32,400.00,1410,55
23084.48,97,64,45849,81920,274.39,400.00,1410,54
23089.56,100,52,45849,81920,265.72,400.00,1410,50
23094.62,100,56,45849,81920,274.03,400.00,1410,49
23099.75,100,60,45849,81920,274.80,400.00,1410,49
23104.81,100,64,45849,81920,288.31,400.00,1410,49
23109.86,100,49,45849,81920,370.87,400.00,1395,53
23114.92,100,44,45849,81920,369.63,400.00,1410,56
23119.98,94,48,45849,81920,357.07,400.00,1410,55
23125.04,100,52,45849,81920,360.34,400.00,1410,55
23130.1,97,79,45849,81920,319.84,400.00,1410,54
23135.16,94,47,45849,81920,458.13,400.00,1335,56
23140.22,100,51,45849,81920,368.60,400.00,1410,55
23145.28,100,55,45849,81920,273.18,400.00,1410,50
23150.34,100,58,45849,81920,282.55,400.00,1410,50
23155.42,100,61,45849,81920,282.62,400.00,1410,49
23160.48,100,62,45849,81920,282.04,400.00,1410,49
23165.54,100,59,45849,81920,450.89,400.00,1380,54
23170.6,100,36,45849,81920,335.87,400.00,1380,57
23175.66,100,51,45849,81920,366.15,400.00,1410,54
23180.72,100,62,45849,81920,332.54,400.00,1410,54
23185.78,100,51,45849,81920,298.96,400.00,1410,54
23190.84,97,75,45849,81920,347.40,400.00,1410,54
23195.9,100,51,45849,81920,317.46,400.00,1410,54
23200.96,37,20,45849,81920,263.54,400.00,1410,48
23206.02,100,58,45849,81920,269.72,400.00,1410,49
23211.08,100,61,45849,81920,280.41,400.00,1410,49
23216.14,100,63,45849,81920,285.92,400.00,1410,49
23221.2,100,50,45849,81920,357.67,400.00,1410,54
23226.26,99,45,45849,81920,396.28,400.00,1365,56
23231.37,100,51,45849,81920,366.09,400.00,1410,54
23236.43,100,59,45849,81920,362.24,400.00,1410,55
23241.49,100,58,45849,81920,319.52,400.00,1410,54
23246.6,94,48,45849,81920,364.35,400.00,1410,55
23251.66,100,50,45849,81920,258.10,400.00,1410,50
23256.72,100,57,45849,81920,273.51,400.00,1410,50
23261.77,100,60,45849,81920,285.36,400.00,1410,50
23266.83,100,61,45849,81920,280.01,400.00,1410,49
23271.9,100,64,45849,81920,288.93,400.00,1410,50
23276.96,100,49,45849,81920,426.00,400.00,1410,54
23282.02,100,44,45849,81920,344.60,400.00,1395,56
23287.08,100,51,45849,81920,374.49,400.00,1410,55
23292.14,94,48,45849,81920,359.93,400.00,1410,55
23297.19,100,50,45849,81920,335.68,400.00,1410,55
23302.26,97,74,45849,81920,323.76,400.00,1410,54
23307.32,100,51,45849,81920,260.82,400.00,1410,50
23312.37,100,56,45849,81920,273.54,400.00,1410,50
23317.43,100,58,45849,81920,278.98,400.00,1410,49
23322.48,100,60,45849,81920,278.07,400.00,1410,49
23327.54,88,44,45849,81920,415.17,400.00,1395,51
23332.59,100,49,45849,81920,372.51,400.00,1410,55
23337.65,97,79,45849,81920,289.90,400.00,1395,54
23342.7,94,47,45849,81920,410.67,400.00,1365,55
23347.76,100,50,45849,81920,331.64,400.00,1410,54
23352.82,97,77,45849,81920,327.40,400.00,1410,54
23357.88,100,51,45849,81920,277.82,400.00,1410,55
23362.93,100,54,45849,81920,268.15,400.00,1410,50
23367.99,100,60,45849,81920,283.86,400.00,1410,50
23373.04,77,49,45849,81920,296.52,400.00,1410,49
23378.1,100,66,45849,81920,296.55,400.00,1410,50
23383.15,100,61,45849,81920,377.88,400.00,1395,55
23388.2,100,49,45849,81920,414.74,400.00,1380,57
23393.26,100,65,45849,81920,333.74,400.00,1410,54
23398.31,100,51,45849,81920,308.05,400.00,1410,56
23403.37,100,51,45849,81920,340.09,400.00,1410,56
23408.42,94,47,45849,81920,355.78,400.00,1410,57
23413.47,100,51,45849,81920,359.79,400.00,1410,57
23418.52,100,54,45849,81920,268.39,400.00,1410,52
23423.58,100,58,45849,81920,281.09,400.00,1410,52
23428.63,100,59,45849,81920,285.06,400.00,1410,52
23433.69,100,64,45849,81920,298.07,400.00,1410,53
23438.74,100,55,45849,81920,360.01,400.00,1410,56
23443.8,100,44,45849,81920,395.69,400.00,1410,59
23448.85,100,55,45849,81920,291.12,400.00,1380,56
23453.91,100,51,45849,81920,348.56,400.00,1410,57
23458.96,97,78,45849,81920,344.00,400.00,1410,57
23464.01,95,47,45849,81920,345.20,400.00,1410,57
23469.07,100,51,45849,81920,355.51,400.00,1410,57
23474.12,100,53,45849,81920,268.15,400.00,1410,52
23479.18,100,59,45849,81920,282.64,400.00,1410,51
23484.24,100,62,45849,81920,292.29,400.00,1410,51
23489.29,30,19,45849,81920,286.55,400.00,1410,49
23494.34,100,55,45849,81920,367.18,400.00,1410,54
23499.39,100,36,45849,81920,377.55,400.00,1410,57
23504.45,100,52,45849,81920,350.68,400.00,1410,56
23509.52,100,57,45849,81920,443.46,400.00,1395,56
23514.58,94,48,45849,81920,364.58,400.00,1410,59
23519.63,100,52,45849,81920,358.49,400.00,1410,58
23524.68,100,62,45849,81920,327.72,400.00,1410,57
23529.74,100,55,45849,81920,274.75,400.00,1410,53
23534.79,100,60,45849,81920,290.17,400.00,1410,53
23539.85,100,65,45849,81920,303.82,400.00,1410,53
23544.9,100,66,45849,81920,305.60,400.00,1410,53
23549.96,100,55,45849,81920,372.45,400.00,1410,56
23555.02,100,45,45849,81920,396.94,400.00,1410,58
23560.08,97,78,45849,81920,341.61,400.00,1395,55
23565.13,95,48,45849,81920,379.01,400.00,1410,56
23570.19,100,50,45849,81920,324.67,400.00,1410,56
23575.25,98,75,45849,81920,374.83,400.00,1410,56
23580.31,65,37,45849,81920,265.39,400.00,1410,52
23585.36,100,55,45849,81920,276.30,400.00,1410,52
23590.42,100,56,45849,81920,276.89,400.00,1410,51
23595.48,100,59,45849,81920,273.54,400.00,1410,51
23600.54,35,17,45849,81920,353.67,400.00,1410,52
23605.62,100,56,45849,81920,360.61,400.00,1410,58
23610.69,100,44,45849,81920,443.93,400.00,1380,58
23615.75,100,51,45849,81920,335.26,400.00,1410,55
23620.81,100,54,45849,81920,306.54,400.00,1410,55
23625.89,100,51,45849,81920,362.73,400.00,1410,56
23630.95,97,73,45849,81920,334.66,400.00,1410,55
23636.02,100,51,45849,81920,257.57,400.00,1410,51
23641.08,100,57,45849,81920,275.39,400.00,1410,50
23646.14,100,60,45849,81920,288.67,400.00,1410,51
23651.23,100,62,45849,81920,294.14,400.00,1410,51
23656.29,71,47,45849,81920,92.50,400.00,1410,47
23661.35,100,59,45849,81920,375.16,400.00,1410,57
23666.41,100,45,45849,81920,386.15,400.00,1410,59
23671.47,94,47,45849,81920,369.03,400.00,1410,57
23676.53,100,50,45849,81920,367.51,400.00,1410,56
23681.59,97,69,45849,81920,331.71,400.00,1410,56
23686.66,94,47,45849,81920,369.35,400.00,1410,56
23691.8,100,52,45849,81920,265.29,400.00,1410,51
23696.84,100,55,45849,81920,264.14,400.00,1410,50
23701.89,100,58,45849,81920,268.70,400.00,1410,49
23706.95,23,13,45849,81920,250.22,400.00,1410,47
23712.0,100,54,45849,81920,354.03,400.00,1380,55
23717.05,100,40,45849,81920,304.41,400.00,1395,56
23722.1,97,80,45849,81920,342.56,400.00,1410,54
23727.16,100,50,45849,81920,215.66,400.00,1410,55
23732.22,100,62,45849,81920,322.89,400.00,1410,55
23737.27,100,49,45849,81920,288.35,400.00,1395,53
23742.33,100,51,45849,81920,322.30,400.00,1410,54
23747.39,100,56,45849,81920,270.78,400.00,1410,50
23752.44,100,60,45849,81920,285.33,400.00,1410,50
23757.5,99,64,45849,81920,300.79,400.00,1410,50
23762.6,100,65,45849,81920,300.80,400.00,1410,51
23767.65,100,55,45849,81920,361.69,400.00,1410,54
23772.71,100,45,45849,81920,397.80,400.00,1395,56
23777.77,97,73,45849,81920,333.23,400.00,1410,52
23782.87,94,47,45849,81920,364.03,400.00,1410,55
23787.97,100,50,45849,81920,374.05,400.00,1410,55
23793.1,97,75,45849,81920,394.23,400.00,1395,54
23798.16,100,51,45849,81920,348.89,400.00,1410,55
23803.22,100,54,45849,81920,269.95,400.00,1410,50
23808.28,100,60,45849,81920,281.09,400.00,1410,50
23813.34,100,62,45849,81920,289.60,400.00,1410,50
23818.39,39,25,45849,81920,291.39,400.00,1410,49
23823.46,100,49,45849,81920,361.64,400.00,1410,54
23828.51,100,45,45849,81920,356.11,400.00,1395,56
23833.58,94,47,45849,81920,379.86,400.00,1410,56
23838.64,100,51,45849,81920,327.14,400.00,1410,55
23843.7,100,51,45849,81920,350.44,400.00,1410,55
23848.76,100,50,45849,81920,305.97,400.00,1395,52
23853.83,100,52,45849,81920,350.67,400.00,1410,54
23858.89,100,55,45849,81920,269.95,400.00,1410,50
23863.95,100,58,45849,81920,268.41,400.00,1410,49
23869.01,100,57,45849,81920,266.38,400.00,1410,49
23874.07,100,59,45849,81920,270.22,400.00,1410,48
23879.13,100,50,45849,81920,383.38,400.00,1410,54
23884.19,100,44,45849,81920,400.93,400.00,1380,57
23889.25,100,51,45849,81920,365.93,400.00,1410,55
23894.31,94,47,45849,81920,383.51,400.00,1410,55
23899.37,100,50,45849,81920,294.14,400.00,1410,54
23904.43,100,50,45849,81920,278.81,400.00,1410,52
23909.49,100,51,45849,81920,263.46,400.00,1410,50
23914.55,100,57,45849,81920,280.09,400.00,1410,50
23919.61,62,39,45849,81920,274.32,400.00,1410,46
23924.67,100,64,45849,81920,301.39,400.00,1410,50
23929.73,100,66,45849,81920,129.45,400.00,1410,47
23934.79,100,56,45849,81920,377.86,400.00,1410,55
23939.84,100,44,45849,81920,370.60,400.00,1320,57
23944.91,100,51,45849,81920,369.36,400.00,1410,54
23949.96,94,47,45849,81920,363.65,400.00,1410,55
23955.02,100,51,45849,81920,352.14,400.00,1410,55
23960.08,100,56,45849,81920,388.89,400.00,1395,54
23965.14,100,51,45849,81920,261.05,400.00,1410,50
23970.23,100,56,45849,81920,272.18,400.00,1410,50
23975.3,100,59,45849,81920,276.99,400.00,1410,49
23980.36,100,64,45849,81920,292.30,400.00,1410,50
23985.42,100,49,45849,81920,307.73,400.00,1410,52
23990.48,100,50,45849,81920,352.47,400.00,1395,55
23995.54,100,48,45849,81920,375.02,400.00,1410,52
24000.6,100,49,45849,81920,391.07,400.00,1410,54
24005.66,100,49,45849,81920,366.53,400.00,1410,55
24010.72,100,49,45849,81920,342.79,400.00,1410,54
24015.78,100,49,45849,81920,349.21,400.00,1410,55
24020.85,100,55,45849,81920,268.51,400.00,1410,50
24025.94,100,60,45849,81920,286.84,400.00,1410,50
24031.04,100,61,45849,81920,283.51,400.00,1410,50
24036.1,100,63,45849,81920,289.30,400.00,1410,50
24041.15,100,58,45849,81920,367.73,400.00,1410,54
24046.21,100,47,45849,81920,380.90,400.00,1410,57
24051.27,100,50,45849,81920,366.91,400.00,1410,53
24056.32,100,49,45849,81920,326.80,400.00,1410,55
24061.38,100,57,45849,81920,397.94,400.00,1395,52
24066.44,100,50,45849,81920,362.29,400.00,1410,56
24071.49,100,49,45849,81920,256.25,400.00,1410,49
24076.55,100,56,45849,81920,269.91,400.00,1410,50
24081.6,100,59,45849,81920,280.19,400.00,1410,50
24086.66,100,61,45849,81920,288.05,400.00,1410,50
24091.71,100,64,45849,81920,298.08,400.00,1410,50
24096.76,100,49,45849,81920,365.23,400.00,1410,55
24101.82,99,44,45849,81920,363.43,400.00,1395,56
24106.88,100,50,45849,81920,358.12,400.00,1410,54
24111.94,94,46,45849,81920,318.92,400.00,1395,52
24116.99,100,50,45849,81920,326.20,400.00,1410,54
24122.04,100,59,45849,81920,389.25,400.00,1410,56
24127.1,100,52,45849,81920,263.54,400.00,1410,50
24132.15,100,56,45849,81920,270.55,400.00,1410,49
24137.21,100,57,45849,81920,267.51,400.00,1410,50
24142.28,100,59,45849,81920,264.46,400.00,1410,50
24147.33,99,60,45849,81920,359.74,400.00,1410,56
24152.39,100,49,45849,81920,354.26,400.00,1395,58
24157.44,94,48,45849,81920,311.36,400.00,1410,57
24162.5,100,50,45849,81920,359.74,400.00,1410,57
24167.55,97,78,45849,81920,305.01,400.00,1410,57
24172.61,94,47,45849,81920,384.23,400.00,1410,58
24177.66,100,51,45849,81920,334.35,400.00,1410,57
24182.71,100,55,45849,81920,273.54,400.00,1410,53
24187.76,100,60,45849,81920,291.09,400.00,1410,53
24192.82,100,64,45849,81920,299.90,400.00,1410,54
24197.87,100,63,45849,81920,293.81,400.00,1410,53
24202.93,100,55,45849,81920,380.86,400.00,1410,58
24207.98,100,45,45849,81920,403.56,400.00,1380,60
24213.04,100,50,45849,81920,334.58,400.00,1410,57
24218.09,100,55,45849,81920,342.81,400.00,1395,56
24223.15,94,48,45849,81920,378.80,400.00,1350,59
24228.21,100,50,45849,81920,352.79,400.00,1410,57
24233.25,91,45,45849,81920,256.58,400.00,1410,51
24238.31,100,55,45849,81920,270.87,400.00,1410,51
24243.36,100,58,45849,81920,277.82,400.00,1410,51
24248.42,100,62,45849,81920,289.87,400.00,1410,51
24253.47,100,63,45849,81920,289.30,400.00,1410,52
24258.53,100,49,45849,81920,364.25,400.00,1395,56
24263.61,99,44,45849,81920,391.45,400.00,1410,59
24268.66,100,48,45849,81920,279.30,400.00,1410,56
24273.73,100,51,45849,81920,325.88,400.00,1410,57
24278.79,97,70,45849,81920,357.67,400.00,1410,57
24283.84,100,51,45849,81920,348.60,400.00,1410,57
24288.9,100,50,45849,81920,263.81,400.00,1410,54
24293.98,100,55,45849,81920,269.02,400.00,1410,53
24299.04,100,58,45849,81920,274.46,400.00,1410,53
24304.1,100,57,45849,81920,273.54,400.00,1410,52
24309.17,0,0,45849,81920,374.24,400.00,1410,54
24314.23,100,54,45849,81920,382.71,400.00,1410,59
24319.29,100,49,45849,81920,307.46,400.00,1395,56
24324.37,100,51,45849,81920,360.01,400.00,1410,58
24329.45,100,51,45849,81920,368.49,400.00,1410,57
24334.5,100,51,45849,81920,362.08,400.00,1410,57
24339.56,100,49,45849,81920,347.96,400.00,1410,56
24344.62,100,55,45849,81920,272.98,400.00,1410,51
24349.67,100,59,45849,81920,286.29,400.00,1410,51
24354.73,100,62,45849,81920,289.60,400.00,1410,51
24359.79,100,65,45849,81920,299.26,400.00,1410,51
24364.84,99,49,45849,81920,358.49,400.00,1410,54
24369.9,100,35,45849,81920,390.58,400.00,1410,58
24374.96,100,51,45849,81920,325.27,400.00,1410,56
24380.01,100,51,45849,81920,365.17,400.00,1410,56
24385.07,94,47,45849,81920,373.32,400.00,1410,57
24390.13,100,59,45849,81920,376.56,400.00,1410,58
24395.18,100,66,45849,81920,345.85,400.00,1410,57
24400.24,100,54,45849,81920,271.46,400.00,1410,51
24405.3,100,58,45849,81920,274.73,400.00,1410,51
24410.35,100,60,45849,81920,279.88,400.00,1410,50
24415.41,100,62,45849,81920,284.08,400.00,1410,50
24420.48,100,50,45849,81920,357.70,400.00,1410,55
24425.54,100,43,45849,81920,391.80,400.00,1395,56
24430.59,100,54,45849,81920,309.57,400.00,1410,54
24435.65,100,51,45849,81920,365.55,400.00,1410,56
24440.74,100,51,45849,81920,304.43,400.00,1410,55
24445.8,100,55,45849,81920,392.39,400.00,1410,56
24450.86,100,51,45849,81920,258.37,400.00,1410,51
24455.93,100,58,45849,81920,276.09,400.00,1410,51
24460.99,100,62,45849,81920,294.14,400.00,1410,51
24466.04,100,66,45849,81920,305.46,400.00,1410,51
24471.1,100,69,45849,81920,314.84,400.00,1410,52
24476.16,100,48,45849,81920,370.87,400.00,1410,55
24481.25,100,43,45849,81920,398.07,400.00,1410,58
24486.36,100,52,45849,81920,364.45,400.00,1410,55
24491.46,100,58,45849,81920,358.09,400.00,1410,55
24496.53,100,51,45849,81920,390.35,400.00,1410,56
24501.65,94,48,45849,81920,363.51,400.00,1410,56
24506.7,100,52,45849,81920,265.06,400.00,1410,50
24511.76,100,56,45849,81920,275.85,400.00,1410,50
24516.82,100,57,45849,81920,263.32,400.00,1410,49
24521.88,100,59,45849,81920,260.23,400.00,1410,48
24526.94,100,49,45849,81920,422.72,400.00,1395,53
24532.0,100,44,45849,81920,383.18,400.00,1335,57
24537.06,100,51,45849,81920,304.13,400.00,1410,53
24542.11,100,48,45849,81920,291.40,400.00,1395,52
24547.17,100,52,45849,81920,325.94,400.00,1410,54
24552.23,100,51,45849,81920,312.50,400.00,1410,54
24557.28,4,0,45849,81920,89.32,400.00,1410,45
24562.35,100,55,45849,81920,269.40,400.00,1410,50
24567.4,100,60,45849,81920,289.19,400.00,1410,51
24572.46,100,61,45849,81920,292.60,400.00,1410,51
24577.51,100,61,45849,81920,283.70,400.00,1410,50
24582.56,100,54,45849,81920,356.05,400.00,1410,55
24587.62,100,36,45849,81920,305.64,400.00,1410,56
24592.67,100,58,45849,81920,356.85,400.00,1410,54
24597.81,100,51,45849,81920,315.94,400.00,1410,54
24602.86,100,50,45849,81920,327.13,400.00,1410,55
24607.91,94,47,45849,81920,368.27,400.00,1410,56
24612.98,100,50,45849,81920,352.60,400.00,1410,55
24618.03,100,55,45849,81920,270.05,400.00,1410,50
24623.1,100,60,45849,81920,285.56,400.00,1410,50
24628.15,100,62,45849,81920,289.26,400.00,1410,50
24633.21,99,62,45849,81920,287.37,400.00,1410,50
24638.27,100,48,45849,81920,362.92,400.00,1395,53
24643.33,100,35,45849,81920,374.86,400.00,1410,56
24648.39,97,75,45849,81920,324.76,400.00,1410,54
24653.45,100,50,45849,81920,201.82,400.00,1410,55
24658.5,100,51,45849,81920,333.61,400.00,1410,54
24663.55,95,46,45849,81920,281.35,400.00,1395,53
24668.62,100,51,45849,81920,346.74,400.00,1410,55
24673.68,100,56,45849,81920,271.77,400.00,1410,50
24678.73,100,58,45849,81920,278.15,400.00,1410,49
24683.79,100,63,45849,81920,288.29,400.00,1410,49
24688.85,100,63,45849,81920,284.02,400.00,1410,49
24693.91,100,57,45849,81920,370.87,400.00,1410,54
24698.96,100,49,45849,81920,391.07,400.00,1380,57
24704.02,94,62,45849,81920,311.36,400.00,1410,54
24709.08,95,50,45849,81920,384.03,400.00,1410,55
24714.14,100,51,45849,81920,352.57,400.00,1410,53
24719.2,100,50,45849,81920,324.09,400.00,1410,55
24724.25,100,51,45849,81920,260.11,400.00,1410,50
24729.31,100,55,45849,81920,272.09,400.00,1410,49
24734.37,100,57,45849,81920,265.67,400.00,1410,49
24739.43,100,59,45849,81920,272.09,400.00,1410,49
24744.49,100,56,45849,81920,361.37,400.00,1410,53
24749.55,100,41,45849,81920,398.39,400.00,1410,56
24754.61,100,51,45849,81920,300.86,400.00,1410,54
24759.67,100,51,45849,81920,343.79,400.00,1410,55
24764.73,100,49,45849,81920,376.99,400.00,1380,54
24769.78,94,52,45849,81920,380.05,400.00,1410,56
24774.84,100,50,45849,81920,300.24,400.00,1410,54
24779.9,100,54,45849,81920,266.87,400.00,1410,49
24784.96,100,54,45849,81920,258.90,400.00,1410,48
24790.07,100,60,45849,81920,268.69,400.00,1410,48
24795.13,0,0,45849,81920,86.21,400.00,1410,42
24800.2,100,49,45849,81920,367.53,400.00,1410,54
24805.26,100,36,45849,81920,381.39,400.00,1410,57
24810.32,100,51,45849,81920,359.74,400.00,1410,54
24815.38,95,47,45849,81920,368.98,400.00,1410,55
24820.44,100,51,45849,81920,318.38,400.00,1410,54
24825.5,95,47,45849,81920,374.00,400.00,1410,55
24830.55,100,50,45849,81920,264.74,400.00,1410,50
24835.61,100,57,45849,81920,281.42,400.00,1410,50
24840.66,100,60,45849,81920,281.11,400.00,1410,50
24845.72,100,61,45849,81920,281.09,400.00,1410,49
24850.77,100,60,45849,81920,278.99,400.00,1410,49
24855.83,100,50,45849,81920,346.80,400.00,1395,54
24860.88,100,45,45849,81920,386.15,400.00,1410,57
24865.94,100,50,45849,81920,345.88,400.00,1410,54
24871.0,97,77,45849,81920,324.42,400.00,1410,54
24876.06,100,50,45849,81920,379.47,400.00,1410,57
24881.13,100,51,45849,81920,349.19,400.00,1410,56
24886.18,100,51,45849,81920,260.82,400.00,1410,52
24891.23,100,56,45849,81920,269.90,400.00,1410,52
24896.29,100,60,45849,81920,282.61,400.00,1410,52
24901.34,100,64,45849,81920,294.75,400.00,1410,52
24906.4,100,55,45849,81920,387.62,400.00,1410,57
24911.45,100,49,45849,81920,407.46,400.00,1380,59
24916.51,100,51,45849,81920,349.43,400.00,1410,57
24921.56,100,54,45849,81920,315.00,400.00,1395,57
24926.61,100,50,45849,81920,358.49,400.00,1410,58
24931.67,98,63,45849,81920,334.93,400.00,1410,58
24936.72,95,47,45849,81920,386.35,400.00,1410,59
24941.78,100,54,45849,81920,275.70,400.00,1410,54
24946.83,100,59,45849,81920,281.13,400.00,1410,54
24951.88,100,61,45849,81920,288.41,400.00,1410,53
24956.94,100,63,45849,81920,291.98,400.00,1410,53
24961.99,100,63,45849,81920,402.37,400.00,1395,57
24967.04,100,49,45849,81920,298.34,400.00,1380,58
24972.1,98,71,45849,81920,316.80,400.00,1410,56
24977.15,95,48,45849,81920,377.16,400.00,1410,57
24982.21,100,51,45849,81920,317.12,400.00,1410,56
24987.26,100,51,45849,81920,363.88,400.00,1410,56
24992.32,51,35,45849,81920,254.46,400.00,1410,52
24997.37,100,55,45849,81920,270.55,400.00,1410,51
25002.42,100,60,45849,81920,285.33,400.00,1410,51
25007.48,100,62,45849,81920,292.62,400.00,1410,52
25012.53,100,63,45849,81920,291.71,400.00,1410,52
25017.59,100,53,45849,81920,373.92,400.00,1410,57
25022.64,100,45,45849,81920,387.54,400.00,1410,60
25027.7,98,78,45849,81920,336.45,400.00,1410,57
25032.76,100,61,45849,81920,333.41,400.00,1410,58
25037.81,95,47,45849,81920,383.31,400.00,1380,60
25042.86,100,51,45849,81920,362.13,400.00,1410,58
25047.92,100,52,45849,81920,268.70,400.00,1410,53
25052.97,100,57,45849,81920,279.27,400.00,1410,52
25058.03,100,60,45849,81920,285.06,400.00,1410,52
25063.12,100,64,45849,81920,297.47,400.00,1410,52
25068.19,94,46,45849,81920,378.15,400.00,1410,52
25073.25,100,58,45849,81920,370.60,400.00,1410,56
25078.3,69,34,45849,81920,368.49,400.00,1410,55
25083.38,94,48,45849,81920,381.72,400.00,1410,57
25088.43,100,51,45849,81920,353.06,400.00,1410,56
25093.49,100,49,45849,81920,269.90,400.00,1410,56
25098.55,100,51,45849,81920,342.20,400.00,1410,57
25103.61,100,54,45849,81920,271.46,400.00,1410,53
25108.67,100,60,45849,81920,290.17,400.00,1410,53
25113.72,100,62,45849,81920,293.23,400.00,1410,53
25118.77,100,63,45849,81920,292.62,400.00,1410,53
25123.83,99,55,45849,81920,381.72,400.00,1410,56
25128.89,100,40,45849,81920,393.57,400.00,1410,58
25133.95,100,50,45849,81920,364.58,400.00,1410,56
25139.0,97,78,45849,81920,369.08,400.00,1410,56
25144.06,100,51,45849,81920,359.97,400.00,1410,56
25149.11,97,73,45849,81920,308.33,400.00,1410,55
25154.17,95,47,45849,81920,375.44,400.00,1410,57
25159.23,100,54,45849,81920,271.46,400.00,1410,51
25164.29,100,59,45849,81920,280.22,400.00,1410,51
25169.36,100,60,45849,81920,286.29,400.00,1410,52
25174.45,100,63,45849,81920,288.68,400.00,1410,52
25179.54,100,50,45849,81920,379.67,400.00,1410,57
25184.6,100,45,45849,81920,386.62,400.00,1410,59
25189.66,100,50,45849,81920,336.45,400.00,1410,56
25194.72,98,62,45849,81920,327.80,400.00,1410,56
25199.78,95,47,45849,81920,368.43,400.00,1410,57
25204.88,100,51,45849,81920,331.12,400.00,1410,56
25209.94,100,50,45849,81920,252.67,400.00,1410,51
25215.0,100,56,45849,81920,275.94,400.00,1410,51
25220.06,100,62,45849,81920,289.60,400.00,1410,51
25225.12,100,65,45849,81920,304.20,400.00,1410,52
25230.18,100,68,45849,81920,312.16,400.00,1410,53
25235.24,100,55,45849,81920,362.88,400.00,1410,56
25240.3,100,36,45849,81920,299.03,400.00,1395,58
25245.35,100,58,45849,81920,386.75,400.00,1395,55
25250.42,100,51,45849,81920,347.35,400.00,1410,56
25255.47,98,75,45849,81920,374.00,400.00,1410,56
25260.53,100,50,45849,81920,362.21,400.00,1410,57
25265.59,100,50,45849,81920,256.14,400.00,1410,51
25270.65,100,57,45849,81920,272.98,400.00,1410,51
25275.71,100,60,45849,81920,281.58,400.00,1410,50
25280.76,100,63,45849,81920,294.14,400.00,1410,50
25285.82,100,64,45849,81920,291.33,400.00,1410,50
25290.89,100,61,45849,81920,374.23,400.00,1410,55
25295.95,100,49,45849,81920,448.25,400.00,1380,56
25301.01,97,63,45849,81920,286.85,400.00,1410,52
25306.07,94,46,45849,81920,358.49,400.00,1410,56
25311.13,100,50,45849,81920,339.52,400.00,1410,54
25316.19,100,49,45849,81920,290.17,400.00,1410,53
25321.27,100,51,45849,81920,261.69,400.00,1410,50
25326.33,100,57,45849,81920,275.06,400.00,1410,50
25331.38,100,58,45849,81920,265.66,400.00,1410,49
25336.45,100,58,45849,81920,268.42,400.00,1410,49
25341.51,100,50,45849,81920,361.71,400.00,1410,51
25346.57,100,54,45849,81920,309.07,400.00,1395,54
25351.63,100,36,45849,81920,286.44,400.00,1410,50
25356.69,97,76,45849,81920,356.25,400.00,1410,54
25361.75,95,48,45849,81920,368.92,400.00,1410,57
25366.81,100,51,45849,81920,346.27,400.00,1410,55
25371.87,97,69,45849,81920,322.95,400.00,1410,54
25376.93,100,53,45849,81920,263.54,400.00,1410,50
25381.99,100,59,45849,81920,281.06,400.00,1410,49
25387.04,100,63,45849,81920,289.00,400.00,1410,50
25392.1,100,64,45849,81920,293.25,400.00,1410,50
25397.16,100,48,45849,81920,352.96,400.00,1410,52
25402.22,99,61,45849,81920,366.31,400.00,1410,55
25407.28,62,30,45849,81920,358.74,400.00,1410,54
25412.34,100,51,45849,81920,335.60,400.00,1410,55
25417.4,100,49,45849,81920,358.04,400.00,1380,54
25422.46,100,51,45849,81920,354.40,400.00,1410,55
25427.52,100,49,45849,81920,369.85,400.00,1395,54
25432.58,100,53,45849,81920,265.67,400.00,1410,50
25437.64,100,58,45849,81920,275.96,400.00,1410,50
25442.71,100,60,45849,81920,282.64,400.00,1410,49
25447.77,100,62,45849,81920,289.57,400.00,1410,50
25452.83,100,50,45849,81920,359.89,400.00,1380,53
25457.89,100,36,45849,81920,386.02,400.00,1410,57
25462.94,100,50,45849,81920,370.83,400.00,1410,54
25468.01,100,50,45849,81920,317.13,400.00,1410,54
25473.07,98,62,45849,81920,384.33,400.00,1410,54
25478.13,95,48,45849,81920,366.37,400.00,1410,56
25483.19,100,51,45849,81920,354.95,400.00,1410,55
25488.25,100,54,45849,81920,267.78,400.00,1410,49
25493.34,100,55,45849,81920,96.13,400.00,1410,46
25498.44,100,58,45849,81920,261.75,400.00,1410,48
25503.51,8,3,45849,81920,352.93,400.00,1410,49
25508.58,100,56,45849,81920,362.13,400.00,1410,54
25513.68,100,62,45849,81920,371.91,400.00,1410,54
25518.75,100,62,45849,81920,338.83,400.00,1410,53
25523.82,100,50,45849,81920,315.85,400.00,1410,53
25528.89,100,48,45849,81920,317.66,400.00,1410,53
25533.95,100,51,45849,81920,334.66,400.00,1410,50
25539.02,100,55,45849,81920,269.86,400.00,1410,49
25544.07,100,60,45849,81920,282.91,400.00,1410,50
25549.13,100,63,45849,81920,289.24,400.00,1410,49
25554.19,100,60,45849,81920,280.79,400.00,1410,49
25559.25,100,55,45849,81920,355.69,400.00,1410,54
25564.31,100,37,45849,81920,465.88,400.00,1410,58
25569.37,100,58,45849,81920,334.52,400.00,1410,54
25574.43,95,47,45849,81920,417.83,400.00,1395,54
25579.49,100,51,45849,81920,327.17,400.00,1410,54
25584.55,100,50,45849,81920,361.10,400.00,1410,54
25589.61,100,51,45849,81920,261.98,400.00,1410,50
25594.67,100,58,45849,81920,273.63,400.00,1410,50
25599.72,100,62,45849,81920,294.45,400.00,1410,50
25604.78,100,67,45849,81920,302.62,400.00,1410,51
25609.84,100,69,45849,81920,315.99,400.00,1410,51
25614.89,100,55,45849,81920,357.77,400.00,1410,55
25619.95,100,36,45849,81920,456.19,400.00,1365,56
25625.01,100,51,45849,81920,329.52,400.00,1410,55
25630.07,95,47,45849,81920,298.38,400.00,1395,53
25635.13,100,51,45849,81920,332.89,400.00,1410,55
25640.19,100,59,45849,81920,370.39,400.00,1410,56
25645.24,100,52,45849,81920,261.42,400.00,1410,50
25650.29,100,58,45849,81920,282.94,400.00,1410,50
25655.35,100,62,45849,81920,294.14,400.00,1410,50
25660.4,51,34,45849,81920,88.50,400.00,1410,49
25665.46,100,69,45849,81920,313.22,400.00,1410,51
25670.51,100,49,45849,81920,367.56,400.00,1410,55
25675.56,100,46,45849,81920,417.62,400.00,1380,58
25680.61,100,51,45849,81920,358.49,400.00,1410,54
25685.66,98,75,45849,81920,352.23,400.00,1395,54
25690.72,100,51,45849,81920,325.86,400.00,1410,55
25695.77,100,54,45849,81920,393.48,400.00,1365,54
25700.82,100,50,45849,81920,258.10,400.00,1410,50
25705.88,100,56,45849,81920,269.03,400.00,1410,50
25710.93,100,60,45849,81920,287.45,400.00,1410,52
25715.99,100,61,45849,81920,286.29,400.00,1410,52
25721.04,0,0,45849,81920,89.34,400.00,1410,45
25726.09,100,54,45849,81920,366.97,400.00,1410,57
25731.15,100,36,45849,81920,336.77,400.00,1380,58
25736.2,100,51,45849,81920,333.14,400.00,1410,57
25741.26,97,63,45849,81920,357.30,400.00,1410,57
25746.31,100,51,45849,81920,380.86,400.00,1410,58
25751.36,97,77,45849,81920,271.42,400.00,1410,57
25756.42,100,50,45849,81920,264.19,400.00,1410,53
25761.47,100,57,45849,81920,277.49,400.00,1410,53
25766.53,100,58,45849,81920,284.44,400.00,1410,53
25771.58,100,63,45849,81920,298.38,400.00,1410,53
25776.63,50,33,45849,81920,89.93,400.00,1410,47
25781.68,100,49,45849,81920,301.38,400.00,1365,57
25786.74,100,41,45849,81920,343.40,400.00,1395,59
25791.8,100,51,45849,81920,346.11,400.00,1410,57
25796.85,100,49,45849,81920,339.84,400.00,1410,56
25801.91,100,51,45849,81920,375.76,400.00,1410,56
25806.96,98,82,45849,81920,363.98,400.00,1410,57
25812.01,100,51,45849,81920,262.07,400.00,1410,51
25817.07,100,57,45849,81920,279.90,400.00,1410,51
25822.12,100,59,45849,81920,281.38,400.00,1410,51
25827.18,100,62,45849,81920,285.93,400.00,1410,51
25832.24,0,0,45849,81920,356.24,400.00,1410,48
25837.31,100,55,45849,81920,372.18,400.00,1410,57
25842.37,0,0,45849,81920,320.44,400.00,1410,53
25847.43,100,51,45849,81920,363.43,400.00,1410,57
25852.48,95,47,45849,81920,294.41,400.00,1410,55
25857.54,95,48,45849,81920,372.18,400.00,1410,59
25862.6,100,51,45849,81920,304.41,400.00,1410,57
25867.65,100,54,45849,81920,268.39,400.00,1410,53
25872.71,100,60,45849,81920,291.12,400.00,1410,53
25877.85,100,64,45849,81920,303.23,400.00,1410,54
25882.91,100,68,45849,81920,312.29,400.00,1410,54
25887.97,100,54,45849,81920,365.88,400.00,1410,57
25893.02,100,44,45849,81920,390.58,400.00,1410,60
25898.08,100,51,45849,81920,363.65,400.00,1410,58
25903.14,98,69,45849,81920,364.58,400.00,1410,58
25908.23,95,47,45849,81920,370.60,400.00,1410,59
25913.28,100,51,45849,81920,340.44,400.00,1410,58
25918.34,100,62,45849,81920,332.24,400.00,1410,58
25923.4,100,54,45849,81920,268.70,400.00,1410,52
25928.45,100,60,45849,81920,285.93,400.00,1410,52
25933.51,100,64,45849,81920,302.01,400.00,1410,52
25938.57,100,68,45849,81920,309.25,400.00,1410,52
25943.63,100,51,45849,81920,352.47,400.00,1395,53
25948.68,100,36,45849,81920,315.33,400.00,1395,57
25953.74,98,75,45849,81920,340.09,400.00,1410,55
25958.8,95,52,45849,81920,389.14,400.00,1410,57
25963.9,100,50,45849,81920,371.91,400.00,1410,57
25968.98,100,51,45849,81920,343.97,400.00,1410,57
25974.07,98,78,45849,81920,326.46,400.00,1410,58
25979.22,100,55,45849,81920,275.98,400.00,1410,53
25984.28,100,59,45849,81920,290.17,400.00,1410,53
25989.36,100,63,45849,81920,300.17,400.00,1410,53
25994.42,100,65,45849,81920,296.55,400.00,1410,52
25999.47,100,55,45849,81920,371.20,400.00,1410,56
26004.53,100,37,45849,81920,384.23,400.00,1410,58
26009.59,100,51,45849,81920,357.07,400.00,1410,56
26014.65,97,74,45849,81920,323.48,400.00,1410,56
26019.7,100,50,45849,81920,363.86,400.00,1410,56
26024.8,100,51,45849,81920,362.06,400.00,1410,56
26029.86,100,50,45849,81920,257.36,400.00,1410,52
26034.92,100,57,45849,81920,283.09,400.00,1410,52
26039.98,100,61,45849,81920,290.43,400.00,1410,51
26045.04,100,65,45849,81920,306.95,400.00,1410,52
26050.1,100,66,45849,81920,305.74,400.00,1410,52
26055.16,100,57,45849,81920,469.22,400.00,1410,55
26060.21,100,45,45849,81920,405.84,400.00,1410,58
26065.27,100,50,45849,81920,386.55,400.00,1410,57
26070.33,100,51,45849,81920,355.99,400.00,1410,55
26075.39,100,49,45849,81920,354.44,400.00,1410,55
26080.45,100,51,45849,81920,362.73,400.00,1410,56
26085.51,100,50,45849,81920,259.51,400.00,1410,51
26090.57,100,56,45849,81920,274.32,400.00,1410,50
26095.63,100,61,45849,81920,286.15,400.00,1410,50
26100.69,100,64,45849,81920,295.62,400.00,1410,51
26105.75,100,66,45849,81920,301.78,400.00,1410,51
26110.81,100,55,45849,81920,364.12,400.00,1380,54
26115.87,100,45,45849,81920,402.48,400.00,1410,58
26120.93,97,74,45849,81920,338.94,400.00,1410,55
26125.99,94,46,45849,81920,380.78,400.00,1410,56
26131.05,100,51,45849,81920,364.95,400.00,1410,55
26136.11,100,51,45849,81920,347.99,400.00,1410,55
26141.17,100,51,45849,81920,258.96,400.00,1410,50
26146.23,100,57,45849,81920,283.11,400.00,1410,50
26151.28,100,59,45849,81920,279.13,400.00,1410,50
26156.34,100,62,45849,81920,287.08,400.00,1410,50
26161.4,0,0,45849,81920,86.12,400.00,1410,42
26166.46,100,54,45849,81920,347.43,400.00,1410,55
26171.52,100,36,45849,81920,382.30,400.00,1395,57
26176.58,100,50,45849,81920,290.80,400.00,1395,53
26181.64,100,51,45849,81920,337.12,400.00,1410,54
26186.7,100,60,45849,81920,373.61,400.00,1410,56
26191.76,97,62,45849,81920,348.33,400.00,1410,54
26196.82,100,53,45849,81920,263.76,400.00,1410,50
26201.88,100,56,45849,81920,277.16,400.00,1410,49
26206.94,100,58,45849,81920,274.11,400.00,1410,49
26212.0,100,59,45849,81920,258.64,400.00,1410,48
26217.07,100,51,45849,81920,362.51,400.00,1410,54
26222.13,100,44,45849,81920,449.21,400.00,1380,57
26227.2,98,78,45849,81920,325.61,400.00,1410,54
26232.26,100,49,45849,81920,318.59,400.00,1395,52
26237.39,94,48,45849,81920,300.49,400.00,1410,53
26242.49,100,51,45849,81920,344.71,400.00,1410,54
26247.55,68,38,45849,81920,253.78,400.00,1410,50
26252.61,100,56,45849,81920,277.75,400.00,1410,50
26257.67,100,61,45849,81920,290.17,400.00,1410,50
26262.73,100,61,45849,81920,283.22,400.00,1410,50
26267.78,100,65,45849,81920,290.50,400.00,1410,50
26272.84,100,55,45849,81920,374.56,400.00,1410,54
26277.9,100,45,45849,81920,401.44,400.00,1410,56
26282.96,97,65,45849,81920,328.99,400.00,1410,54
26288.02,94,48,45849,81920,364.95,400.00,1410,55
26293.09,100,50,45849,81920,336.02,400.00,1410,55
26298.15,100,48,45849,81920,286.48,400.00,1395,52
26303.21,100,51,45849,81920,258.44,400.00,1410,50
26308.27,100,55,45849,81920,266.86,400.00,1410,49
26313.33,100,59,45849,81920,276.27,400.00,1410,49
26318.38,100,61,45849,81920,278.36,400.00,1410,49
26323.44,11,5,45849,81920,307.12,400.00,1410,47
26328.5,100,54,45849,81920,344.95,400.00,1410,54
26333.56,91,41,45849,81920,90.08,400.00,1410,48
26338.62,98,69,45849,81920,322.28,400.00,1410,53
26343.68,100,49,45849,81920,291.66,400.00,1410,54
26348.73,100,51,45849,81920,352.93,400.00,1410,54
26353.79,100,51,45849,81920,351.72,400.00,1410,54
26358.85,100,53,45849,81920,267.32,400.00,1410,49
26363.91,100,59,45849,81920,285.83,400.00,1410,50
26368.97,100,61,45849,81920,280.49,400.00,1410,49
26374.03,100,62,45849,81920,285.65,400.00,1410,49
26379.09,100,55,45849,81920,367.83,400.00,1410,54
26384.15,100,45,45849,81920,338.32,400.00,1395,55
26389.21,100,51,45849,81920,359.98,400.00,1410,54
26394.27,100,50,45849,81920,357.49,400.00,1410,54
26399.32,97,79,45849,81920,359.84,400.00,1410,54
26404.38,100,51,45849,81920,367.50,400.00,1410,54
26409.44,97,74,45849,81920,345.15,400.00,1410,54
26414.5,100,54,45849,81920,275.59,400.00,1410,50
26419.56,100,57,45849,81920,280.43,400.00,1410,50
26424.61,100,59,45849,81920,285.01,400.00,1410,50
26429.67,100,62,45849,81920,286.44,400.00,1410,50
26434.73,100,48,45849,81920,369.47,400.00,1410,54
26439.78,100,48,45849,81920,403.80,400.00,1380,55
26444.84,97,73,45849,81920,380.99,400.00,1410,55
26449.9,100,49,45849,81920,333.16,400.00,1410,53
26454.95,95,46,45849,81920,356.75,400.00,1380,55
26460.01,97,66,45849,81920,328.32,400.00,1410,54
26465.06,100,49,45849,81920,320.44,400.00,1410,54
26470.12,100,50,45849,81920,261.69,400.00,1410,50
26475.17,100,57,45849,81920,273.22,400.00,1410,49
26480.23,100,60,45849,81920,285.33,400.00,1410,50
26485.28,100,64,45849,81920,286.85,400.00,1410,50
26490.34,100,65,45849,81920,296.86,400.00,1410,50
26495.4,100,54,45849,81920,379.08,400.00,1410,55
26500.45,100,46,45849,81920,340.09,400.00,1395,56
26505.51,100,51,45849,81920,330.10,400.00,1410,55
26510.56,97,61,45849,81920,346.11,400.00,1410,54
26515.61,100,50,45849,81920,287.18,400.00,1410,53
26520.67,100,52,45849,81920,357.63,400.00,1410,56
26525.72,100,52,45849,81920,260.82,400.00,1410,51
26530.78,100,56,45849,81920,273.26,400.00,1410,51
26535.83,100,59,45849,81920,278.38,400.00,1410,51
26540.89,100,59,45849,81920,274.78,400.00,1410,51
26545.94,100,50,45849,81920,348.83,400.00,1395,55
26551.0,100,45,45849,81920,388.14,400.00,1395,58
26556.05,100,51,45849,81920,337.65,400.00,1410,56
26561.11,100,50,45849,81920,317.39,400.00,1410,57
26566.16,100,57,45849,81920,370.55,400.00,1395,56
26571.22,100,50,45849,81920,324.95,400.00,1410,58
26576.27,97,73,45849,81920,362.46,400.00,1410,58
26581.33,100,55,45849,81920,275.06,400.00,1410,53
26586.38,100,58,45849,81920,281.09,400.00,1410,53
26591.44,100,63,45849,81920,288.05,400.00,1410,53
26596.49,100,65,45849,81920,298.65,400.00,1410,52
26601.54,99,55,45849,81920,293.81,400.00,1395,56
26606.6,100,45,45849,81920,354.95,400.00,1395,58
26611.65,94,47,45849,81920,308.98,400.00,1365,56
26616.71,100,51,45849,81920,355.88,400.00,1410,56
26621.76,100,59,45849,81920,366.10,400.00,1410,57
26626.82,100,51,45849,81920,344.68,400.00,1410,56
26631.87,100,51,45849,81920,206.58,400.00,1410,48
26636.96,100,57,45849,81920,284.47,400.00,1410,52
26642.02,100,60,45849,81920,288.70,400.00,1410,51
26647.07,100,64,45849,81920,293.84,400.00,1410,52
26652.13,90,44,45849,81920,350.12,400.00,1410,53
26657.21,100,49,45849,81920,352.23,400.00,1395,57
26662.27,28,19,45849,81920,93.68,400.00,1410,49
26667.34,100,51,45849,81920,334.68,400.00,1410,58
26672.43,100,49,45849,81920,369.46,400.00,1410,58
26677.55,100,50,45849,81920,321.70,400.00,1410,56
26682.6,100,61,45849,81920,341.66,400.00,1410,58
26687.66,20,10,45849,81920,269.03,400.00,1410,52
26692.72,100,59,45849,81920,283.54,400.00,1410,54
26697.78,100,61,45849,81920,288.70,400.00,1410,53
26702.83,100,62,45849,81920,288.70,400.00,1410,53
26707.89,99,62,45849,81920,351.64,400.00,1410,57
26712.95,99,44,45849,81920,403.56,400.00,1365,58
26718.0,100,49,45849,81920,308.65,400.00,1395,55
26723.06,100,51,45849,81920,323.16,400.00,1410,58
26728.14,100,49,45849,81920,364.25,400.00,1410,58
26733.2,100,51,45849,81920,362.68,400.00,1410,57
26738.31,98,66,45849,81920,372.66,400.00,1410,57
26743.47,100,53,45849,81920,267.78,400.00,1410,51
26748.52,100,57,45849,81920,276.58,400.00,1410,51
26753.58,100,60,45849,81920,113.48,400.00,1410,48
26758.64,100,63,45849,81920,284.77,400.00,1410,50
26763.7,100,49,45849,81920,324.07,400.00,1395,54
26768.76,100,36,45849,81920,392.57,400.00,1410,58
26773.83,94,47,45849,81920,410.51,400.00,1380,57
26778.88,100,51,45849,81920,357.03,400.00,1410,56
26783.94,100,51,45849,81920,357.90,400.00,1410,57
26789.0,95,47,45849,81920,380.86,400.00,1410,58
26794.06,98,50,45849,81920,261.42,400.00,1410,52
26799.11,100,55,45849,81920,275.10,400.00,1410,51
26804.17,100,57,45849,81920,271.42,400.00,1410,50
26809.23,100,57,45849,81920,259.89,400.00,1410,49
26814.29,0,0,45849,81920,86.64,400.00,1410,42
26819.34,100,48,45849,81920,360.82,400.00,1410,55
26824.4,99,45,45849,81920,412.11,400.00,1395,56
26829.49,100,51,45849,81920,296.89,400.00,1410,53
26834.54,100,51,45849,81920,345.79,400.00,1410,55
26839.6,94,46,45849,81920,362.88,400.00,1410,57
26844.67,100,51,45849,81920,326.84,400.00,1410,55
26849.72,100,51,45849,81920,262.58,400.00,1410,51
26854.78,100,57,45849,81920,281.71,400.00,1410,51
26859.84,100,60,45849,81920,282.25,400.00,1410,50
26864.9,100,62,45849,81920,286.74,400.00,1410,50
26869.96,18,10,45849,81920,368.41,400.00,1410,50
26875.07,99,54,45849,81920,361.57,400.00,1410,55
26880.12,100,35,45849,81920,319.53,400.00,1395,56
26885.22,100,49,45849,81920,307.54,400.00,1410,54
26890.27,100,49,45849,81920,355.65,400.00,1410,54
26895.33,95,46,45849,81920,374.23,400.00,1410,55
26900.39,100,48,45849,81920,353.17,400.00,1380,57
26905.45,97,78,45849,81920,337.29,400.00,1410,55
26910.51,100,54,45849,81920,266.54,400.00,1410,50
26915.56,100,57,45849,81920,277.71,400.00,1410,50
26920.62,100,62,45849,81920,288.65,400.00,1410,50
26925.68,75,48,45849,81920,88.32,400.00,1410,44
26930.74,100,55,45849,81920,363.43,400.00,1410,55
26935.8,100,36,45849,81920,381.91,400.00,1410,57
26940.86,100,51,45849,81920,315.33,400.00,1410,54
26945.96,100,65,45849,81920,328.06,400.00,1410,55
26951.02,95,47,45849,81920,365.27,400.00,1410,55
26956.08,100,50,45849,81920,337.56,400.00,1410,54
26961.14,100,50,45849,81920,258.90,400.00,1410,50
26966.19,100,56,45849,81920,270.28,400.00,1410,50
26971.25,100,61,45849,81920,283.09,400.00,1410,50
26976.31,100,63,45849,81920,294.74,400.00,1410,50
26981.37,100,64,45849,81920,293.23,400.00,1410,50
26986.42,100,52,45849,81920,332.93,400.00,1410,54
26991.49,99,40,45849,81920,329.52,400.00,1395,56
26996.54,98,75,45849,81920,377.20,400.00,1410,55
27001.61,100,57,45849,81920,423.16,400.00,1410,54
27006.67,100,51,45849,81920,362.24,400.00,1410,55
27011.72,100,51,45849,81920,357.81,400.00,1410,55
27016.78,100,51,45849,81920,258.64,400.00,1410,50
27021.84,100,58,45849,81920,278.95,400.00,1410,50
27026.9,100,63,45849,81920,290.82,400.00,1410,50
27031.96,100,66,45849,81920,304.44,400.00,1410,51
27037.02,21,14,45849,81920,86.88,400.00,1410,44
27042.08,100,55,45849,81920,354.99,400.00,1410,55
27047.14,100,43,45849,81920,377.67,400.00,1410,57
27052.2,94,47,45849,81920,357.67,400.00,1410,55
27057.26,100,50,45849,81920,360.54,400.00,1410,55
27062.32,97,73,45849,81920,324.49,400.00,1410,55
27067.38,93,47,45849,81920,372.57,400.00,1410,56
27072.43,100,52,45849,81920,260.23,400.00,1410,50
27077.49,100,55,45849,81920,265.67,400.00,1410,49
27082.55,100,55,45849,81920,253.45,400.00,1410,48
27087.61,100,56,45849,81920,255.96,400.00,1410,48
27092.68,100,50,45849,81920,355.99,400.00,1395,54
27097.75,100,37,45849,81920,388.02,400.00,1410,58
27102.85,100,52,45849,81920,357.67,400.00,1410,56
27107.91,100,52,45849,81920,340.95,400.00,1410,54
27112.97,97,80,45849,81920,338.59,400.00,1410,53
27118.05,95,47,45849,81920,357.63,400.00,1410,55
27123.11,100,51,45849,81920,258.10,400.00,1410,50
27128.17,100,56,45849,81920,272.63,400.00,1410,50
27133.23,100,58,45849,81920,273.75,400.00,1410,49
27138.29,100,59,45849,81920,274.52,400.00,1410,49
27143.35,24,12,45849,81920,351.60,400.00,1365,51
27148.4,100,61,45849,81920,373.29,400.00,1410,55
27153.46,100,59,45849,81920,251.70,400.00,1410,53
27158.52,100,52,45849,81920,320.24,400.00,1410,53
27163.58,100,52,45849,81920,352.14,400.00,1410,54
27168.64,100,51,45849,81920,338.10,400.00,1410,55
27173.69,100,51,45849,81920,316.86,400.00,1410,54
27178.75,100,55,45849,81920,270.83,400.00,1410,50
27183.81,100,58,45849,81920,274.31,400.00,1410,50
27188.87,100,61,45849,81920,280.95,400.00,1410,50
27193.95,100,59,45849,81920,273.02,400.00,1410,49
27199.01,100,51,45849,81920,369.72,400.00,1365,55
27204.07,100,44,45849,81920,357.43,400.00,1395,56
27209.14,100,59,45849,81920,252.80,400.00,1410,55
27214.19,100,51,45849,81920,334.77,400.00,1410,54
27219.25,95,47,45849,81920,365.39,400.00,1410,55
27224.31,100,51,45849,81920,326.89,400.00,1410,54
27229.37,65,40,45849,81920,256.51,400.00,1410,50
27234.43,100,56,45849,81920,270.19,400.00,1410,50
27239.49,100,62,45849,81920,289.30,400.00,1410,50
27244.54,100,62,45849,81920,293.54,400.00,1410,50
27249.6,100,64,45849,81920,286.23,400.00,1410,50
27254.65,100,55,45849,81920,337.40,400.00,1395,54
27259.71,100,45,45849,81920,366.37,400.00,1395,57
27264.76,100,51,45849,81920,326.53,400.00,1410,55
27269.82,100,51,45849,81920,365.88,400.00,1410,55
27274.88,100,50,45849,81920,279.59,400.00,1395,53
27279.94,94,47,45849,81920,369.79,400.00,1410,56
27285.0,100,51,45849,81920,258.97,400.00,1410,49
27290.05,100,58,45849,81920,279.30,400.00,1410,49
27295.1,100,62,45849,81920,291.69,400.00,1410,50
27300.16,100,66,45849,81920,302.29,400.00,1410,50
27305.21,100,69,45849,81920,310.50,400.00,1410,51
27310.27,100,55,45849,81920,352.23,400.00,1410,55
27315.32,100,45,45849,81920,400.07,400.00,1410,59
27320.38,100,51,45849,81920,365.23,400.00,1410,56
27325.43,94,47,45849,81920,371.80,400.00,1410,58
27330.48,100,50,45849,81920,358.22,400.00,1410,57
27335.54,100,51,45849,81920,356.15,400.00,1410,58
27340.59,99,51,45849,81920,260.82,400.00,1410,53
27345.64,100,54,45849,81920,260.82,400.00,1410,52
27350.7,100,56,45849,81920,261.42,400.00,1410,52
27355.75,100,59,45849,81920,270.22,400.00,1410,51
27360.8,100,48,45849,81920,372.84,400.00,1410,57
27365.86,100,45,45849,81920,398.40,400.00,1380,58
27370.91,100,52,45849,81920,379.67,400.00,1410,58
27375.96,100,50,45849,81920,339.25,400.00,1410,58
27381.02,97,74,45849,81920,349.43,400.00,1410,58
27386.07,100,51,45849,81920,327.38,400.00,1410,58
27391.12,97,66,45849,81920,291.42,400.00,1410,57
27396.18,100,55,45849,81920,277.49,400.00,1410,53
27401.23,100,60,45849,81920,285.96,400.00,1410,52
27406.29,100,62,45849,81920,286.85,400.00,1410,52
27411.35,100,62,45849,81920,290.82,400.00,1410,51
27416.4,100,54,45849,81920,352.47,400.00,1410,55
27421.45,100,45,45849,81920,386.62,400.00,1410,58
27426.51,100,51,45849,81920,352.20,400.00,1410,55
27431.57,97,80,45849,81920,388.14,400.00,1410,56
27436.62,97,79,45849,81920,373.92,400.00,1410,57
27441.68,100,50,45849,81920,470.50,400.00,1410,59
27446.73,100,51,45849,81920,261.69,400.00,1410,53
27451.78,100,57,45849,81920,283.22,400.00,1410,53
27456.83,100,60,45849,81920,288.98,400.00,1410,53
27461.89,100,63,45849,81920,296.52,400.00,1410,53
27466.94,100,65,45849,81920,302.62,400.00,1410,53
27472.0,100,55,45849,81920,388.14,400.00,1380,59
27477.06,100,36,45849,81920,403.89,400.00,1395,60
27482.11,100,51,45849,81920,365.55,400.00,1410,58
27487.17,97,78,45849,81920,353.43,400.00,1410,58
27492.29,100,51,45849,81920,388.46,400.00,1410,59
27497.38,100,51,45849,81920,361.91,400.00,1410,58
27502.43,100,51,45849,81920,262.94,400.00,1410,52
27507.49,100,55,45849,81920,272.01,400.00,1410,51
27512.55,100,59,45849,81920,278.98,400.00,1410,51
27517.61,100,60,45849,81920,275.39,400.00,1410,50
27522.67,100,55,45849,81920,356.48,400.00,1410,55
27527.72,100,40,45849,81920,382.38,400.00,1410,57
27532.78,100,49,45849,81920,352.79,400.00,1410,54
27537.84,95,48,45849,81920,261.48,400.00,1410,56
27542.89,100,51,45849,81920,320.43,400.00,1410,55
27547.95,98,62,45849,81920,376.03,400.00,1410,55
27553.01,100,51,45849,81920,114.47,400.00,1410,51
27558.13,100,54,45849,81920,259.03,400.00,1410,50
27563.19,100,54,45849,81920,247.49,400.00,1410,49
27568.24,100,55,45849,81920,248.44,400.00,1410,48
27573.3,100,49,45849,81920,356.25,400.00,1395,53
27578.36,100,45,45849,81920,373.29,400.00,1410,57
27583.42,100,61,45849,81920,289.22,400.00,1395,53
27588.48,100,51,45849,81920,280.95,400.00,1410,53
27593.54,100,64,45849,81920,342.76,400.00,1410,53
27598.59,95,47,45849,81920,468.25,400.00,1395,56
27603.65,100,51,45849,81920,302.05,400.00,1410,53
27608.71,100,56,45849,81920,273.46,400.00,1410,50
27613.77,100,56,45849,81920,261.09,400.00,1410,49
27618.83,100,59,45849,81920,263.37,400.00,1410,48
27623.89,44,26,45849,81920,86.79,400.00,1410,43
27628.95,100,55,45849,81920,308.05,400.00,1410,54
27634.0,100,45,45849,81920,394.30,400.00,1395,56
27639.06,100,51,45849,81920,312.33,400.00,1410,54
27644.12,100,50,45849,81920,377.20,400.00,1410,55
27649.18,100,51,45849,81920,341.96,400.00,1410,54
27654.23,99,66,45849,81920,313.67,400.00,1410,54
27659.29,100,52,45849,81920,259.77,400.00,1410,49
27664.35,100,54,45849,81920,257.10,400.00,1410,48
27669.41,100,57,45849,81920,259.10,400.00,1410,48
27674.48,100,59,45849,81920,269.29,400.00,1410,48
27679.53,100,49,45849,81920,346.72,400.00,1410,53
27684.6,100,44,45849,81920,360.64,400.00,1410,56
27689.66,100,49,45849,81920,286.85,400.00,1395,53
27694.72,100,51,45849,81920,320.51,400.00,1410,52
27699.77,97,63,45849,81920,332.24,400.00,1395,53
27704.84,100,51,45849,81920,330.86,400.00,1410,53
27709.9,100,50,45849,81920,261.92,400.00,1410,50
27714.96,100,56,45849,81920,275.72,400.00,1410,50
27720.08,100,60,45849,81920,287.37,400.00,1410,51
27725.14,100,62,45849,81920,290.76,400.00,1410,51
27730.2,100,62,45849,81920,286.16,400.00,1410,50
27735.26,100,55,45849,81920,323.82,400.00,1395,55
27740.32,100,45,45849,81920,393.57,400.00,1410,58
27745.39,97,78,45849,81920,328.32,400.00,1410,55
27750.46,94,47,45849,81920,373.90,400.00,1365,57
27755.52,100,50,45849,81920,351.96,400.00,1410,55
27760.66,100,51,45849,81920,328.40,400.00,1410,55
27765.72,100,51,45849,81920,262.11,400.00,1410,50
27770.78,100,57,45849,81920,268.69,400.00,1410,50
27775.84,100,62,45849,81920,287.39,400.00,1410,50
27780.9,100,62,45849,81920,172.29,400.00,1410,47
27785.96,100,64,45849,81920,107.35,400.00,1410,47
27791.04,100,56,45849,81920,378.87,400.00,1410,55
27796.1,100,46,45849,81920,395.50,400.00,1395,57
27801.16,100,51,45849,81920,377.88,400.00,1410,55
27806.22,100,51,45849,81920,361.73,400.00,1410,55
27811.28,100,57,45849,81920,307.80,400.00,1410,55
27816.4,95,47,45849,81920,425.30,400.00,1395,56
27821.54,100,53,45849,81920,263.52,400.00,1410,50
27826.61,100,58,45849,81920,280.09,400.00,1410,50
27831.74,100,61,45849,81920,284.39,400.00,1410,50
27836.8,100,60,45849,81920,273.83,400.00,1410,49
27841.86,100,61,45849,81920,366.90,400.00,1410,53
27846.92,100,49,45849,81920,405.32,400.00,1380,57
27851.98,97,78,45849,81920,330.77,400.00,1410,54
27857.04,100,51,45849,81920,372.30,400.00,1410,55
27862.1,100,51,45849,81920,328.06,400.00,1410,55
27867.15,100,49,45849,81920,292.63,400.00,1410,52
27872.22,95,48,45849,81920,364.19,400.00,1410,55
27877.31,100,54,45849,81920,268.99,400.00,1410,50
27882.38,100,59,45849,81920,277.14,400.00,1410,50
27887.44,100,59,45849,81920,270.83,400.00,1410,49
27892.5,100,59,45849,81920,270.46,400.00,1410,49
27897.62,100,55,45849,81920,358.18,400.00,1410,54
27902.68,100,45,45849,81920,385.90,400.00,1410,57
27907.84,100,51,45849,81920,364.78,400.00,1410,54
27912.9,97,76,45849,81920,349.41,400.00,1410,54
27917.96,95,48,45849,81920,358.51,400.00,1410,55
27923.02,100,51,45849,81920,316.41,400.00,1410,54
27928.07,100,50,45849,81920,261.57,400.00,1410,50
27933.13,100,55,45849,81920,266.54,400.00,1410,49
27938.19,100,56,45849,81920,270.70,400.00,1410,48
27943.25,100,59,45849,81920,269.12,400.00,1410,48
27948.31,100,49,45849,81920,338.89,400.00,1410,52
27953.36,100,52,45849,81920,316.96,400.00,1410,55
27958.46,100,51,45849,81920,319.48,400.00,1410,54
27963.52,95,48,45849,81920,324.41,400.00,1410,54
27968.59,100,59,45849,81920,382.51,400.00,1410,55
27973.64,78,39,45849,81920,332.89,400.00,1410,53
27978.7,100,51,45849,81920,320.77,400.00,1410,53
27983.76,100,54,45849,81920,268.39,400.00,1410,49
27988.82,100,56,45849,81920,268.39,400.00,1410,49
27993.87,100,59,45849,81920,269.58,400.00,1410,48
27998.93,100,61,45849,81920,275.35,400.00,1410,48
28003.98,100,55,45849,81920,341.64,400.00,1410,54
28009.04,100,45,45849,81920,370.98,400.00,1410,56
28014.09,100,51,45849,81920,334.01,400.00,1410,53
28019.15,95,47,45849,81920,356.38,400.00,1410,55
28024.2,95,47,45849,81920,355.78,400.00,1410,55
28029.25,100,50,45849,81920,342.48,400.00,1410,54
28034.31,100,52,45849,81920,259.62,400.00,1410,49
28039.37,100,58,45849,81920,272.35,400.00,1410,49
28044.42,100,61,45849,81920,280.82,400.00,1410,49
28049.48,100,62,45849,81920,283.84,400.00,1410,49
28054.53,17,8,45849,81920,346.11,400.00,1410,49
28059.59,100,50,45849,81920,458.73,400.00,1410,54
28064.64,0,0,45849,81920,365.50,400.00,1410,52
28069.7,100,51,45849,81920,355.78,400.00,1410,54
28074.75,98,68,45849,81920,336.48,400.00,1410,55
28079.81,100,51,45849,81920,383.63,400.00,1410,57
28084.86,100,51,45849,81920,368.81,400.00,1410,57
28089.92,100,54,45849,81920,272.35,400.00,1410,52
28094.97,100,57,45849,81920,278.07,400.00,1410,52
28100.03,100,60,45849,81920,290.17,400.00,1410,52
28105.08,41,27,45849,81920,89.34,400.00,1410,48
28110.13,100,61,45849,81920,380.26,400.00,1410,57
28115.19,100,44,45849,81920,388.14,400.00,1380,60
28120.25,100,51,45849,81920,375.55,400.00,1410,58
28125.3,100,51,45849,81920,367.89,400.00,1410,58
28130.35,100,49,45849,81920,374.83,400.00,1410,59
28135.41,100,51,45849,81920,347.96,400.00,1410,58
28140.47,100,48,45849,81920,231.80,400.00,1395,56
28145.52,100,53,45849,81920,266.91,400.00,1410,53
28150.58,100,57,45849,81920,275.98,400.00,1410,53
28155.63,100,61,45849,81920,287.78,400.00,1410,53
28160.68,100,64,45849,81920,298.72,400.00,1410,53
28165.74,100,50,45849,81920,364.25,400.00,1410,57
28170.79,100,37,45849,81920,397.21,400.00,1350,61
28175.85,98,68,45849,81920,335.53,400.00,1410,58
28180.91,100,50,45849,81920,371.53,400.00,1410,59
28185.97,100,50,45849,81920,367.29,400.00,1410,59
28191.02,98,75,45849,81920,370.33,400.00,1410,59
28196.08,100,49,45849,81920,255.45,400.00,1410,53
28201.15,46,26,45849,81920,274.78,400.00,1410,51
28206.2,100,62,45849,81920,289.27,400.00,1410,52
28211.27,100,63,45849,81920,291.12,400.00,1410,51
28216.4,100,66,45849,81920,302.30,400.00,1410,51
28221.46,100,58,45849,81920,386.22,400.00,1410,56
28226.52,100,44,45849,81920,366.10,400.00,1410,58
28231.58,100,51,45849,81920,353.39,400.00,1410,56
28236.69,100,51,45849,81920,315.00,400.00,1410,55
28241.75,98,78,45849,81920,339.77,400.00,1410,55
28246.8,95,49,45849,81920,388.93,400.00,1410,57
28251.92,100,52,45849,81920,266.31,400.00,1410,51
28256.98,100,59,45849,81920,288.07,400.00,1410,52
28262.03,100,62,45849,81920,290.50,400.00,1410,52
28267.09,100,63,45849,81920,288.98,400.00,1410,51
28272.15,100,54,45849,81920,344.00,400.00,1395,53
28277.2,100,54,45849,81920,374.28,400.00,1410,56
28282.27,100,35,45849,81920,91.28,400.00,1410,48
28287.35,97,80,45849,81920,370.78,400.00,1410,55
28292.42,100,51,45849,81920,322.88,400.00,1410,55
28297.48,97,79,45849,81920,358.14,400.00,1410,55
28302.54,100,50,45849,81920,326.84,400.00,1410,55
28307.6,100,52,45849,81920,265.94,400.00,1410,50
28312.65,100,58,45849,81920,282.49,400.00,1410,51
28317.71,100,62,45849,81920,294.72,400.00,1410,51
28322.78,100,64,45849,81920,292.30,400.00,1410,52
28327.83,0,0,45849,81920,87.30,400.00,1410,43
28332.96,100,50,45849,81920,371.53,400.00,1410,56
28338.02,100,37,45849,81920,351.04,400.00,1395,58
28343.08,100,51,45849,81920,363.76,400.00,1410,56
28348.14,100,51,45849,81920,357.40,400.00,1410,56
28353.2,100,58,45849,81920,276.55,400.00,1395,54
28358.26,100,50,45849,81920,341.64,400.00,1410,56
28363.32,100,52,45849,81920,265.94,400.00,1410,51
28368.38,100,55,45849,81920,273.76,400.00,1410,50
28373.43,100,59,45849,81920,281.06,400.00,1410,50
28378.5,100,62,45849,81920,289.00,400.00,1410,50
28383.55,100,61,45849,81920,388.35,400.00,1410,54
28388.61,100,50,45849,81920,461.32,400.00,1380,56
28393.67,100,62,45849,81920,305.35,400.00,1410,54
28398.73,94,47,45849,81920,365.55,400.00,1410,55
28403.79,100,51,45849,81920,364.41,400.00,1410,55
28408.85,100,49,45849,81920,303.81,400.00,1410,54
28413.91,100,51,45849,81920,341.53,400.00,1410,54
28418.97,100,54,45849,81920,268.42,400.00,1410,50
28424.06,100,60,45849,81920,284.38,400.00,1410,50
28429.12,100,64,45849,81920,301.74,400.00,1410,51
28434.19,100,68,45849,81920,309.29,400.00,1410,51
28439.28,100,55,45849,81920,306.26,400.00,1410,53
28444.34,100,45,45849,81920,396.69,400.00,1410,57
28449.43,100,52,45849,81920,333.16,400.00,1410,55
28454.54,100,51,45849,81920,324.95,400.00,1410,55
28459.63,100,50,45849,81920,377.20,400.00,1410,53
28464.7,100,51,45849,81920,348.00,400.00,1410,55
28469.77,76,45,45849,81920,143.38,400.00,1410,51
28474.83,100,55,45849,81920,271.81,400.00,1410,50
28479.94,100,61,45849,81920,287.70,400.00,1410,50
28485.02,100,65,45849,81920,292.61,400.00,1410,50
28490.07,100,66,45849,81920,298.42,400.00,1410,51
28495.13,100,50,45849,81920,371.87,400.00,1410,55
28500.2,100,45,45849,81920,385.75,400.00,1410,58
28505.25,100,51,45849,81920,347.04,400.00,1410,56
28510.32,98,78,45849,81920,359.79,400.00,1410,55
28515.39,95,74,45849,81920,328.65,400.00,1410,56
28520.44,95,47,45849,81920,362.58,400.00,1410,56
28525.5,100,50,45849,81920,256.48,400.00,1410,51
28530.56,100,57,45849,81920,277.26,400.00,1410,51
28535.62,100,59,45849,81920,282.77,400.00,1410,50
28540.68,100,63,45849,81920,292.32,400.00,1410,50
28545.74,100,65,45849,81920,298.67,400.00,1410,50
28550.8,100,55,45849,81920,352.57,400.00,1410,55
28555.86,100,45,45849,81920,396.05,400.00,1410,58
28560.92,100,51,45849,81920,372.84,400.00,1410,55
28565.98,100,62,45849,81920,385.30,400.00,1410,56
28571.04,100,63,45849,81920,344.11,400.00,1395,55
28576.09,100,50,45849,81920,343.27,400.00,1410,55
28581.15,100,52,45849,81920,262.56,400.00,1410,50
28586.21,100,58,45849,81920,282.31,400.00,1410,50
28591.27,100,63,45849,81920,296.52,400.00,1410,51
28596.33,100,67,45849,81920,309.57,400.00,1410,51
28601.39,0,0,45849,81920,86.47,400.00,1410,43
28606.45,100,54,45849,81920,337.47,400.00,1410,55
28611.51,100,36,45849,81920,370.93,400.00,1410,57
28616.57,100,60,45849,81920,294.45,400.00,1410,52
28621.63,100,51,45849,81920,364.95,400.00,1410,55
28626.69,100,51,45849,81920,369.58,400.00,1410,55
28631.79,100,50,45849,81920,367.94,400.00,1410,55
28636.84,100,52,45849,81920,265.12,400.00,1410,50
28641.9,100,57,45849,81920,270.66,400.00,1410,50
28646.96,100,59,45849,81920,274.84,400.00,1410,49
28652.02,100,60,45849,81920,282.16,400.00,1410,49
28657.08,100,58,45849,81920,431.72,400.00,1410,54
28662.14,100,45,45849,81920,386.22,400.00,1395,56
28667.2,100,51,45849,81920,354.62,400.00,1410,54
28672.26,100,57,45849,81920,109.70,400.00,1395,53
28677.32,100,51,45849,81920,377.08,400.00,1410,56
28682.37,100,51,45849,81920,330.11,400.00,1410,54
28687.42,98,69,45849,81920,378.54,400.00,1410,54
28692.48,100,54,45849,81920,264.74,400.00,1410,50
28697.53,100,58,45849,81920,270.55,400.00,1410,49
28702.58,100,62,45849,81920,283.23,400.00,1410,50
28707.64,100,61,45849,81920,278.98,400.00,1410,49
28712.69,100,59,45849,81920,393.98,400.00,1410,55
28717.75,100,49,45849,81920,413.38,400.00,1380,58
28722.8,100,51,45849,81920,354.63,400.00,1410,56
28727.86,100,52,45849,81920,344.33,400.00,1410,56
28732.91,94,47,45849,81920,367.89,400.00,1365,57
28737.97,100,51,45849,81920,326.80,400.00,1410,56
28743.03,100,50,45849,81920,257.24,400.00,1410,53
28748.09,100,56,45849,81920,276.89,400.00,1410,53
28753.14,100,58,45849,81920,280.22,400.00,1410,53
28758.19,100,61,45849,81920,286.85,400.00,1410,53
28763.25,100,62,45849,81920,287.16,400.00,1410,53
28768.3,100,52,45849,81920,337.97,400.00,1395,57
28773.36,100,44,45849,81920,326.79,400.00,1395,59
28778.42,100,49,45849,81920,319.24,400.00,1410,58
28783.47,100,51,45849,81920,345.20,400.00,1410,58
28788.52,97,70,45849,81920,323.48,400.00,1410,58
28793.58,100,51,45849,81920,273.85,400.00,1410,57
28798.64,100,50,45849,81920,264.78,400.00,1410,53
28803.72,100,55,45849,81920,272.98,400.00,1410,52
28808.78,100,60,45849,81920,281.13,400.00,1410,51
28813.83,100,62,45849,81920,281.73,400.00,1410,51
28818.9,100,65,45849,81920,296.55,400.00,1410,51
28823.97,100,56,45849,81920,381.79,400.00,1410,56
28829.02,100,47,45849,81920,352.20,400.00,1395,57
28834.09,100,49,45849,81920,274.14,400.00,1380,54
28839.15,100,51,45849,81920,353.30,400.00,1410,57
28844.22,97,75,45849,81920,342.20,400.00,1410,57
28849.27,94,47,45849,81920,363.65,400.00,1410,58
28854.33,100,50,45849,81920,256.31,400.00,1410,53
28859.38,100,56,45849,81920,272.98,400.00,1410,53
28864.44,100,56,45849,81920,266.03,400.00,1410,52
28869.5,100,55,45849,81920,254.19,400.00,1410,50
28874.55,99,54,45849,81920,363.06,400.00,1410,55
28879.62,99,45,45849,81920,390.85,400.00,1410,58
28884.67,100,51,45849,81920,319.24,400.00,1410,55
28889.73,100,60,45849,81920,381.79,400.00,1410,55
28894.8,100,50,45849,81920,356.05,400.00,1410,55
28899.86,100,51,45849,81920,302.30,400.00,1410,54
28904.92,100,50,45849,81920,371.53,400.00,1410,57
28909.98,100,53,45849,81920,261.48,400.00,1410,51
28915.05,26,15,45849,81920,274.14,400.00,1410,50
28920.1,100,62,45849,81920,291.69,400.00,1410,52
28925.19,100,64,45849,81920,294.73,400.00,1410,52
28930.24,100,53,45849,81920,347.63,400.00,1410,56
28935.3,100,36,45849,81920,375.05,400.00,1410,59
28940.35,100,52,45849,81920,349.43,400.00,1410,57
28945.41,97,79,45849,81920,373.26,400.00,1410,57
28950.47,94,48,45849,81920,379.87,400.00,1410,58
28955.53,100,51,45849,81920,365.72,400.00,1410,57
28960.58,100,50,45849,81920,263.86,400.00,1410,53
28965.64,100,56,45849,81920,276.89,400.00,1410,52
28970.7,100,60,45849,81920,286.29,400.00,1410,51
28975.76,100,59,45849,81920,278.38,400.00,1410,50
28980.81,100,59,45849,81920,274.45,400.00,1410,47
28985.87,100,50,45849,81920,356.70,400.00,1410,55
28990.93,100,45,45849,81920,401.44,400.00,1350,58
28995.99,100,50,45849,81920,346.11,400.00,1410,55
29001.04,97,68,45849,81920,370.71,400.00,1410,55
29006.1,94,47,45849,81920,374.95,400.00,1410,57
29011.16,100,51,45849,81920,317.66,400.00,1410,56
29016.22,100,52,45849,81920,260.44,400.00,1410,52
29021.28,100,58,45849,81920,284.01,400.00,1410,52
29026.34,100,63,45849,81920,297.79,400.00,1410,52
29031.4,100,67,45849,81920,310.21,400.00,1410,52
29036.46,0,0,45849,81920,88.82,400.00,1410,45
29041.52,100,48,45849,81920,361.36,400.00,1410,56
29046.58,100,45,45849,81920,384.70,400.00,1410,58
29051.64,97,50,45849,81920,224.48,400.00,1410,56
29056.7,100,51,45849,81920,358.49,400.00,1410,55
29061.76,100,66,45849,81920,355.65,400.00,1410,55
29066.83,95,47,45849,81920,365.23,400.00,1410,56
29071.93,100,52,45849,81920,262.34,400.00,1410,51
29077.04,100,58,45849,81920,287.45,400.00,1410,51
29082.15,100,63,45849,81920,294.42,400.00,1410,51
29087.21,100,65,45849,81920,298.08,400.00,1410,51
29092.32,0,0,45849,81920,86.10,400.00,1410,42
29097.4,100,49,45849,81920,368.49,400.00,1410,55
29102.46,100,45,45849,81920,365.60,400.00,1410,57
29107.52,100,51,45849,81920,329.85,400.00,1410,55
29112.58,97,78,45849,81920,356.39,400.00,1410,55
29117.64,100,51,45849,81920,365.55,400.00,1410,56
29122.69,97,64,45849,81920,348.72,400.00,1395,55
29127.75,100,51,45849,81920,260.77,400.00,1410,51
29132.81,100,56,45849,81920,274.11,400.00,1410,50
29137.87,100,56,45849,81920,264.14,400.00,1410,49
29142.93,100,60,45849,81920,275.03,400.00,1410,49
29147.99,100,54,45849,81920,361.69,400.00,1410,53
29153.05,100,37,45849,81920,466.04,400.00,1380,55
29158.1,100,50,45849,81920,347.78,400.00,1410,54
29163.16,100,54,45849,81920,355.55,400.00,1410,54
29168.22,95,48,45849,81920,379.45,400.00,1410,55
29173.28,100,51,45849,81920,328.34,400.00,1410,54
29178.34,100,49,45849,81920,274.42,400.00,1395,54
29183.4,100,54,45849,81920,270.22,400.00,1410,50
29188.45,100,59,45849,81920,280.82,400.00,1410,50
29193.51,100,62,45849,81920,289.90,400.00,1410,50
29198.57,100,63,45849,81920,283.49,400.00,1410,50
29203.63,100,50,45849,81920,348.60,400.00,1410,54
29208.69,100,42,45849,81920,352.27,400.00,1410,56
29213.74,97,66,45849,81920,344.85,400.00,1410,54
29218.8,100,50,45849,81920,391.36,400.00,1365,55
29223.86,98,48,45849,81920,360.54,400.00,1410,56
29228.92,100,51,45849,81920,341.60,400.00,1410,54
29233.98,100,50,45849,81920,256.58,400.00,1410,50
29239.04,100,56,45849,81920,274.14,400.00,1410,50
29244.1,17,10,45849,81920,285.65,400.00,1410,49
29249.16,100,61,45849,81920,283.25,400.00,1410,50
29254.22,100,63,45849,81920,286.26,400.00,1410,50
29259.28,100,55,45849,81920,359.24,400.00,1410,55
29264.34,100,37,45849,81920,397.03,400.00,1410,57
29269.41,97,70,45849,81920,323.70,400.00,1410,54
29274.47,100,51,45849,81920,302.39,400.00,1410,55
29279.56,100,51,45849,81920,374.81,400.00,1410,55
29284.65,100,50,45849,81920,284.76,400.00,1395,53
29289.71,100,50,45849,81920,260.11,400.00,1410,50
29294.77,100,57,45849,81920,277.47,400.00,1410,50
29299.83,100,61,45849,81920,284.16,400.00,1410,50
29304.89,100,63,45849,81920,289.90,400.00,1410,50
29309.95,100,66,45849,81920,303.55,400.00,1410,50
29315.0,100,55,45849,81920,369.58,400.00,1410,55
29320.06,100,39,45849,81920,361.13,400.00,1395,56
29325.13,100,51,45849,81920,320.51,400.00,1410,54
29330.19,94,46,45849,81920,359.52,400.00,1410,56
29335.25,100,51,45849,81920,347.08,400.00,1410,54
29340.31,100,49,45849,81920,282.29,400.00,1410,52
29345.36,100,51,45849,81920,259.57,400.00,1410,50
29350.42,100,57,45849,81920,276.58,400.00,1410,50
29355.48,100,63,45849,81920,291.72,400.00,1410,50
29360.54,100,67,45849,81920,304.15,400.00,1410,51
29365.6,100,69,45849,81920,315.61,400.00,1410,51
29370.66,100,54,45849,81920,370.17,400.00,1410,55
29375.72,100,44,45849,81920,406.30,400.00,1335,57
29380.78,100,50,45849,81920,321.89,400.00,1410,54
29385.84,100,50,45849,81920,334.29,400.00,1410,55
29390.9,95,47,45849,81920,371.15,400.00,1410,55
29395.96,100,64,45849,81920,325.00,400.00,1410,55
29401.02,100,51,45849,81920,259.30,400.00,1410,50
29406.08,100,58,45849,81920,272.58,400.00,1410,50
29411.14,100,60,45849,81920,285.06,400.00,1410,50
29416.2,100,62,45849,81920,289.57,400.00,1410,50
29421.26,0,0,45849,81920,87.30,400.00,1410,43
29426.31,100,55,45849,81920,367.07,400.00,1410,55
29431.37,100,44,45849,81920,330.44,400.00,1395,57
29436.42,100,51,45849,81920,304.14,400.00,1395,54
29441.48,100,51,45849,81920,346.47,400.00,1410,55
29446.53,100,51,45849,81920,347.08,400.00,1410,55
29451.59,98,80,45849,81920,332.56,400.00,1410,56
29456.65,100,54,45849,81920,268.05,400.00,1410,51
29461.7,100,56,45849,81920,272.35,400.00,1410,51
29466.76,100,59,45849,81920,273.55,400.00,1410,51
29471.81,100,58,45849,81920,269.62,400.00,1410,51
29476.87,100,49,45849,81920,370.01,400.00,1350,57
29481.93,100,45,45849,81920,397.80,400.00,1395,58
29486.98,100,51,45849,81920,316.20,400.00,1410,56
29492.03,100,50,45849,81920,282.91,400.00,1395,56
29497.09,100,51,45849,81920,359.15,400.00,1410,57
29502.14,100,51,45849,81920,356.11,400.00,1410,58
29507.2,100,49,45849,81920,259.03,400.00,1410,54
29512.25,100,56,45849,81920,281.09,400.00,1410,53
29517.31,100,60,45849,81920,286.29,400.00,1410,53
29522.36,100,61,45849,81920,286.29,400.00,1410,52
29527.42,100,63,45849,81920,291.98,400.00,1410,52
29532.47,100,54,45849,81920,381.72,400.00,1410,57
29537.53,100,45,45849,81920,387.54,400.00,1395,58
29542.58,97,79,45849,81920,344.92,400.00,1410,55
29547.63,95,47,45849,81920,367.89,400.00,1410,56
29552.69,100,51,45849,81920,333.41,400.00,1410,56
29557.75,98,48,45849,81920,289.57,400.00,1410,55
29562.81,100,50,45849,81920,258.44,400.00,1410,52
29567.87,100,57,45849,81920,271.74,400.00,1410,52
29572.92,100,62,45849,81920,294.41,400.00,1410,53
29577.98,100,65,45849,81920,308.66,400.00,1410,53
29583.03,100,66,45849,81920,305.60,400.00,1410,53
29588.09,100,61,45849,81920,318.65,400.00,1380,57
29593.14,100,49,45849,81920,305.60,400.00,1395,59
29598.2,97,65,45849,81920,324.95,400.00,1410,58
29603.25,100,51,45849,81920,374.56,400.00,1410,58
29608.31,100,51,45849,81920,363.65,400.00,1410,59
29613.36,94,47,45849,81920,384.51,400.00,1410,59
29618.42,100,50,45849,81920,268.70,400.00,1410,53
29623.47,100,57,45849,81920,287.18,400.00,1410,53
29628.53,100,61,45849,81920,291.09,400.00,1410,52
29633.59,100,62,45849,81920,289.57,400.00,1410,52
29638.64,100,63,45849,81920,290.82,400.00,1410,51
29643.69,100,49,45849,81920,374.56,400.00,1410,56
29648.75,100,44,45849,81920,396.42,400.00,1380,58
29653.8,100,50,45849,81920,353.16,400.00,1410,55
29658.85,97,76,45849,81920,361.64,400.00,1410,55
29663.91,95,47,45849,81920,377.55,400.00,1410,56
29668.96,100,50,45849,81920,363.60,400.00,1410,55
29674.02,100,51,45849,81920,255.71,400.00,1410,51
29679.08,100,56,45849,81920,268.11,400.00,1410,50
29684.14,100,58,45849,81920,271.46,400.00,1410,50
29689.2,0,0,45849,81920,261.75,400.00,1410,48
29694.25,100,50,45849,81920,421.42,400.00,1365,53
29699.31,100,38,45849,81920,333.14,400.00,1395,56
29704.37,95,48,45849,81920,355.88,400.00,1410,55
29709.42,100,51,45849,81920,317.13,400.00,1410,56
29714.48,98,79,45849,81920,357.26,400.00,1410,57
29719.54,100,49,45849,81920,279.30,400.00,1410,56
29724.59,100,50,45849,81920,102.39,400.00,1410,53
29729.65,100,54,45849,81920,265.67,400.00,1410,52
29734.71,100,58,45849,81920,279.90,400.00,1410,52
29739.77,100,61,45849,81920,286.89,400.00,1410,51
29744.82,100,59,45849,81920,275.39,400.00,1410,51
29749.88,100,55,45849,81920,358.27,400.00,1410,56
29754.94,100,48,45849,81920,354.26,400.00,1395,58
29760.0,100,52,45849,81920,330.70,400.00,1410,54
29765.06,100,51,45849,81920,352.57,400.00,1410,55
29770.12,100,51,45849,81920,339.84,400.00,1410,54
29775.22,100,49,45849,81920,302.65,400.00,1395,53
29780.28,100,53,45849,81920,270.23,400.00,1410,51
29785.35,100,57,45849,81920,281.88,400.00,1410,52
29790.41,100,61,45849,81920,282.25,400.00,1410,52
29795.47,100,62,45849,81920,288.00,400.00,1410,52
29800.52,100,55,45849,81920,363.04,400.00,1410,56
29805.58,100,45,45849,81920,383.10,400.00,1410,58
29810.64,100,63,45849,81920,325.96,400.00,1410,56
29815.7,94,48,45849,81920,369.36,400.00,1410,56
29820.76,100,51,45849,81920,331.38,400.00,1410,55
29825.82,97,78,45849,81920,331.64,400.00,1410,55
29830.88,100,50,45849,81920,362.24,400.00,1410,54
29835.94,100,53,45849,81920,262.29,400.00,1410,50
29841.0,100,57,45849,81920,275.03,400.00,1410,50
29846.06,100,59,45849,81920,276.24,400.00,1410,50
29851.12,100,59,45849,81920,263.22,400.00,1410,49
29856.18,100,50,45849,81920,357.30,400.00,1410,55
29861.24,100,45,45849,81920,440.28,400.00,1395,57
29866.29,95,48,45849,81920,374.49,400.00,1410,55
29871.35,100,51,45849,81920,347.07,400.00,1410,54
29876.41,76,38,45849,81920,377.17,400.00,1380,54
29881.47,100,51,45849,81920,362.17,400.00,1410,55
29886.53,100,50,45849,81920,254.72,400.00,1410,50
29891.59,77,43,45849,81920,275.92,400.00,1410,48
29896.65,100,61,45849,81920,287.48,400.00,1410,50
29901.71,100,63,45849,81920,296.89,400.00,1410,50
29906.77,100,64,45849,81920,296.26,400.00,1410,50
29911.86,100,55,45849,81920,362.35,400.00,1410,55
29916.92,100,45,45849,81920,302.98,400.00,1395,56
29921.98,100,49,45849,81920,281.62,400.00,1395,54
29927.04,100,50,45849,81920,349.21,400.00,1410,55
29932.1,100,50,45849,81920,331.12,400.00,1410,55
29937.16,98,49,45849,81920,380.44,400.00,1410,56
29942.21,100,50,45849,81920,258.43,400.00,1410,50
29947.27,100,57,45849,81920,275.94,400.00,1410,50
29952.33,100,58,45849,81920,280.80,400.00,1410,50
29957.4,100,62,45849,81920,284.75,400.00,1410,50
29962.46,83,50,45849,81920,88.35,400.00,1410,44
29967.51,100,56,45849,81920,357.72,400.00,1410,55
29972.57,100,44,45849,81920,343.11,400.00,1410,57
29977.63,100,51,45849,81920,337.82,400.00,1410,54
29982.69,100,51,45849,81920,368.58,400.00,1410,55
29987.75,100,55,45849,81920,362.21,400.00,1410,54
29992.81,100,51,45849,81920,350.75,400.00,1410,55
29997.87,7,0,45849,81920,149.04,400.00,1410,45
30002.92,100,55,45849,81920,269.03,400.00,1410,50
30008.0,100,61,45849,81920,289.30,400.00,1410,50
30013.06,100,61,45849,81920,286.23,400.00,1410,50
30018.18,100,64,45849,81920,291.40,400.00,1410,50
30023.27,100,55,45849,81920,351.08,400.00,1410,55
30028.33,100,43,45849,81920,367.94,400.00,1410,56
30033.39,74,40,45849,81920,276.83,400.00,1410,53
30038.45,100,50,45849,81920,343.39,400.00,1410,54
30043.51,100,50,45849,81920,344.45,400.00,1410,54
30048.57,100,50,45849,81920,220.37,400.00,1395,54
30053.63,100,51,45849,81920,256.56,400.00,1410,50
30058.7,100,56,45849,81920,273.07,400.00,1410,50
30063.76,100,60,45849,81920,281.94,400.00,1410,49
30068.82,1,1,45849,81920,255.96,400.00,1410,47
30073.88,100,50,45849,81920,358.60,400.00,1410,51
30078.97,100,50,45849,81920,360.50,400.00,1410,55
30084.03,29,19,45849,81920,378.84,400.00,1410,55
30089.09,100,51,45849,81920,317.33,400.00,1410,54
30094.14,97,79,45849,81920,327.21,400.00,1410,54
30099.21,100,51,45849,81920,361.26,400.00,1410,54
30104.27,100,51,45849,81920,319.58,400.00,1410,55
30109.33,93,49,45849,81920,261.09,400.00,1410,49
30114.38,100,59,45849,81920,278.37,400.00,1410,50
30119.44,100,62,45849,81920,285.95,400.00,1410,49
30124.5,100,62,45849,81920,289.60,400.00,1410,50
30129.56,100,55,45849,81920,360.49,400.00,1410,53
30134.62,100,42,45849,81920,352.83,400.00,1410,56
30139.69,100,51,45849,81920,318.11,400.00,1410,54
30144.77,97,77,45849,81920,365.54,400.00,1410,55
30149.83,100,50,45849,81920,395.92,400.00,1410,54
30154.89,100,51,45849,81920,362.17,400.00,1410,55
30159.95,100,51,45849,81920,347.80,400.00,1410,55
30165.01,100,54,45849,81920,267.41,400.00,1410,50
30170.07,100,59,45849,81920,276.87,400.00,1410,50
30175.13,100,63,45849,81920,293.21,400.00,1410,50
30180.19,100,67,45849,81920,307.44,400.00,1410,51
30185.25,100,54,45849,81920,415.77,400.00,1395,53
30190.3,100,45,45849,81920,363.76,400.00,1395,56
30195.36,100,52,45849,81920,331.64,400.00,1410,54
30200.41,100,52,45849,81920,314.74,400.00,1410,55
30205.47,100,51,45849,81920,366.48,400.00,1410,55
30210.53,98,79,45849,81920,383.38,400.00,1410,56
30215.59,100,52,45849,81920,232.31,400.00,1410,55
30220.64,100,54,45849,81920,266.86,400.00,1410,50
30225.69,100,60,45849,81920,287.75,400.00,1410,50
30230.75,100,62,45849,81920,288.67,400.00,1410,50
30235.8,100,63,45849,81920,287.78,400.00,1410,50
30240.86,100,57,45849,81920,306.54,400.00,1395,53
30245.91,100,36,45849,81920,396.10,400.00,1410,57
30250.97,94,48,45849,81920,356.15,400.00,1410,55
30256.02,100,51,45849,81920,324.09,400.00,1410,54
30261.08,97,65,45849,81920,333.41,400.00,1410,54
30266.14,100,51,45849,81920,361.76,400.00,1410,54
30271.19,100,51,45849,81920,328.32,400.00,1410,54
30276.24,100,54,45849,81920,264.79,400.00,1410,49
30281.3,100,60,45849,81920,284.74,400.00,1410,50
30286.35,100,64,45849,81920,299.86,400.00,1410,50
30291.41,100,67,45849,81920,306.81,400.00,1410,51
30296.46,100,49,45849,81920,379.47,400.00,1380,53
30301.52,100,45,45849,81920,389.66,400.00,1410,57
30306.57,100,51,45849,81920,333.16,400.00,1410,54
30311.63,100,65,45849,81920,328.65,400.00,1410,54
30316.68,94,48,45849,81920,365.55,400.00,1410,56
30321.73,100,51,45849,81920,368.49,400.00,1410,55
30326.78,97,78,45849,81920,289.87,400.00,1410,55
30331.84,100,54,45849,81920,262.07,400.00,1410,49
30336.9,100,56,45849,81920,267.19,400.00,1410,49
30341.96,100,61,45849,81920,279.90,400.00,1410,50
30347.01,100,63,45849,81920,286.89,400.00,1410,50
30352.07,100,55,45849,81920,365.77,400.00,1410,55
30357.12,99,45,45849,81920,397.53,400.00,1395,57
30362.18,94,47,45849,81920,374.56,400.00,1410,56
30367.24,100,52,45849,81920,350.35,400.00,1410,57
30372.33,100,50,45849,81920,267.50,400.00,1410,56
30377.39,100,51,45849,81920,349.79,400.00,1410,57
30382.45,100,50,45849,81920,262.95,400.00,1410,53
30387.51,100,57,45849,81920,273.87,400.00,1410,53
30392.57,100,62,45849,81920,290.82,400.00,1410,53
30397.63,100,65,45849,81920,303.81,400.00,1410,54
30402.68,100,66,45849,81920,305.92,400.00,1410,54
30407.73,100,54,45849,81920,375.83,400.00,1410,58
30412.79,100,35,45849,81920,380.06,400.00,1395,60
30417.84,98,78,45849,81920,382.71,400.00,1395,57
30422.9,95,49,45849,81920,387.95,400.00,1410,59
30427.95,100,51,45849,81920,377.94,400.00,1410,59
30433.01,100,51,45849,81920,359.89,400.00,1410,59
30438.06,100,51,45849,81920,268.98,400.00,1410,54
30443.12,100,57,45849,81920,281.75,400.00,1410,54
30448.17,100,61,45849,81920,279.90,400.00,1410,53
30453.23,100,61,45849,81920,285.95,400.00,1410,53
30458.29,100,55,45849,81920,362.51,400.00,1410,56
30463.35,100,55,45849,81920,374.83,400.00,1410,58
30468.4,6,6,45849,81920,361.91,400.00,1410,57
30473.46,100,51,45849,81920,341.96,400.00,1410,58
30478.52,100,48,45849,81920,367.29,400.00,1410,58
30483.58,95,47,45849,81920,370.33,400.00,1410,59
30488.63,100,50,45849,81920,358.82,400.00,1410,59
30493.69,100,53,45849,81920,267.50,400.00,1410,53
30498.75,100,60,45849,81920,232.66,400.00,1410,49
30503.8,100,63,45849,81920,295.34,400.00,1410,52
30508.86,100,62,45849,81920,289.60,400.00,1410,52
30513.92,100,55,45849,81920,385.10,400.00,1410,55
30518.97,100,37,45849,81920,390.85,400.00,1410,58
30524.03,100,51,45849,81920,362.73,400.00,1410,55
30529.09,100,50,45849,81920,371.80,400.00,1410,57
30534.15,100,50,45849,81920,333.49,400.00,1410,56
30539.2,97,78,45849,81920,358.22,400.00,1410,56
30544.26,100,51,45849,81920,376.36,400.00,1410,57
30549.32,100,53,45849,81920,262.94,400.00,1410,52
30554.37,100,55,45849,81920,264.19,400.00,1410,51
30559.43,100,59,45849,81920,272.35,400.00,1410,51
30564.49,100,62,45849,81920,278.41,400.00,1410,50
30569.55,100,50,45849,81920,355.51,400.00,1410,56
30574.6,100,43,45849,81920,395.34,400.00,1380,56
30579.66,94,47,45849,81920,368.79,400.00,1410,56
30584.72,100,59,45849,81920,368.96,400.00,1410,56
30589.78,97,76,45849,81920,361.31,400.00,1410,55
30594.83,100,51,45849,81920,361.13,400.00,1410,55
30599.9,100,52,45849,81920,264.41,400.00,1410,50
30604.98,100,57,45849,81920,281.55,400.00,1410,50
30610.05,100,62,45849,81920,290.12,400.00,1410,50
30615.11,100,65,45849,81920,299.03,400.00,1410,51
30620.17,1,1,45849,81920,347.07,400.00,1410,49
30625.23,100,54,45849,81920,357.33,400.00,1410,56
30630.32,100,45,45849,81920,98.33,400.00,1395,51
30635.39,95,77,45849,81920,330.19,400.00,1410,56
30640.45,94,47,45849,81920,462.11,400.00,1395,54
30645.56,100,51,45849,81920,332.05,400.00,1410,56
30650.65,100,50,45849,81920,369.73,400.00,1410,55
30655.78,100,53,45849,81920,267.20,400.00,1410,50
30660.84,100,59,45849,81920,286.77,400.00,1410,50
30665.93,100,61,45849,81920,284.96,400.00,1410,50
30670.99,100,62,45849,81920,289.19,400.00,1410,50
30676.05,100,55,45849,81920,351.33,400.00,1410,53
30681.1,100,37,45849,81920,383.77,400.00,1410,56
30686.16,100,51,45849,81920,344.60,400.00,1410,54
30691.22,97,80,45849,81920,379.79,400.00,1410,54
30696.28,100,50,45849,81920,260.82,400.00,1410,53
30701.34,100,50,45849,81920,347.99,400.00,1410,55
30706.4,100,63,45849,81920,350.95,400.00,1410,55
30711.46,100,55,45849,81920,270.00,400.00,1410,50
30716.52,100,60,45849,81920,280.99,400.00,1410,50
30721.58,100,62,45849,81920,288.32,400.00,1410,50
30726.63,100,61,45849,81920,278.66,400.00,1410,49
30731.69,100,61,45849,81920,387.74,400.00,1410,55
30736.75,100,49,45849,81920,360.76,400.00,1395,56
30741.81,94,50,45849,81920,378.54,400.00,1410,56
30746.86,100,51,45849,81920,326.54,400.00,1410,55
30751.92,97,72,45849,81920,399.05,400.00,1410,55
30756.98,94,47,45849,81920,379.45,400.00,1410,56
30762.04,100,50,45849,81920,264.74,400.00,1410,50
30767.1,100,57,45849,81920,281.09,400.00,1410,46
30772.15,100,62,45849,81920,291.10,400.00,1410,50
30777.24,100,66,45849,81920,304.72,400.00,1410,51
30782.3,100,66,45849,81920,305.33,400.00,1410,51
30787.36,100,50,45849,81920,305.93,400.00,1395,54
30792.42,100,45,45849,81920,394.90,400.00,1410,57
30797.48,100,51,45849,81920,337.15,400.00,1410,55
30802.54,100,66,45849,81920,382.30,400.00,1410,55
30807.6,97,72,45849,81920,254.45,400.00,1395,52
30812.65,95,47,45849,81920,288.38,400.00,1410,55
30817.71,100,53,45849,81920,264.19,400.00,1410,50
30822.77,100,56,45849,81920,265.67,400.00,1410,49
30827.83,100,58,45849,81920,272.35,400.00,1410,49
30832.94,100,60,45849,81920,265.01,400.00,1410,49
30838.0,100,55,45849,81920,371.10,400.00,1410,54
30843.05,100,45,45849,81920,372.95,400.00,1410,56
30848.11,100,51,45849,81920,340.22,400.00,1410,55
30853.17,100,50,45849,81920,355.88,400.00,1410,54
30858.23,100,49,45849,81920,288.58,400.00,1410,53
30863.29,100,51,45849,81920,364.35,400.00,1410,55
30868.35,100,50,45849,81920,319.31,400.00,1410,54
30873.4,100,55,45849,81920,271.11,400.00,1410,50
30878.46,100,59,45849,81920,279.59,400.00,1410,50
30883.52,100,64,45849,81920,295.36,400.00,1410,50
30888.61,79,53,45849,81920,87.72,400.00,1410,45
30893.67,100,49,45849,81920,364.01,400.00,1410,54
30898.73,100,45,45849,81920,304.84,400.00,1395,56
30903.79,97,66,45849,81920,246.11,400.00,1410,52
30908.85,100,51,45849,81920,357.46,400.00,1410,55
30913.91,98,78,45849,81920,359.71,400.00,1410,55
30918.97,95,48,45849,81920,383.79,400.00,1410,56
30924.03,100,50,45849,81920,352.30,400.00,1410,55
30929.08,100,55,45849,81920,273.95,400.00,1410,50
30934.14,100,61,45849,81920,291.63,400.00,1410,50
30939.2,100,65,45849,81920,302.65,400.00,1410,50
30944.26,100,66,45849,81920,300.85,400.00,1410,51
30949.32,100,49,45849,81920,366.97,400.00,1410,54
30954.38,100,45,45849,81920,398.19,400.00,1410,57
30959.44,0,0,45849,81920,71.04,400.00,1155,40
30964.5,97,62,45849,81920,372.04,400.00,1410,51
30969.56,95,47,45849,81920,354.99,400.00,1410,53
30974.62,100,51,45849,81920,360.40,400.00,1410,53
30979.68,100,49,45849,81920,283.23,400.00,1395,53
30984.74,100,51,45849,81920,231.92,400.00,1410,49
30989.8,100,55,45849,81920,269.89,400.00,1410,49
30994.86,100,61,45849,81920,285.56,400.00,1410,49
30999.92,100,64,45849,81920,294.11,400.00,1410,50
31005.02,100,67,45849,81920,305.65,400.00,1410,50
31010.07,100,60,45849,81920,354.40,400.00,1410,54
31015.13,100,50,45849,81920,405.50,400.00,1410,57
31020.18,100,51,45849,81920,354.95,400.00,1410,54
31025.24,100,50,45849,81920,345.88,400.00,1410,55
31030.3,94,47,45849,81920,377.47,400.00,1410,56
31035.35,100,51,45849,81920,357.44,400.00,1410,55
31040.41,89,43,45849,81920,254.72,400.00,1410,51
31045.47,100,55,45849,81920,271.11,400.00,1410,50
31050.52,100,59,45849,81920,282.64,400.00,1410,49
31055.58,100,60,45849,81920,276.26,400.00,1410,49
31060.63,27,16,45849,81920,87.30,400.00,1410,43
31065.69,100,50,45849,81920,435.91,400.00,1395,55
31070.73,100,45,45849,81920,394.17,400.00,1410,57
31075.78,100,51,45849,81920,340.36,400.00,1410,54
31080.84,100,51,45849,81920,307.46,400.00,1410,54
31085.89,95,47,45849,81920,365.88,400.00,1410,55
31090.95,100,51,45849,81920,350.68,400.00,1410,54
31096.01,100,51,45849,81920,257.51,400.00,1410,49
31101.06,100,57,45849,81920,273.27,400.00,1410,49
31106.12,100,59,45849,81920,275.98,400.00,1410,49
31111.17,100,64,45849,81920,290.82,400.00,1410,49
31116.22,100,49,45849,81920,463.45,400.00,1380,51
31121.28,100,49,45849,81920,352.83,400.00,1410,54
31126.33,0,0,45849,81920,88.50,400.00,1410,46
31131.39,100,67,45849,81920,360.94,400.00,1410,54
31136.44,100,51,45849,81920,316.47,400.00,1410,53
31141.49,100,51,45849,81920,348.92,400.00,1410,54
31146.54,100,49,45849,81920,366.69,400.00,1410,54
31151.6,100,53,45849,81920,265.66,400.00,1410,50
31156.65,100,56,45849,81920,271.15,400.00,1410,49
31161.71,100,60,45849,81920,275.66,400.00,1410,49
31166.76,100,62,45849,81920,127.20,400.00,1410,45
31171.82,100,54,45849,81920,366.37,400.00,1410,53
31176.89,100,36,45849,81920,371.20,400.00,1410,56
31181.95,100,50,45849,81920,291.09,400.00,1410,53
31187.0,98,79,45849,81920,346.20,400.00,1410,53
31192.05,100,50,45849,81920,325.61,400.00,1410,54
31197.11,97,67,45849,81920,342.84,400.00,1410,54
31202.17,100,51,45849,81920,353.99,400.00,1410,55
31207.22,100,53,45849,81920,260.23,400.00,1410,49
31212.28,100,57,45849,81920,269.03,400.00,1410,49
31217.33,100,60,45849,81920,281.11,400.00,1410,49
31222.39,100,63,45849,81920,287.18,400.00,1410,49
31227.44,100,54,45849,81920,361.86,400.00,1395,54
31232.5,100,44,45849,81920,405.08,400.00,1410,57
31237.58,100,50,45849,81920,310.82,400.00,1410,53
31242.66,100,51,45849,81920,349.52,400.00,1410,54
31247.72,100,51,45849,81920,304.73,400.00,1410,54
31252.78,100,49,45849,81920,286.88,400.00,1410,53
31257.83,100,50,45849,81920,257.17,400.00,1410,50
31262.89,100,58,45849,81920,283.51,400.00,1410,50
31267.94,100,62,45849,81920,293.21,400.00,1410,50
31273.0,100,66,45849,81920,306.86,400.00,1410,50
31278.06,100,69,45849,81920,312.29,400.00,1410,51
31283.12,100,55,45849,81920,360.34,400.00,1410,55
31288.17,100,36,45849,81920,379.40,400.00,1410,57
31293.23,100,51,45849,81920,341.88,400.00,1410,54
31298.29,100,49,45849,81920,405.25,400.00,1395,54
31303.35,94,52,45849,81920,368.22,400.00,1410,56
31308.41,100,50,45849,81920,359.42,400.00,1410,55
31313.46,100,51,45849,81920,261.80,400.00,1410,50
31318.52,100,57,45849,81920,280.82,400.00,1410,50
31323.57,100,63,45849,81920,295.95,400.00,1410,50
31328.63,100,67,45849,81920,307.12,400.00,1410,51
31333.69,100,69,45849,81920,88.14,400.00,1410,45
31338.75,100,50,45849,81920,364.25,400.00,1410,55
31343.8,100,48,45849,81920,403.28,400.00,1350,57
31348.86,100,51,45849,81920,329.77,400.00,1410,54
31353.92,97,72,45849,81920,363.98,400.00,1410,55
31358.98,100,50,45849,81920,353.99,400.00,1410,55
31364.04,100,50,45849,81920,349.07,400.00,1410,55
31369.1,100,49,45849,81920,255.12,400.00,1410,49
31374.17,100,57,45849,81920,272.62,400.00,1410,50
31379.26,100,59,45849,81920,280.82,400.00,1410,50
31384.32,100,61,45849,81920,285.04,400.00,1410,50
31389.38,0,0,45849,81920,87.21,400.00,1410,43
31394.43,100,55,45849,81920,323.15,400.00,1395,55
31399.49,100,44,45849,81920,471.15,400.00,1395,58
31404.54,100,52,45849,81920,371.59,400.00,1410,57
31409.63,97,78,45849,81920,316.04,400.00,1410,56
31414.75,100,51,45849,81920,375.21,400.00,1410,57
31419.81,97,75,45849,81920,338.59,400.00,1410,57
31424.87,100,51,45849,81920,262.02,400.00,1410,52
31429.93,100,58,45849,81920,283.54,400.00,1410,51
31434.99,20,12,45849,81920,285.92,400.00,1410,50
31440.05,100,64,45849,81920,299.58,400.00,1410,51
31445.1,100,66,45849,81920,301.10,400.00,1410,51
31450.16,100,55,45849,81920,427.05,400.00,1365,55
31455.22,100,36,45849,81920,379.27,400.00,1350,59
31460.28,97,68,45849,81920,336.51,400.00,1410,55
31465.34,94,46,45849,81920,239.80,400.00,1410,53
31470.39,100,51,45849,81920,349.05,400.00,1410,55
31475.45,97,71,45849,81920,329.85,400.00,1410,54
31480.51,100,51,45849,81920,263.49,400.00,1410,50
31485.57,100,55,45849,81920,267.46,400.00,1410,50
31490.63,100,59,45849,81920,277.44,400.00,1410,50
31495.68,100,62,45849,81920,281.70,400.00,1410,50
31500.74,17,9,45849,81920,355.52,400.00,1410,51
31505.8,100,50,45849,81920,344.83,400.00,1410,55
31510.86,100,50,45849,81920,369.73,400.00,1410,55
31515.92,94,54,45849,81920,367.40,400.00,1410,56
31520.98,100,51,45849,81920,349.71,400.00,1410,55
31526.04,100,49,45849,81920,386.54,400.00,1410,53
31531.1,100,52,45849,81920,311.04,400.00,1410,55
31536.15,99,53,45849,81920,262.67,400.00,1410,50
31541.22,100,60,45849,81920,281.11,400.00,1410,50
31546.28,100,61,45849,81920,285.27,400.00,1410,50
31551.33,100,64,45849,81920,289.52,400.00,1410,50
31556.39,100,49,45849,81920,335.14,400.00,1410,53
31561.46,100,36,45849,81920,408.22,400.00,1410,57
31566.52,100,50,45849,81920,335.53,400.00,1410,55
31571.58,100,50,45849,81920,332.24,400.00,1410,54
31576.64,100,50,45849,81920,214.47,400.00,1395,53
31581.7,94,47,45849,81920,376.75,400.00,1410,56
31586.76,100,51,45849,81920,358.41,400.00,1410,55
31591.82,100,55,45849,81920,269.58,400.00,1410,50
31596.87,100,58,45849,81920,270.74,400.00,1410,50
31601.93,100,58,45849,81920,262.61,400.00,1410,49
31607.01,100,60,45849,81920,261.69,400.00,1410,48
31612.06,100,49,45849,81920,343.43,400.00,1395,54
31617.12,100,45,45849,81920,376.36,400.00,1410,57
31622.18,100,51,45849,81920,342.32,400.00,1410,54
31627.24,100,49,45849,81920,438.76,400.00,1395,52
31632.3,100,51,45849,81920,340.44,400.00,1410,54
31637.37,100,57,45849,81920,323.48,400.00,1410,55
31642.45,100,51,45849,81920,262.34,400.00,1410,50
31647.51,100,56,45849,81920,272.31,400.00,1410,49
31652.57,100,60,45849,81920,280.21,400.00,1410,49
31657.63,100,63,45849,81920,288.08,400.00,1410,50
31662.7,60,29,45849,81920,361.09,400.00,1410,51
31667.77,100,50,45849,81920,366.10,400.00,1410,55
31672.83,95,47,45849,81920,367.45,400.00,1410,54
31677.89,94,47,45849,81920,288.98,400.00,1410,54
31682.95,100,50,45849,81920,325.86,400.00,1410,55
31688.01,100,50,45849,81920,315.33,400.00,1395,56
31693.07,94,47,45849,81920,378.18,400.00,1410,56
31698.13,100,54,45849,81920,269.02,400.00,1410,50
31703.19,100,57,45849,81920,273.30,400.00,1410,50
31708.25,100,62,45849,81920,288.68,400.00,1410,50
31713.31,100,60,45849,81920,270.18,400.00,1410,49
31718.38,100,54,45849,81920,360.61,400.00,1410,54
31723.44,100,36,45849,81920,376.95,400.00,1410,56
31728.53,97,74,45849,81920,312.89,400.00,1410,54
31733.59,100,51,45849,81920,371.76,400.00,1410,56
31738.65,100,51,45849,81920,350.06,400.00,1410,55
31743.71,100,49,45849,81920,358.03,400.00,1410,55
31748.77,100,50,45849,81920,372.25,400.00,1410,55
31753.82,100,55,45849,81920,273.51,400.00,1410,50
31758.93,100,60,45849,81920,282.34,400.00,1410,50
31763.99,100,64,45849,81920,298.11,400.00,1410,50
31769.05,100,67,45849,81920,303.80,400.00,1410,51
31774.11,100,50,45849,81920,358.74,400.00,1410,54
31779.17,100,44,45849,81920,367.94,400.00,1410,56
31784.23,97,71,45849,81920,334.77,400.00,1410,54
31789.29,100,50,45849,81920,299.89,400.00,1410,54
31794.35,93,46,45849,81920,347.76,400.00,1410,55
31799.41,100,49,45849,81920,299.92,400.00,1410,54
31804.47,100,49,45849,81920,346.60,400.00,1410,55
31809.52,100,51,45849,81920,260.11,400.00,1410,50
31814.58,100,57,45849,81920,275.35,400.00,1410,50
31819.64,100,59,45849,81920,271.70,400.00,1410,49
31824.7,100,59,45849,81920,262.34,400.00,1410,49
31829.76,100,50,45849,81920,358.27,400.00,1410,53
31834.82,100,35,45849,81920,385.23,400.00,1410,56
31839.89,100,51,45849,81920,311.09,400.00,1410,54
31844.95,100,50,45849,81920,289.90,400.00,1395,52
31850.01,100,51,45849,81920,311.36,400.00,1410,54
31855.07,100,51,45849,81920,318.65,400.00,1410,54
31860.12,94,47,45849,81920,363.76,400.00,1410,55
31865.18,100,54,45849,81920,268.11,400.00,1410,50
31870.23,81,49,45849,81920,285.65,400.00,1410,50
31875.29,100,63,45849,81920,292.92,400.00,1410,52
31880.35,100,64,45849,81920,298.08,400.00,1410,52
31885.4,100,55,45849,81920,369.79,400.00,1410,56
31890.46,100,44,45849,81920,384.51,400.00,1395,59
31895.51,100,51,45849,81920,354.63,400.00,1410,57
31900.57,100,55,45849,81920,346.44,400.00,1410,57
31905.63,94,47,45849,81920,373.65,400.00,1410,59
31910.68,100,51,45849,81920,344.33,400.00,1410,58
31915.76,100,50,45849,81920,324.95,400.00,1410,58
31920.81,100,54,45849,81920,274.73,400.00,1410,52
31925.86,100,60,45849,81920,287.16,400.00,1410,52
31930.92,100,64,45849,81920,295.62,400.00,1410,52
31935.97,100,68,45849,81920,312.24,400.00,1410,52
31941.03,100,49,45849,81920,358.22,400.00,1410,55
31946.08,100,44,45849,81920,370.33,400.00,1395,57
31951.14,100,51,45849,81920,379.99,400.00,1410,56
31956.2,100,49,45849,81920,327.38,400.00,1395,55
31961.25,100,51,45849,81920,330.10,400.00,1410,57
31966.31,100,59,45849,81920,305.29,400.00,1395,54
31971.36,100,51,45849,81920,371.53,400.00,1410,58
31976.42,100,53,45849,81920,268.43,400.00,1410,53
31981.47,100,60,45849,81920,285.36,400.00,1410,53
31986.57,100,64,45849,81920,303.50,400.00,1410,54
31991.63,100,67,45849,81920,310.77,400.00,1410,54
31996.68,100,57,45849,81920,320.71,400.00,1395,56
32001.74,100,49,45849,81920,408.71,400.00,1350,59
32006.79,97,66,45849,81920,357.53,400.00,1410,56
32011.84,95,49,45849,81920,391.96,400.00,1410,57
32016.89,94,50,45849,81920,366.97,400.00,1410,57
32021.95,100,50,45849,81920,372.45,400.00,1410,56
32027.03,97,61,45849,81920,351.50,400.00,1410,56
32032.11,100,55,45849,81920,272.35,400.00,1410,51
32037.17,100,56,45849,81920,261.42,400.00,1410,51
32042.22,100,58,45849,81920,273.87,400.00,1410,51
32047.27,100,60,45849,81920,267.78,400.00,1410,51
32052.32,100,62,45849,81920,377.16,400.00,1395,57
32057.38,100,49,45849,81920,443.19,400.00,1380,59
32062.44,97,65,45849,81920,360.61,400.00,1410,57
32067.49,95,48,45849,81920,383.63,400.00,1410,59
32072.55,100,51,45849,81920,361.86,400.00,1410,58
32077.6,97,78,45849,81920,317.72,400.00,1410,58
32082.66,100,51,45849,81920,261.75,400.00,1410,53
32087.71,100,57,45849,81920,283.86,400.00,1410,53
32092.76,100,59,45849,81920,282.31,400.00,1410,52
32097.81,100,59,45849,81920,280.48,400.00,1410,51
32102.9,100,55,45849,81920,358.22,400.00,1410,54
32107.96,100,50,45849,81920,374.56,400.00,1365,57
32113.02,100,50,45849,81920,342.81,400.00,1410,54
32118.07,100,51,45849,81920,314.36,400.00,1410,54
32123.13,100,52,45849,81920,351.27,400.00,1410,55
32128.18,100,64,45849,81920,340.95,400.00,1410,55
32133.24,94,47,45849,81920,373.92,400.00,1410,57
32138.3,100,54,45849,81920,273.26,400.00,1410,52
32143.36,100,56,45849,81920,269.90,400.00,1410,52
32148.42,100,58,45849,81920,270.55,400.00,1410,52
32153.48,100,59,45849,81920,270.55,400.00,1410,51
32158.54,100,53,45849,81920,377.88,400.00,1410,57
32163.6,100,36,45849,81920,386.35,400.00,1395,59
32168.65,97,66,45849,81920,358.45,400.00,1410,56
32173.71,100,51,45849,81920,373.05,400.00,1410,56
32178.77,100,51,45849,81920,354.91,400.00,1410,56
32183.82,94,47,45849,81920,247.23,400.00,1410,54
32188.89,100,50,45849,81920,261.80,400.00,1410,51
32193.95,100,57,45849,81920,272.66,400.00,1410,51
32199.0,100,61,45849,81920,290.50,400.00,1410,51
32204.07,55,36,45849,81920,89.07,400.00,1410,46
32209.13,100,66,45849,81920,305.93,400.00,1410,52
32214.19,100,54,45849,81920,342.48,400.00,1395,56
32219.25,100,45,45849,81920,393.57,400.00,1380,58
32224.31,100,64,45849,81920,380.66,400.00,1410,57
32229.43,100,51,45849,81920,371.38,400.00,1410,59
32234.57,100,51,45849,81920,336.87,400.00,1410,58
32239.63,100,49,45849,81920,114.89,400.00,1410,56
32244.69,100,50,45849,81920,266.31,400.00,1410,54
32249.75,100,57,45849,81920,283.51,400.00,1410,53
32254.81,100,60,45849,81920,287.48,400.00,1410,52
32259.88,100,62,45849,81920,294.42,400.00,1410,52
32264.94,100,66,45849,81920,306.24,400.00,1410,52
32270.0,100,49,45849,81920,377.08,400.00,1410,56
32275.06,100,45,45849,81920,380.19,400.00,1350,59
32280.12,100,51,45849,81920,372.47,400.00,1410,56
32285.18,100,51,45849,81920,286.54,400.00,1410,55
32290.24,100,51,45849,81920,351.41,400.00,1410,56
32295.3,98,66,45849,81920,352.14,400.00,1410,56
32300.36,100,51,45849,81920,259.51,400.00,1410,51
32305.42,100,57,45849,81920,284.96,400.00,1410,51
32310.48,100,62,45849,81920,288.91,400.00,1410,51
32315.54,100,63,45849,81920,290.20,400.00,1410,51
32320.6,46,30,45849,81920,87.93,400.00,1410,44
32325.66,100,49,45849,81920,364.26,400.00,1410,55
32330.73,100,45,45849,81920,393.09,400.00,1380,57
32335.78,100,51,45849,81920,325.02,400.00,1410,55
32340.83,100,57,45849,81920,325.62,400.00,1410,55
32345.9,100,49,45849,81920,363.06,400.00,1410,57
32350.97,100,51,45849,81920,351.27,400.00,1410,56
32356.03,100,51,45849,81920,263.81,400.00,1410,51
32361.1,100,57,45849,81920,272.62,400.00,1410,50
32366.16,100,61,45849,81920,290.47,400.00,1410,50
32371.22,100,65,45849,81920,299.64,400.00,1410,51
32376.28,0,0,45849,81920,86.99,400.00,1410,43
32381.37,100,57,45849,81920,373.05,400.00,1410,55
32386.44,100,37,45849,81920,338.08,400.00,1395,56
32391.55,100,51,45849,81920,364.03,400.00,1410,55
32396.61,100,49,45849,81920,368.81,400.00,1410,55
32401.7,100,51,45849,81920,336.13,400.00,1410,54
32406.76,100,63,45849,81920,362.24,400.00,1410,55
32411.81,100,50,45849,81920,261.75,400.00,1410,51
32416.87,83,47,45849,81920,271.74,400.00,1410,48
32421.95,100,62,45849,81920,294.14,400.00,1410,51
32427.0,100,65,45849,81920,301.68,400.00,1410,51
32432.06,100,68,45849,81920,312.34,400.00,1410,51
32437.12,100,61,45849,81920,381.58,400.00,1365,56
32442.18,100,49,45849,81920,405.40,400.00,1395,56
32447.24,97,72,45849,81920,352.23,400.00,1410,55
32452.3,100,51,45849,81920,358.00,400.00,1410,55
32457.36,97,66,45849,81920,331.11,400.00,1410,55
32462.42,100,51,45849,81920,327.98,400.00,1410,56
32467.48,100,49,45849,81920,261.09,400.00,1410,51
32472.54,100,55,45849,81920,269.90,400.00,1410,50
32477.6,100,58,45849,81920,274.03,400.00,1410,50
32482.65,100,61,45849,81920,287.48,400.00,1410,50
32487.72,100,63,45849,81920,290.82,400.00,1410,50
32492.78,100,51,45849,81920,352.93,400.00,1410,55
32497.84,100,45,45849,81920,375.22,400.00,1395,57
32502.9,100,51,45849,81920,323.16,400.00,1410,54
32507.96,97,75,45849,81920,430.15,400.00,1395,54
32513.01,100,51,45849,81920,323.76,400.00,1410,53
32518.07,100,51,45849,81920,365.93,400.00,1410,55
32523.14,100,51,45849,81920,260.55,400.00,1410,50
32528.2,100,57,45849,81920,272.58,400.00,1410,49
32533.25,100,60,45849,81920,278.09,400.00,1410,50
32538.31,100,62,45849,81920,282.31,400.00,1410,50
32543.37,100,49,45849,81920,350.95,400.00,1380,50
32548.43,100,55,45849,81920,361.64,400.00,1410,55
32553.49,92,46,45849,81920,376.33,400.00,1395,54
32558.55,100,50,45849,81920,335.99,400.00,1410,55
32563.61,97,79,45849,81920,304.49,400.00,1410,54
32568.67,100,51,45849,81920,361.51,400.00,1410,55
32573.73,100,51,45849,81920,347.19,400.00,1410,55
32578.79,100,53,45849,81920,261.96,400.00,1410,50
32583.9,100,58,45849,81920,272.70,400.00,1410,50
32588.96,100,62,45849,81920,283.70,400.00,1410,50
32594.02,100,59,45849,81920,275.24,400.00,1410,49
32599.08,100,49,45849,81920,366.37,400.00,1410,54
32604.15,100,45,45849,81920,394.41,400.00,1410,57
32609.21,100,51,45849,81920,372.08,400.00,1410,54
32614.27,100,50,45849,81920,376.04,400.00,1410,55
32619.33,100,61,45849,81920,450.61,400.00,1380,54
32624.39,100,50,45849,81920,352.00,400.00,1410,55
32629.45,100,50,45849,81920,260.23,400.00,1410,50
32634.51,100,57,45849,81920,269.63,400.00,1410,50
32639.57,100,60,45849,81920,278.07,400.00,1410,50
32644.63,100,63,45849,81920,289.90,400.00,1410,50
32649.69,0,0,45849,81920,86.56,400.00,1410,42
32654.75,100,50,45849,81920,318.38,400.00,1395,55
32659.8,100,45,45849,81920,92.15,400.00,1395,51
32664.9,100,62,45849,81920,308.98,400.00,1410,55
32669.96,95,48,45849,81920,378.87,400.00,1410,57
32675.02,100,51,45849,81920,329.52,400.00,1410,57
32680.11,100,51,45849,81920,329.52,400.00,1410,57
32685.2,100,53,45849,81920,267.46,400.00,1410,52
32690.26,100,56,45849,81920,278.99,400.00,1410,52
32695.32,100,61,45849,81920,282.31,400.00,1410,52
32700.38,100,62,45849,81920,291.42,400.00,1410,53
32705.44,100,49,45849,81920,349.52,400.00,1410,57
32710.49,100,44,45849,81920,392.30,400.00,1410,60
32715.55,97,72,45849,81920,357.07,400.00,1395,57
32720.61,100,51,45849,81920,369.79,400.00,1410,58
32725.66,100,50,45849,81920,353.67,400.00,1410,59
32730.72,70,34,45849,81920,329.25,400.00,1410,58
32735.77,74,38,45849,81920,94.78,400.00,1410,50
32740.87,100,55,45849,81920,272.01,400.00,1410,52
32745.96,100,58,45849,81920,280.21,400.00,1410,51
32751.02,100,60,45849,81920,281.73,400.00,1410,51
32756.08,100,59,45849,81920,275.97,400.00,1410,50
32761.14,100,57,45849,81920,359.74,400.00,1410,55
32766.19,99,45,45849,81920,373.32,400.00,1410,57
32771.24,98,62,45849,81920,352.20,400.00,1395,55
32776.3,100,51,45849,81920,338.24,400.00,1410,55
32781.35,100,51,45849,81920,350.35,400.00,1410,56
32786.41,100,50,45849,81920,384.51,400.00,1395,56
32791.46,100,51,45849,81920,261.15,400.00,1410,53
32796.52,100,56,45849,81920,277.22,400.00,1410,53
32801.57,100,59,45849,81920,281.09,400.00,1410,52
32806.63,100,64,45849,81920,297.14,400.00,1410,53
32811.68,100,49,45849,81920,332.54,400.00,1410,54
32816.74,99,54,45849,81920,333.41,400.00,1380,56
32821.79,100,49,45849,81920,426.08,400.00,1395,53
32826.85,94,47,45849,81920,374.83,400.00,1380,58
32831.9,100,51,45849,81920,314.36,400.00,1410,55
32836.95,97,79,45849,81920,359.74,400.00,1410,55
32842.01,95,48,45849,81920,371.53,400.00,1410,56
32847.06,100,54,45849,81920,268.70,400.00,1410,51
32852.12,100,60,45849,81920,286.85,400.00,1410,52
32857.17,100,60,45849,81920,283.54,400.00,1410,52
32862.23,100,59,45849,81920,277.18,400.00,1410,51
32867.29,100,50,45849,81920,369.40,400.00,1410,57
32872.34,99,44,45849,81920,390.85,400.00,1410,60
32877.4,100,51,45849,81920,331.37,400.00,1410,58
32882.45,94,47,45849,81920,373.70,400.00,1410,59
32887.51,100,51,45849,81920,350.84,400.00,1410,59
32892.56,100,66,45849,81920,365.77,400.00,1410,58
32897.62,100,49,45849,81920,260.55,400.00,1410,54
32902.68,100,55,45849,81920,270.27,400.00,1410,52
32907.74,100,59,45849,81920,283.86,400.00,1410,52
32912.8,100,58,45849,81920,273.26,400.00,1410,51
32917.86,72,42,45849,81920,88.14,400.00,1410,44
32922.97,100,51,45849,81920,366.10,400.00,1410,56
32928.03,100,44,45849,81920,468.98,400.00,1395,58
32933.09,100,53,45849,81920,278.70,400.00,1410,55
32938.15,94,47,45849,81920,363.65,400.00,1410,57
32943.2,100,52,45849,81920,323.15,400.00,1410,57
32948.26,100,50,45849,81920,382.98,400.00,1410,57
32953.32,100,52,45849,81920,263.27,400.00,1410,53
32958.37,100,56,45849,81920,272.06,400.00,1410,53
32963.43,100,59,45849,81920,280.21,400.00,1410,52
32968.49,100,59,45849,81920,279.34,400.00,1410,51
32973.54,100,56,45849,81920,360.34,400.00,1410,56
32978.61,100,37,45849,81920,398.64,400.00,1410,59
32983.66,98,71,45849,81920,342.20,400.00,1410,56
32988.72,94,47,45849,81920,369.68,400.00,1410,57
32993.78,100,51,45849,81920,349.15,400.00,1410,55
32998.85,97,69,45849,81920,276.57,400.00,1410,55
33003.9,100,51,45849,81920,362.58,400.00,1410,56
33008.96,100,55,45849,81920,264.12,400.00,1410,50
33014.02,100,59,45849,81920,270.55,400.00,1410,50
33019.08,100,62,45849,81920,285.35,400.00,1410,50
33024.14,100,64,45849,81920,291.12,400.00,1410,50
33029.2,100,54,45849,81920,355.88,400.00,1410,55
33034.26,100,44,45849,81920,386.15,400.00,1410,59
33039.32,94,47,45849,81920,369.34,400.00,1410,57
33044.38,100,51,45849,81920,369.58,400.00,1410,56
33049.44,100,64,45849,81920,359.52,400.00,1410,56
33054.55,100,56,45849,81920,351.04,400.00,1410,53
33059.64,100,52,45849,81920,263.22,400.00,1410,51
33064.71,100,57,45849,81920,267.73,400.00,1410,50
33069.77,100,56,45849,81920,252.34,400.00,1410,48
33074.87,100,57,45849,81920,253.86,400.00,1410,48
33080.0,100,58,45849,81920,388.35,400.00,1410,55
33085.08,100,49,45849,81920,394.71,400.00,1380,57
33090.14,97,78,45849,81920,306.89,400.00,1410,54
33095.2,94,47,45849,81920,354.99,400.00,1410,54
33100.26,100,51,45849,81920,312.10,400.00,1410,54
33105.32,100,51,45849,81920,320.42,400.00,1410,54
33110.38,100,51,45849,81920,263.97,400.00,1410,50
33115.5,100,55,45849,81920,272.09,400.00,1410,49
33120.56,100,60,45849,81920,288.37,400.00,1410,50
33125.63,100,63,45849,81920,293.50,400.00,1410,50
33130.69,0,0,45849,81920,86.28,400.00,1410,42
33135.75,100,54,45849,81920,372.74,400.00,1410,55
33140.81,100,36,45849,81920,381.98,400.00,1395,57
33145.89,97,78,45849,81920,327.90,400.00,1410,55
33151.0,100,52,45849,81920,330.62,400.00,1410,55
33156.08,100,51,45849,81920,290.20,400.00,1395,52
33161.14,100,51,45849,81920,318.65,400.00,1410,55
33166.27,50,33,45849,81920,247.16,400.00,1410,51
33171.33,100,56,45849,81920,270.18,400.00,1410,50
33176.41,100,60,45849,81920,283.86,400.00,1410,50
33181.47,100,61,45849,81920,280.22,400.00,1410,50
33186.53,100,64,45849,81920,291.12,400.00,1410,50
33191.58,100,49,45849,81920,320.77,400.00,1395,54
33196.65,100,44,45849,81920,383.30,400.00,1410,57
33201.71,100,51,45849,81920,342.10,400.00,1410,54
33206.77,94,48,45849,81920,374.22,400.00,1410,56
33211.83,100,51,45849,81920,356.49,400.00,1410,55
33216.89,97,65,45849,81920,346.64,400.00,1410,55
33221.95,100,51,45849,81920,259.30,400.00,1410,51
33227.01,100,55,45849,81920,269.58,400.00,1410,50
33232.14,100,58,45849,81920,271.74,400.00,1410,50
33237.2,100,58,45849,81920,273.22,400.00,1410,49
33242.26,100,61,45849,81920,382.58,400.00,1410,54
33247.32,100,49,45849,81920,299.90,400.00,1365,58
33252.37,100,48,45849,81920,391.58,400.00,1410,54
33257.43,100,49,45849,81920,356.52,400.00,1410,55
33262.49,100,51,45849,81920,302.33,400.00,1410,54
33267.55,100,49,45849,81920,373.02,400.00,1410,56
33272.61,100,51,45849,81920,326.88,400.00,1410,54
33277.67,100,53,45849,81920,267.41,400.00,1410,50
33282.73,100,59,45849,81920,282.60,400.00,1410,50
33287.79,100,62,45849,81920,290.17,400.00,1410,50
33292.85,100,64,45849,81920,291.99,400.00,1410,50
33297.91,100,49,45849,81920,357.07,400.00,1395,53
33302.97,100,50,45849,81920,319.31,400.00,1395,55
33308.03,97,70,45849,81920,331.81,400.00,1410,54
33313.09,100,51,45849,81920,351.00,400.00,1410,55
33318.15,97,78,45849,81920,366.97,400.00,1410,55
33323.2,100,51,45849,81920,358.00,400.00,1410,55
33328.27,100,51,45849,81920,347.08,400.00,1410,55
33333.32,100,53,45849,81920,267.19,400.00,1410,50
33338.38,100,57,45849,81920,272.01,400.00,1410,50
33343.44,100,61,45849,81920,282.04,400.00,1410,50
33348.53,100,62,45849,81920,283.54,400.00,1410,50
33353.59,100,54,45849,81920,357.44,400.00,1410,54
33358.66,100,44,45849,81920,374.95,400.00,1395,56
33363.71,94,46,45849,81920,354.39,400.00,1410,55
33368.77,100,50,45849,81920,351.72,400.00,1410,54
33373.83,100,49,45849,81920,295.62,400.00,1395,54
33378.89,100,51,45849,81920,303.52,400.00,1410,54
33383.95,100,48,45849,81920,380.19,400.00,1395,54
33389.01,84,46,45849,81920,169.56,400.00,1410,46
33394.07,100,58,45849,81920,277.47,400.00,1410,50
33399.13,100,61,45849,81920,282.57,400.00,1410,50
33404.24,100,62,45849,81920,286.55,400.00,1410,49
33409.29,100,54,45849,81920,367.67,400.00,1410,54
33414.35,100,45,45849,81920,457.09,400.00,1395,56
33419.4,100,62,45849,81920,355.28,400.00,1410,54
33424.46,100,48,45849,81920,355.55,400.00,1395,54
33429.51,100,50,45849,81920,331.97,400.00,1410,54
33434.57,100,51,45849,81920,356.48,400.00,1410,56
33439.62,71,41,45849,81920,258.37,400.00,1410,52
33444.68,100,56,45849,81920,268.43,400.00,1410,51
33449.73,100,58,45849,81920,275.94,400.00,1410,52
33454.79,100,59,45849,81920,265.39,400.00,1410,51
33459.84,13,8,45849,81920,90.86,400.00,1410,45
33464.92,100,49,45849,81920,380.86,400.00,1410,58
33469.97,100,36,45849,81920,479.83,400.00,1410,60
33475.03,97,64,45849,81920,351.04,400.00,1410,57
33480.09,97,78,45849,81920,321.95,400.00,1410,58
33485.14,100,51,45849,81920,381.51,400.00,1410,59
33490.2,100,51,45849,81920,364.79,400.00,1410,58
33495.25,100,53,45849,81920,273.54,400.00,1410,54
33500.3,100,59,45849,81920,293.54,400.00,1410,54
33505.35,100,62,45849,81920,298.65,400.00,1410,54
33510.41,100,64,45849,81920,298.34,400.00,1410,54
33515.47,100,55,45849,81920,366.69,400.00,1410,57
33520.53,100,42,45849,81920,477.44,400.00,1395,59
33525.58,97,74,45849,81920,331.89,400.00,1410,58
33530.64,100,59,45849,81920,282.02,400.00,1395,56
33535.69,100,51,45849,81920,359.05,400.00,1410,59
33540.75,97,74,45849,81920,334.34,400.00,1410,58
33545.8,100,51,45849,81920,386.15,400.00,1410,59
33550.85,100,54,45849,81920,270.55,400.00,1410,52
33555.91,100,59,45849,81920,286.29,400.00,1410,52
33560.96,100,64,45849,81920,304.09,400.00,1410,52
33566.02,100,68,45849,81920,312.57,400.00,1410,53
33571.07,100,49,45849,81920,373.65,400.00,1395,54
33576.13,100,44,45849,81920,383.63,400.00,1380,58
33581.21,100,52,45849,81920,332.22,400.00,1410,56
33586.26,100,49,45849,81920,358.49,400.00,1410,57
33591.32,100,51,45849,81920,332.89,400.00,1410,57
33596.37,94,46,45849,81920,424.85,400.00,1410,56
33601.43,100,59,45849,81920,376.75,400.00,1410,59
33606.53,100,54,45849,81920,269.91,400.00,1410,53
33611.61,100,60,45849,81920,289.30,400.00,1410,54
33616.67,100,61,45849,81920,289.87,400.00,1410,53
33621.73,100,64,45849,81920,298.93,400.00,1410,54
33626.8,100,54,45849,81920,360.01,400.00,1410,58
33631.86,100,44,45849,81920,385.02,400.00,1410,60
33636.92,100,49,45849,81920,310.45,400.00,1395,57
33641.97,100,51,45849,81920,343.40,400.00,1410,59
33647.03,100,51,45849,81920,346.72,400.00,1410,58
33652.09,100,49,45849,81920,379.40,400.00,1380,60
33657.15,100,51,45849,81920,333.41,400.00,1410,58
33662.2,100,56,45849,81920,271.74,400.00,1410,52
33667.26,100,59,45849,81920,284.17,400.00,1410,52
33672.31,100,61,45849,81920,279.61,400.00,1410,51
33677.37,100,61,45849,81920,282.02,400.00,1410,51
33682.43,100,55,45849,81920,377.49,400.00,1410,56
33687.49,100,36,45849,81920,402.78,400.00,1395,58
33692.55,100,66,45849,81920,317.72,400.00,1410,55
33697.64,100,51,45849,81920,364.85,400.00,1410,56
33702.7,100,51,45849,81920,334.66,400.00,1410,55
33707.76,97,78,45849,81920,366.59,400.00,1410,55
33712.81,100,51,45849,81920,258.37,400.00,1410,51
33717.87,100,56,45849,81920,273.54,400.00,1410,50
33722.93,100,57,45849,81920,271.42,400.00,1410,49
33727.99,100,55,45849,81920,251.93,400.00,1410,48
33733.05,100,48,45849,81920,368.05,400.00,1410,54
33738.11,100,36,45849,81920,378.47,400.00,1410,56
33743.17,100,51,45849,81920,319.25,400.00,1410,52
33748.23,100,51,45849,81920,319.58,400.00,1410,54
33753.28,99,62,45849,81920,381.26,400.00,1395,53
33758.35,100,51,45849,81920,348.72,400.00,1410,54
33763.4,98,79,45849,81920,321.43,400.00,1410,55
33768.46,100,55,45849,81920,271.73,400.00,1410,50
33773.52,100,59,45849,81920,277.14,400.00,1410,50
33778.58,100,62,45849,81920,282.91,400.00,1410,50
33783.64,100,62,45849,81920,280.13,400.00,1410,50
33788.7,100,54,45849,81920,353.75,400.00,1395,53
33793.76,100,42,45849,81920,335.83,400.00,1395,56
33798.82,94,47,45849,81920,374.09,400.00,1410,55
33803.88,100,51,45849,81920,303.51,400.00,1410,54
33808.95,100,50,45849,81920,355.65,400.00,1410,54
33814.0,97,66,45849,81920,352.00,400.00,1410,55
33819.06,100,51,45849,81920,260.76,400.00,1410,50
33824.12,100,57,45849,81920,279.88,400.00,1410,50
33829.18,100,61,45849,81920,292.60,400.00,1410,50
33834.24,100,66,45849,81920,306.24,400.00,1410,51
33839.3,100,69,45849,81920,311.74,400.00,1410,51
33844.36,100,49,45849,81920,360.23,400.00,1410,55
33849.42,100,45,45849,81920,391.16,400.00,1410,57
33854.48,100,49,45849,81920,395.61,400.00,1410,54
33859.54,100,51,45849,81920,360.11,400.00,1410,55
33864.6,97,71,45849,81920,359.52,400.00,1410,55
33869.66,100,51,45849,81920,340.19,400.00,1410,55
33874.71,100,51,45849,81920,258.97,400.00,1410,50
33879.77,100,58,45849,81920,280.19,400.00,1410,50
33884.84,100,59,45849,81920,277.47,400.00,1410,50
33889.89,100,62,45849,81920,291.69,400.00,1410,50
33894.95,0,0,45849,81920,86.99,400.00,1410,43
33900.02,100,54,45849,81920,371.32,400.00,1410,55
33905.08,62,31,45849,81920,271.39,400.00,1410,51
33910.14,100,50,45849,81920,327.38,400.00,1410,54
33915.2,100,50,45849,81920,328.06,400.00,1410,55
33920.26,95,48,45849,81920,378.15,400.00,1365,55
33925.36,100,51,45849,81920,356.48,400.00,1410,56
33930.42,100,53,45849,81920,268.84,400.00,1410,51
33935.48,100,58,45849,81920,282.20,400.00,1410,51
33940.54,100,60,45849,81920,285.33,400.00,1410,51
33945.6,100,63,45849,81920,292.62,400.00,1410,50
33950.66,100,55,45849,81920,368.74,400.00,1410,54
33955.72,100,36,45849,81920,383.79,400.00,1410,57
33960.78,100,51,45849,81920,328.65,400.00,1410,54
33965.85,100,51,45849,81920,361.69,400.00,1410,55
33970.91,100,51,45849,81920,330.77,400.00,1410,56
33975.97,94,47,45849,81920,363.76,400.00,1410,56
33981.07,100,51,45849,81920,322.62,400.00,1410,55
33986.13,8,4,45849,81920,265.06,400.00,1410,49
33991.19,100,59,45849,81920,281.37,400.00,1410,50
33996.25,100,61,45849,81920,282.91,400.00,1410,50
34001.31,100,63,45849,81920,286.85,400.00,1410,50
34006.38,100,58,45849,81920,360.91,400.00,1395,53
34011.45,100,50,45849,81920,291.12,400.00,1395,56
34016.51,100,51,45849,81920,354.63,400.00,1410,54
34021.57,97,69,45849,81920,399.32,400.00,1410,55
34026.63,100,51,45849,81920,369.58,400.00,1410,55
34031.68,100,52,45849,81920,348.23,400.00,1410,55
34036.74,94,64,45849,81920,292.89,400.00,1410,53
34041.81,100,55,45849,81920,270.83,400.00,1410,50
34046.87,100,57,45849,81920,268.05,400.00,1410,49
34051.93,100,54,45849,81920,248.70,400.00,1410,48
34056.99,100,58,45849,81920,256.58,400.00,1410,45
34062.04,100,55,45849,81920,372.84,400.00,1410,55
34067.1,100,37,45849,81920,373.92,400.00,1410,56
34072.16,99,50,45849,81920,315.33,400.00,1410,52
34077.21,100,51,45849,81920,345.91,400.00,1410,54
34082.27,97,48,45849,81920,259.24,400.00,1410,52
34087.33,100,51,45849,81920,322.29,400.00,1410,54
34092.39,59,30,45849,81920,88.23,400.00,1410,45
34097.44,100,57,45849,81920,275.94,400.00,1410,50
34102.5,100,61,45849,81920,287.75,400.00,1410,49
34107.55,100,65,45849,81920,291.39,400.00,1410,50
34112.61,100,65,45849,81920,299.28,400.00,1410,50
34117.66,100,49,45849,81920,368.27,400.00,1410,55
34122.72,100,37,45849,81920,384.90,400.00,1395,58
34127.77,100,51,45849,81920,357.40,400.00,1410,55
34132.83,100,49,45849,81920,289.60,400.00,1410,53
34137.9,100,51,45849,81920,358.27,400.00,1410,57
34142.95,100,50,45849,81920,358.49,400.00,1410,57
34148.0,100,51,45849,81920,265.39,400.00,1410,52
34153.06,100,58,45849,81920,275.35,400.00,1410,53
34158.11,100,62,45849,81920,296.86,400.00,1410,53
34163.16,100,66,45849,81920,306.24,400.00,1410,54
34168.22,100,68,45849,81920,311.70,400.00,1410,54
34173.27,100,55,45849,81920,358.27,400.00,1410,58
34178.32,100,45,45849,81920,347.96,400.00,1395,60
34183.38,100,50,45849,81920,361.64,400.00,1410,58
34188.43,100,50,45849,81920,311.09,400.00,1395,57
34193.48,100,50,45849,81920,342.84,400.00,1410,59
34198.54,100,51,45849,81920,344.92,400.00,1410,59
34203.59,100,51,45849,81920,266.91,400.00,1410,54
34208.65,100,57,45849,81920,279.63,400.00,1410,54
34213.7,100,60,45849,81920,289.30,400.00,1410,53
34218.76,100,62,45849,81920,289.90,400.00,1410,54
34223.81,100,49,45849,81920,353.99,400.00,1335,56
34228.86,100,49,45849,81920,360.61,400.00,1410,58
34233.92,11,11,45849,81920,96.62,400.00,1410,51
34238.98,100,51,45849,81920,325.28,400.00,1410,58
34244.04,95,46,45849,81920,365.77,400.00,1410,59
34249.09,100,51,45849,81920,367.89,400.00,1410,59
34254.15,97,79,45849,81920,373.65,400.00,1410,60
34259.2,100,52,45849,81920,272.35,400.00,1410,54
34264.26,100,58,45849,81920,283.23,400.00,1410,53
34269.31,100,59,45849,81920,284.43,400.00,1410,52
34274.38,100,62,45849,81920,291.39,400.00,1410,52
34279.43,100,49,45849,81920,363.11,400.00,1410,55
34284.48,100,60,45849,81920,333.16,400.00,1395,56
34289.53,100,45,45849,81920,473.54,400.00,1365,58
34294.59,100,51,45849,81920,339.49,400.00,1410,55
34299.64,100,50,45849,81920,336.13,400.00,1410,55
34304.7,95,48,45849,81920,369.68,400.00,1410,56
34309.75,95,46,45849,81920,369.68,400.00,1410,56
34314.81,100,49,45849,81920,288.05,400.00,1410,52
34319.87,100,54,45849,81920,268.43,400.00,1410,51
34324.92,100,60,45849,81920,285.06,400.00,1410,51
34329.98,100,61,45849,81920,290.17,400.00,1410,52
34335.04,100,63,45849,81920,291.69,400.00,1410,52
34340.09,100,63,45849,81920,375.22,400.00,1410,55
34345.15,100,44,45849,81920,417.78,400.00,1380,59
34350.21,97,64,45849,81920,308.98,400.00,1395,55
34355.26,95,47,45849,81920,383.63,400.00,1410,57
34360.32,100,49,45849,81920,358.49,400.00,1410,56
34365.38,100,50,45849,81920,361.86,400.00,1410,56
34370.46,100,51,45849,81920,263.86,400.00,1410,51
34375.51,100,55,45849,81920,269.30,400.00,1410,50
34380.57,100,58,45849,81920,280.19,400.00,1410,50
34385.63,100,60,45849,81920,278.08,400.00,1410,50
34390.69,0,0,45849,81920,365.32,400.00,1410,50
34395.74,100,56,45849,81920,366.87,400.00,1335,56
34400.8,86,42,45849,81920,368.54,400.00,1410,55
34405.87,100,51,45849,81920,326.24,400.00,1410,55
34410.93,100,50,45849,81920,369.19,400.00,1410,55
34415.99,100,59,45849,81920,381.46,400.00,1410,56
34421.05,98,73,45849,81920,293.54,400.00,1410,54
34426.1,100,55,45849,81920,272.87,400.00,1410,50
34431.16,100,58,45849,81920,272.37,400.00,1410,49
34436.23,100,60,45849,81920,274.55,400.00,1410,49
34441.28,100,62,45849,81920,271.81,400.00,1410,49
34446.34,100,61,45849,81920,363.71,400.00,1410,55
34451.41,100,49,45849,81920,404.81,400.00,1380,57
34456.46,100,53,45849,81920,325.96,400.00,1410,54
34461.51,100,48,45849,81920,265.33,400.00,1410,53
34466.57,100,51,45849,81920,306.93,400.00,1410,54
34471.63,100,59,45849,81920,383.93,400.00,1410,56
34476.69,100,52,45849,81920,261.64,400.00,1410,50
34481.75,100,57,45849,81920,264.39,400.00,1410,50
34486.81,100,59,45849,81920,279.13,400.00,1410,50
34491.87,100,62,45849,81920,278.20,400.00,1410,50
34496.93,12,7,45849,81920,371.15,400.00,1410,50
34501.99,100,49,45849,81920,340.83,400.00,1410,55
34507.07,100,49,45849,81920,369.63,400.00,1410,55
34512.13,100,51,45849,81920,362.68,400.00,1410,55
34517.19,97,78,45849,81920,323.21,400.00,1410,55
34522.24,99,66,45849,81920,363.93,400.00,1410,55
34527.3,94,48,45849,81920,363.33,400.00,1410,55
34532.36,100,54,45849,81920,270.66,400.00,1410,50
34537.42,100,59,45849,81920,281.23,400.00,1410,50
34542.48,100,63,45849,81920,295.65,400.00,1410,50
34547.54,100,67,45849,81920,306.02,400.00,1410,51
34552.6,100,55,45849,81920,365.43,400.00,1410,54
34557.67,100,45,45849,81920,408.30,400.00,1320,57
34562.72,100,51,45849,81920,339.43,400.00,1410,55
34567.78,97,79,45849,81920,325.36,400.00,1410,55
34572.84,93,46,45849,81920,363.86,400.00,1410,56
34577.9,100,51,45849,81920,368.21,400.00,1410,55
34582.96,99,66,45849,81920,330.53,400.00,1410,55
34588.02,100,52,45849,81920,266.98,400.00,1410,50
34593.07,100,57,45849,81920,276.10,400.00,1410,50
34598.13,100,59,45849,81920,277.91,400.00,1410,49
34603.19,100,62,45849,81920,290.73,400.00,1410,50
34608.25,100,48,45849,81920,367.90,400.00,1410,54
34613.3,100,36,45849,81920,311.23,400.00,1395,55
34618.36,100,50,45849,81920,330.71,400.00,1410,54
34623.42,100,57,45849,81920,333.00,400.00,1410,53
34628.48,100,51,45849,81920,312.16,400.00,1410,54
34633.54,100,51,45849,81920,332.32,400.00,1410,53
34638.6,100,51,45849,81920,352.05,400.00,1410,54
34643.66,100,51,45849,81920,336.95,400.00,1410,54
34648.72,100,56,45849,81920,269.91,400.00,1410,50
34653.77,27,16,45849,81920,282.00,400.00,1410,48
34658.83,100,64,45849,81920,294.42,400.00,1410,50
34663.89,100,64,45849,81920,295.33,400.00,1410,50
34668.95,100,61,45849,81920,380.71,400.00,1410,54
34674.0,100,47,45849,81920,406.63,400.00,1380,57
34679.06,97,66,45849,81920,352.57,400.00,1410,54
34684.12,94,48,45849,81920,369.58,400.00,1410,55
34689.18,100,51,45849,81920,324.42,400.00,1410,55
34694.23,100,50,45849,81920,328.76,400.00,1410,55
34699.3,99,48,45849,81920,259.77,400.00,1410,51
34704.35,100,56,45849,81920,275.73,400.00,1410,50
34709.41,49,29,45849,81920,274.55,400.00,1410,48
34714.46,100,60,45849,81920,275.72,400.00,1410,49
34719.52,100,60,45849,81920,272.59,400.00,1410,49
34724.58,100,55,45849,81920,373.62,400.00,1410,56
34729.69,100,49,45849,81920,410.57,400.00,1380,57
34734.74,100,49,45849,81920,396.23,400.00,1380,54
34739.83,100,51,45849,81920,355.69,400.00,1410,55
34744.89,97,77,45849,81920,337.12,400.00,1410,54
34749.95,100,50,45849,81920,383.71,400.00,1410,56
34755.0,100,52,45849,81920,260.23,400.00,1410,50
34760.06,100,57,45849,81920,267.78,400.00,1410,49
34765.13,100,60,45849,81920,278.99,400.00,1410,49
34770.19,100,63,45849,81920,291.99,400.00,1410,50
34775.28,100,59,45849,81920,363.76,400.00,1410,54
34780.34,100,37,45849,81920,407.29,400.00,1335,57
34785.4,100,51,45849,81920,379.19,400.00,1410,56
34790.45,100,51,45849,81920,301.08,400.00,1410,55
34795.51,97,74,45849,81920,318.98,400.00,1410,56
34800.91,94,47,45849,81920,370.33,400.00,1410,57
34805.96,100,51,45849,81920,348.33,400.00,1410,57
34811.03,100,54,45849,81920,271.70,400.00,1410,52
34816.11,100,60,45849,81920,288.70,400.00,1410,53
34821.19,100,64,45849,81920,305.01,400.00,1410,53
34826.29,100,65,45849,81920,305.33,400.00,1410,54
34831.35,100,49,45849,81920,362.51,400.00,1410,57
34836.4,100,38,45849,81920,373.32,400.00,1410,60
34841.46,100,51,45849,81920,370.71,400.00,1410,59
34846.51,100,51,45849,81920,361.31,400.00,1410,58
34851.57,94,47,45849,81920,370.07,400.00,1410,59
34856.62,100,50,45849,81920,378.15,400.00,1410,59
34861.67,95,47,45849,81920,374.83,400.00,1410,60
34866.73,100,54,45849,81920,275.98,400.00,1410,54
34871.78,90,53,45849,81920,284.43,400.00,1410,52
34876.84,100,64,45849,81920,305.33,400.00,1410,54
34881.89,100,66,45849,81920,310.77,400.00,1410,55
34886.94,100,55,45849,81920,364.85,400.00,1410,56
34892.0,100,59,45849,81920,384.63,400.00,1410,59
34897.05,77,38,45849,81920,370.39,400.00,1410,56
34902.11,100,51,45849,81920,348.33,400.00,1410,57
34907.16,94,48,45849,81920,367.07,400.00,1410,57
34912.22,100,50,45849,81920,329.25,400.00,1410,57
34917.27,100,49,45849,81920,328.32,400.00,1410,56
34922.32,100,53,45849,81920,268.98,400.00,1410,51
34927.38,100,58,45849,81920,282.31,400.00,1410,51
34932.43,100,61,45849,81920,282.34,400.00,1410,51
34937.49,0,0,45849,81920,87.81,400.00,1410,45
34942.55,100,55,45849,81920,368.81,400.00,1410,54
34947.6,100,56,45849,81920,390.26,400.00,1410,57
34952.67,97,78,45849,81920,363.38,400.00,1410,55
34957.73,94,47,45849,81920,371.80,400.00,1410,57
34962.79,100,50,45849,81920,355.51,400.00,1410,56
34967.85,100,50,45849,81920,363.76,400.00,1410,58
34972.9,100,50,45849,81920,330.44,400.00,1410,58
34977.96,100,55,45849,81920,271.74,400.00,1410,52
34983.01,100,58,45849,81920,279.92,400.00,1410,51
34988.07,40,25,45849,81920,89.07,400.00,1410,48
34993.13,100,65,45849,81920,295.35,400.00,1410,51
34998.18,100,63,45849,81920,386.62,400.00,1410,56
35003.24,100,49,45849,81920,412.35,400.00,1305,58
35008.29,100,49,45849,81920,337.65,400.00,1395,54
35013.36,100,51,45849,81920,360.34,400.00,1410,56
35018.42,100,50,45849,81920,340.95,400.00,1410,55
35023.48,100,50,45849,81920,325.34,400.00,1395,54
35028.53,48,24,45849,81920,257.44,400.00,1410,49
35033.59,100,57,45849,81920,274.75,400.00,1410,50
35038.65,100,60,45849,81920,286.54,400.00,1410,50
35043.71,100,61,45849,81920,288.38,400.00,1410,50
35048.77,100,64,45849,81920,288.37,400.00,1410,50
35053.83,100,56,45849,81920,357.59,400.00,1365,55
35058.89,100,45,45849,81920,396.02,400.00,1365,58
35063.95,100,56,45849,81920,322.83,400.00,1410,55
35069.02,100,51,45849,81920,304.20,400.00,1410,56
35074.09,97,79,45849,81920,312.02,400.00,1410,56
35079.15,94,47,45849,81920,370.83,400.00,1410,57
35084.21,100,50,45849,81920,255.91,400.00,1410,51
35089.27,100,55,45849,81920,259.44,400.00,1410,50
35094.32,100,57,45849,81920,264.36,400.00,1410,49
35099.38,100,58,45849,81920,262.92,400.00,1410,49
35104.44,100,48,45849,81920,363.33,400.00,1410,54
35109.5,100,36,45849,81920,398.99,400.00,1410,57
35114.56,100,52,45849,81920,327.43,400.00,1410,54
35119.61,100,51,45849,81920,343.51,400.00,1410,54
35124.67,95,47,45849,81920,373.67,400.00,1410,55
35129.73,100,51,45849,81920,335.41,400.00,1410,54
35134.79,100,48,45849,81920,280.37,400.00,1410,54
35139.84,100,54,45849,81920,270.93,400.00,1410,50
35144.9,100,58,45849,81920,269.89,400.00,1410,49
35149.96,100,61,45849,81920,285.33,400.00,1410,50
35155.06,100,62,45849,81920,287.42,400.00,1410,50
35160.11,100,49,45849,81920,327.17,400.00,1395,53
35165.17,100,39,45849,81920,351.36,400.00,1410,56
35170.23,100,51,45849,81920,371.60,400.00,1410,54
35175.29,97,75,45849,81920,292.60,400.00,1410,53
35180.34,94,48,45849,81920,353.30,400.00,1410,54
35185.4,100,51,45849,81920,319.10,400.00,1410,54
35190.46,100,49,45849,81920,256.51,400.00,1410,50
35195.52,100,54,45849,81920,266.60,400.00,1410,49
35200.57,100,59,45849,81920,272.37,400.00,1410,49
35205.62,100,61,45849,81920,280.95,400.00,1410,49
35210.69,100,61,45849,81920,279.13,400.00,1410,49
35215.74,100,55,45849,81920,304.53,400.00,1395,54
35220.81,100,49,45849,81920,420.55,400.00,1335,58
35225.87,94,47,45849,81920,361.51,400.00,1410,55
35230.93,100,51,45849,81920,344.24,400.00,1410,55
35235.98,100,53,45849,81920,344.33,400.00,1410,53
35241.04,100,51,45849,81920,374.88,400.00,1410,55
35246.1,100,51,45849,81920,260.44,400.00,1410,50
35251.16,100,56,45849,81920,266.27,400.00,1410,49
35256.22,100,56,45849,81920,258.71,400.00,1410,48
35261.28,100,58,45849,81920,266.98,400.00,1410,48
35266.33,100,50,45849,81920,370.05,400.00,1410,53
35271.42,100,37,45849,81920,364.49,400.00,1395,56
35276.49,100,58,45849,81920,389.15,400.00,1395,54
35281.55,94,46,45849,81920,305.11,400.00,1395,52
35286.62,100,50,45849,81920,301.17,400.00,1410,54
35291.68,100,51,45849,81920,318.23,400.00,1410,53
35296.78,58,37,45849,81920,247.76,400.00,1410,50
35301.88,100,55,45849,81920,275.27,400.00,1410,50
35306.94,100,60,45849,81920,282.62,400.00,1410,50
35312.0,100,61,45849,81920,282.45,400.00,1410,50
35317.06,100,65,45849,81920,293.51,400.00,1410,50
35322.15,100,55,45849,81920,364.49,400.00,1410,55
35327.26,100,42,45849,81920,375.79,400.00,1395,57
35332.36,100,56,45849,81920,327.48,400.00,1410,54
35337.42,94,47,45849,81920,358.04,400.00,1410,55
35342.48,100,51,45849,81920,357.59,400.00,1410,55
35347.54,100,57,45849,81920,353.78,400.00,1395,55
35352.6,100,51,45849,81920,263.19,400.00,1410,50
35357.66,100,57,45849,81920,283.75,400.00,1410,50
35362.72,100,62,45849,81920,286.77,400.00,1410,50
35367.78,100,62,45849,81920,283.79,400.00,1410,50
35372.84,0,0,45849,81920,86.31,400.00,1410,42
35377.9,100,55,45849,81920,367.37,400.00,1410,55
35382.95,100,37,45849,81920,91.10,400.00,1410,50
35388.02,100,51,45849,81920,360.58,400.00,1410,54
35393.07,100,50,45849,81920,368.27,400.00,1410,55
35398.13,100,51,45849,81920,323.16,400.00,1410,55
35403.18,97,62,45849,81920,358.64,400.00,1410,55
35408.24,100,53,45849,81920,123.41,400.00,1410,47
35413.29,100,58,45849,81920,275.02,400.00,1410,50
35418.34,100,58,45849,81920,268.71,400.00,1410,49
35423.4,100,59,45849,81920,272.30,400.00,1410,48
35428.45,100,49,45849,81920,369.79,400.00,1410,54
35433.51,100,49,45849,81920,373.70,400.00,1395,56
35438.56,100,54,45849,81920,344.95,400.00,1410,54
35443.62,100,51,45849,81920,347.67,400.00,1410,53
35448.7,100,50,45849,81920,319.52,400.00,1410,54
35453.75,95,47,45849,81920,368.81,400.00,1410,55
35458.81,100,51,45849,81920,320.44,400.00,1410,54
35463.86,100,54,45849,81920,266.31,400.00,1410,49
35468.92,100,60,45849,81920,279.30,400.00,1410,49
35473.97,100,64,45849,81920,294.14,400.00,1410,50
35479.02,100,65,45849,81920,290.50,400.00,1410,50
35484.08,100,55,45849,81920,366.75,400.00,1410,54
35489.13,100,45,45849,81920,392.37,400.00,1335,57
35494.18,100,51,45849,81920,321.37,400.00,1410,54
35499.24,97,77,45849,81920,370.93,400.00,1410,55
35504.29,100,52,45849,81920,301.69,400.00,1410,56
35509.34,100,59,45849,81920,369.40,400.00,1410,58
35514.39,97,69,45849,81920,363.06,400.00,1410,57
35519.44,100,55,45849,81920,274.14,400.00,1410,52
35524.5,100,60,45849,81920,288.35,400.00,1410,53
35529.55,100,65,45849,81920,302.61,400.00,1410,53
35534.61,100,68,45849,81920,314.14,400.00,1410,54
35539.66,100,50,45849,81920,471.48,400.00,1395,57
35544.71,100,37,45849,81920,370.71,400.00,1410,60
35549.77,100,51,45849,81920,355.28,400.00,1410,58
35554.86,100,51,45849,81920,352.83,400.00,1410,58
35559.91,100,49,45849,81920,335.86,400.00,1410,58
35564.96,100,51,45849,81920,374.83,400.00,1410,60
35570.04,100,51,45849,81920,360.01,400.00,1410,59
35575.09,100,55,45849,81920,275.06,400.00,1410,54
35580.15,100,55,45849,81920,261.14,400.00,1410,52
35585.2,100,58,45849,81920,265.94,400.00,1410,52
35590.26,43,26,45849,81920,90.63,400.00,1410,47
35595.32,100,55,45849,81920,379.67,400.00,1410,59
35600.38,100,44,45849,81920,407.46,400.00,1350,57
35605.44,100,59,45849,81920,374.83,400.00,1410,58
35610.5,100,49,45849,81920,360.61,400.00,1410,56
35615.55,97,78,45849,81920,330.70,400.00,1410,56
35620.61,95,47,45849,81920,368.81,400.00,1410,57
35625.66,100,53,45849,81920,262.67,400.00,1410,50
35630.72,100,58,45849,81920,278.98,400.00,1410,50
35635.78,100,61,45849,81920,285.96,400.00,1410,50
35640.84,100,62,45849,81920,286.89,400.00,1410,50
35645.9,100,54,45849,81920,354.63,400.00,1410,55
35650.94,100,39,45849,81920,284.42,400.00,1395,56
35656.0,100,51,45849,81920,327.47,400.00,1410,53
35661.06,100,59,45849,81920,352.00,400.00,1410,55
35666.12,95,47,45849,81920,369.58,400.00,1410,55
35671.18,100,51,45849,81920,346.24,400.00,1410,55
35676.23,100,49,45849,81920,254.12,400.00,1410,51
35681.29,100,56,45849,81920,267.73,400.00,1410,50
35686.35,100,60,45849,81920,279.88,400.00,1410,50
35691.41,100,63,45849,81920,285.89,400.00,1410,50
35696.46,100,65,45849,81920,290.77,400.00,1410,50
35701.52,100,55,45849,81920,362.43,400.00,1410,55
35706.58,100,46,45849,81920,336.65,400.00,1395,57
35711.64,100,51,45849,81920,372.89,400.00,1410,54
35716.7,100,51,45849,81920,338.35,400.00,1410,54
35721.76,100,50,45849,81920,372.57,400.00,1410,56
35726.82,100,51,45849,81920,355.63,400.00,1410,55
35731.88,100,52,45849,81920,263.19,400.00,1410,50
35736.94,100,55,45849,81920,266.27,400.00,1410,49
35742.0,100,58,45849,81920,273.30,400.00,1410,49
35747.08,1,0,45849,81920,175.26,400.00,1410,46
35752.14,100,52,45849,81920,377.36,400.00,1410,54
35757.2,100,40,45849,81920,382.19,400.00,1395,56
35762.25,97,77,45849,81920,351.63,400.00,1410,54
35767.32,94,46,45849,81920,379.84,400.00,1410,56
35772.38,100,51,45849,81920,320.51,400.00,1410,55
35777.44,97,62,45849,81920,340.83,400.00,1410,54
35782.49,94,48,45849,81920,366.52,400.00,1410,53
35787.55,100,54,45849,81920,268.08,400.00,1410,50
35792.61,100,58,45849,81920,273.30,400.00,1410,50
35797.66,100,61,45849,81920,279.74,400.00,1410,49
35802.72,100,61,45849,81920,275.72,400.00,1410,49
35807.78,100,61,45849,81920,392.77,400.00,1410,54
35812.83,100,49,45849,81920,409.73,400.00,1380,56
35817.89,97,77,45849,81920,328.44,400.00,1410,54
35822.95,100,50,45849,81920,359.34,400.00,1410,54
35828.01,100,50,45849,81920,340.04,400.00,1410,54
35833.14,97,73,45849,81920,371.26,400.00,1410,55
35838.25,100,49,45849,81920,247.56,400.00,1410,51
35843.37,100,54,45849,81920,265.00,400.00,1410,50
35848.43,100,59,45849,81920,275.29,400.00,1410,49
35853.5,100,63,45849,81920,285.63,400.00,1410,50
35858.56,100,64,45849,81920,293.20,400.00,1410,50
35863.63,100,55,45849,81920,355.55,400.00,1410,55
35868.68,100,48,45849,81920,356.89,400.00,1395,57
35873.74,100,51,45849,81920,344.11,400.00,1410,55
35878.79,97,66,45849,81920,354.53,400.00,1410,54
35883.85,100,51,45849,81920,376.33,400.00,1410,55
35888.91,100,51,45849,81920,363.62,400.00,1410,55
35893.97,100,51,45849,81920,262.85,400.00,1410,50
35899.03,100,58,45849,81920,272.98,400.00,1410,50
35904.09,100,62,45849,81920,288.30,400.00,1410,50
35909.14,8,5,45849,81920,87.24,400.00,1410,44
35914.2,51,34,45849,81920,88.20,400.00,1410,44
35919.26,100,55,45849,81920,384.70,400.00,1395,55
35924.32,100,45,45849,81920,406.25,400.00,1410,58
35929.37,100,51,45849,81920,353.33,400.00,1410,55
35934.43,100,51,45849,81920,362.06,400.00,1410,55
35939.49,100,50,45849,81920,304.80,400.00,1365,55
35944.55,100,52,45849,81920,377.09,400.00,1410,55
35949.64,100,51,45849,81920,256.52,400.00,1410,50
35954.7,100,58,45849,81920,276.23,400.00,1410,50
35959.79,100,62,45849,81920,291.12,400.00,1410,50
35964.87,100,64,45849,81920,291.10,400.00,1410,50
35969.95,0,0,45849,81920,86.37,400.00,1410,43
35975.01,100,50,45849,81920,341.05,400.00,1410,55
35980.07,100,37,45849,81920,393.30,400.00,1410,58
35985.13,94,47,45849,81920,378.72,400.00,1410,55
35990.19,100,51,45849,81920,370.34,400.00,1410,55
35995.24,100,50,45849,81920,206.47,400.00,1395,53
36000.3,100,51,45849,81920,326.55,400.00,1410,55
36005.36,100,52,45849,81920,265.01,400.00,1410,50
36010.42,100,57,45849,81920,279.85,400.00,1410,50
36015.48,14,8,45849,81920,282.64,400.00,1410,49
36020.54,100,61,45849,81920,292.59,400.00,1410,50
36025.62,84,41,45849,81920,357.67,400.00,1395,51
36030.67,100,49,45849,81920,361.91,400.00,1410,55
36035.74,100,37,45849,81920,393.70,400.00,1410,57
36040.79,100,51,45849,81920,357.40,400.00,1410,55
36045.85,97,77,45849,81920,338.32,400.00,1410,55
36050.9,100,51,45849,81920,109.46,400.00,1410,51
36055.96,97,70,45849,81920,374.95,400.00,1410,54
36061.02,100,50,45849,81920,259.89,400.00,1410,50
36066.07,100,57,45849,81920,283.83,400.00,1410,50
36071.13,100,57,45849,81920,260.82,400.00,1410,49
36076.18,100,56,45849,81920,251.74,400.00,1410,49
36081.24,100,48,45849,81920,362.46,400.00,1410,54
36086.29,100,45,45849,81920,301.68,400.00,1410,58
36091.34,100,59,45849,81920,384.23,400.00,1410,57
36096.41,100,52,45849,81920,347.99,400.00,1410,56
36101.46,95,47,45849,81920,374.30,400.00,1410,58
36106.51,100,51,45849,81920,349.79,400.00,1410,57
36111.56,100,48,45849,81920,98.52,400.00,1410,54
36116.62,100,54,45849,81920,274.46,400.00,1410,53
36121.68,100,59,45849,81920,288.67,400.00,1410,53
36126.73,100,64,45849,81920,297.45,400.00,1410,54
36131.8,100,68,45849,81920,310.50,400.00,1410,54
36136.89,100,57,45849,81920,305.05,400.00,1395,57
36141.94,100,49,45849,81920,395.09,400.00,1380,60
36147.07,93,46,45849,81920,296.26,400.00,1410,56
36152.12,94,47,45849,81920,372.12,400.00,1410,59
36157.17,94,55,45849,81920,398.40,400.00,1410,60
36162.24,94,47,45849,81920,373.05,400.00,1410,60
36167.3,100,51,45849,81920,263.22,400.00,1410,54
36172.36,100,55,45849,81920,276.86,400.00,1410,53
36177.41,100,59,45849,81920,285.36,400.00,1410,53
36182.49,100,64,45849,81920,298.07,400.00,1410,54
36187.58,100,54,45849,81920,361.54,400.00,1410,57
36192.67,100,50,45849,81920,374.45,400.00,1395,59
36197.74,88,43,45849,81920,349.98,400.00,1410,56
36202.8,94,48,45849,81920,382.31,400.00,1410,59
36207.86,100,59,45849,81920,386.82,400.00,1410,59
36212.92,98,78,45849,81920,345.49,400.00,1410,58
36217.98,95,47,45849,81920,376.89,400.00,1410,58
36223.04,100,52,45849,81920,262.07,400.00,1410,52
36228.1,100,55,45849,81920,263.27,400.00,1410,50
36233.16,100,57,45849,81920,258.76,400.00,1410,50
36238.21,41,21,45849,81920,88.32,400.00,1410,44
36243.27,100,55,45849,81920,333.07,400.00,1365,55
36248.33,99,42,45849,81920,388.06,400.00,1395,58
36253.38,100,51,45849,81920,302.90,400.00,1410,54
36258.44,100,50,45849,81920,357.77,400.00,1410,55
36263.5,100,50,45849,81920,369.79,400.00,1395,57
36268.57,100,51,45849,81920,318.60,400.00,1410,55
36273.63,100,50,45849,81920,261.64,400.00,1410,50
36278.69,100,58,45849,81920,283.99,400.00,1410,50
36283.75,90,55,45849,81920,284.02,400.00,1410,49
36288.81,100,64,45849,81920,292.60,400.00,1410,50
36293.87,81,40,45849,81920,314.59,400.00,1395,52
36299.0,100,61,45849,81920,354.95,400.00,1395,55
36304.06,56,28,45849,81920,369.03,400.00,1410,54
36309.12,100,51,45849,81920,348.92,400.00,1410,55
36314.18,97,77,45849,81920,318.92,400.00,1410,55
36319.24,100,51,45849,81920,374.83,400.00,1410,56
36324.36,100,51,45849,81920,347.08,400.00,1410,55
36329.42,100,53,45849,81920,266.26,400.00,1410,50
36334.48,23,13,45849,81920,271.16,400.00,1410,48
36339.54,100,59,45849,81920,278.55,400.00,1410,50
36344.6,100,61,45849,81920,281.27,400.00,1410,50
36349.66,100,53,45849,81920,359.62,400.00,1410,55
36354.72,100,36,45849,81920,399.52,400.00,1410,57
36359.78,100,50,45849,81920,309.00,400.00,1410,54
36364.85,94,47,45849,81920,342.35,400.00,1410,56
36369.91,100,50,45849,81920,314.31,400.00,1410,55
36374.97,100,49,45849,81920,248.35,400.00,1410,53
36380.06,53,36,45849,81920,249.54,400.00,1410,51
36385.13,100,56,45849,81920,88.50,400.00,1410,45
36390.19,100,62,45849,81920,292.03,400.00,1410,51
36395.25,100,65,45849,81920,297.49,400.00,1410,51
36400.31,100,68,45849,81920,307.81,400.00,1410,51
36405.37,100,48,45849,81920,359.52,400.00,1410,55
36410.44,100,42,45849,81920,381.51,400.00,1410,57
36415.5,100,50,45849,81920,334.45,400.00,1410,55
36420.56,100,51,45849,81920,351.17,400.00,1410,55
36425.7,94,47,45849,81920,362.29,400.00,1410,56
36430.76,100,50,45849,81920,341.39,400.00,1410,56
36435.83,100,49,45849,81920,263.81,400.00,1410,51
36440.88,100,54,45849,81920,267.19,400.00,1410,50
36445.95,100,55,45849,81920,259.03,400.00,1410,49
36451.01,100,59,45849,81920,268.33,400.00,1410,49
36456.07,100,49,45849,81920,362.24,400.00,1395,51
36461.13,100,49,45849,81920,344.44,400.00,1395,54
36466.2,26,18,45849,81920,383.71,400.00,1335,56
36471.32,100,51,45849,81920,322.69,400.00,1410,54
36476.38,100,51,45849,81920,318.60,400.00,1410,54
36481.44,97,66,45849,81920,261.84,400.00,1410,54
36486.51,100,51,45849,81920,347.67,400.00,1410,55
36491.57,100,53,45849,81920,267.73,400.00,1410,50
36496.63,100,57,45849,81920,274.73,400.00,1410,50
36501.69,100,57,45849,81920,255.25,400.00,1410,48
36506.75,100,54,45849,81920,238.22,400.00,1410,47
36511.82,100,49,45849,81920,433.41,400.00,1410,55
36516.88,100,37,45849,81920,355.12,400.00,1395,56
36521.94,100,54,45849,81920,314.73,400.00,1410,54
36527.0,100,54,45849,81920,261.36,400.00,1335,52
36532.1,100,50,45849,81920,302.62,400.00,1410,54
36537.16,98,75,45849,81920,360.49,400.00,1410,55
36542.23,100,51,45849,81920,261.30,400.00,1410,50
36547.32,100,56,45849,81920,265.61,400.00,1410,49
36552.38,67,38,45849,81920,89.28,400.00,1410,45
36557.45,100,58,45849,81920,270.41,400.00,1410,49
36562.51,100,51,45849,81920,332.93,400.00,1410,53
36567.57,100,45,45849,81920,347.32,400.00,1410,57
36572.64,100,51,45849,81920,295.65,400.00,1410,53
36577.7,100,50,45849,81920,333.08,400.00,1410,55
36582.76,100,50,45849,81920,300.83,400.00,1410,53
36587.82,100,49,45849,81920,368.98,400.00,1410,56
36592.9,100,51,45849,81920,359.52,400.00,1410,55
36597.96,100,55,45849,81920,271.42,400.00,1410,50
36603.02,100,60,45849,81920,282.61,400.00,1410,50
36608.08,100,63,45849,81920,288.98,400.00,1410,50
36613.14,100,62,45849,81920,282.64,400.00,1410,50
36618.19,100,55,45849,81920,362.24,400.00,1410,55
36623.25,100,44,45849,81920,406.10,400.00,1410,57
36628.32,97,78,45849,81920,317.13,400.00,1410,55
36633.37,100,51,45849,81920,365.88,400.00,1410,56
36638.43,100,51,45849,81920,347.67,400.00,1410,55
36643.49,100,59,45849,81920,360.72,400.00,1410,55
36648.56,100,51,45849,81920,350.35,400.00,1410,55
36653.61,100,54,45849,81920,260.28,400.00,1410,50
36658.67,100,55,45849,81920,260.55,400.00,1410,50
36663.73,100,58,45849,81920,262.94,400.00,1410,50
36668.79,0,0,45849,81920,87.12,400.00,1410,49
36673.85,100,49,45849,81920,367.50,400.00,1395,56
36678.93,100,36,45849,81920,381.72,400.00,1410,59
36683.99,100,63,45849,81920,359.42,400.00,1410,57
36689.11,94,47,45849,81920,366.37,400.00,1410,58
36694.17,100,51,45849,81920,347.43,400.00,1410,58
36699.23,97,79,45849,81920,361.91,400.00,1410,58
36704.29,100,53,45849,81920,269.30,400.00,1410,53
36709.38,100,57,45849,81920,282.04,400.00,1410,53
36714.47,100,59,45849,81920,284.74,400.00,1410,53
36719.53,34,22,45849,81920,283.51,400.00,1410,49
36724.59,100,55,45849,81920,363.76,400.00,1410,57
36729.65,100,45,45849,81920,399.73,400.00,1410,60
36734.71,100,51,45849,81920,358.59,400.00,1410,57
36739.82,100,52,45849,81920,327.98,400.00,1410,58
36744.88,100,52,45849,81920,268.15,400.00,1410,56
36749.95,100,50,45849,81920,364.47,400.00,1410,58
36755.01,100,52,45849,81920,365.12,400.00,1410,59
36760.07,100,55,45849,81920,275.97,400.00,1410,54
36765.12,100,60,45849,81920,293.83,400.00,1410,54
36770.19,100,65,45849,81920,313.16,400.00,1410,55
36775.25,100,68,45849,81920,316.14,400.00,1410,54
36780.31,100,55,45849,81920,366.10,400.00,1410,57
36785.37,100,45,45849,81920,384.43,400.00,1410,60
36790.43,94,46,45849,81920,370.82,400.00,1410,57
36795.49,97,69,45849,81920,353.39,400.00,1410,57
36800.55,100,50,45849,81920,305.29,400.00,1395,55
36805.61,100,51,45849,81920,336.48,400.00,1410,57
36810.67,100,65,45849,81920,355.69,400.00,1410,57
36815.73,100,53,45849,81920,268.06,400.00,1410,51
36820.8,98,57,45849,81920,277.50,400.00,1410,51
36825.86,100,60,45849,81920,284.47,400.00,1410,51
36830.93,100,63,45849,81920,298.39,400.00,1410,51
36836.0,100,54,45849,81920,378.27,400.00,1410,55
36841.06,100,44,45849,81920,394.23,400.00,1320,57
36846.12,95,60,45849,81920,363.47,400.00,1410,55
36851.18,100,51,45849,81920,326.84,400.00,1410,55
36856.24,100,51,45849,81920,374.61,400.00,1410,55
36861.31,100,57,45849,81920,280.51,400.00,1410,53
36866.37,63,37,45849,81920,260.23,400.00,1410,51
36871.45,25,14,45849,81920,269.62,400.00,1410,49
36876.51,100,60,45849,81920,288.00,400.00,1410,51
36881.58,100,61,45849,81920,282.17,400.00,1410,50
36886.64,90,54,45849,81920,268.08,400.00,1410,46
36891.7,100,55,45849,81920,336.16,400.00,1395,54
36896.76,100,45,45849,81920,403.80,400.00,1395,58
36901.82,100,51,45849,81920,343.43,400.00,1410,55
36906.89,100,51,45849,81920,324.37,400.00,1410,55
36911.95,100,50,45849,81920,295.62,400.00,1410,53
36917.01,100,51,45849,81920,346.39,400.00,1410,55
36922.07,100,52,45849,81920,262.31,400.00,1410,50
36927.14,100,55,45849,81920,273.91,400.00,1410,50
36932.2,100,60,45849,81920,281.37,400.00,1410,50
36937.26,100,63,45849,81920,284.76,400.00,1410,50
36942.32,100,61,45849,81920,384.23,400.00,1410,54
36947.38,100,49,45849,81920,408.12,400.00,1380,58
36952.45,100,50,45849,81920,327.55,400.00,1410,55
36957.51,100,51,45849,81920,338.70,400.00,1410,55
36962.57,97,77,45849,81920,334.11,400.00,1395,54
36967.63,94,47,45849,81920,364.03,400.00,1410,55
36972.7,100,59,45849,81920,378.45,400.00,1410,56
36977.76,99,55,45849,81920,270.41,400.00,1410,50
36982.84,100,58,45849,81920,275.02,400.00,1410,50
36987.9,100,56,45849,81920,268.05,400.00,1410,49
36992.96,100,61,45849,81920,271.74,400.00,1410,49
36998.02,100,54,45849,81920,368.21,400.00,1410,55
37003.14,100,45,45849,81920,370.93,400.00,1410,57
37008.21,95,47,45849,81920,368.16,400.00,1410,55
37013.27,100,51,45849,81920,330.52,400.00,1410,55
37018.33,97,78,45849,81920,346.46,400.00,1410,54
37023.39,95,47,45849,81920,357.09,400.00,1410,55
37028.45,100,52,45849,81920,263.85,400.00,1410,50
37033.51,100,58,45849,81920,282.16,400.00,1410,50
37038.57,100,64,45849,81920,297.19,400.00,1410,51
37043.63,100,66,45849,81920,302.98,400.00,1410,51
37048.69,0,0,45849,81920,86.12,400.00,1410,42
37053.75,100,49,45849,81920,374.83,400.00,1410,55
37058.81,36,21,45849,81920,91.89,400.00,1410,48
37063.87,100,51,45849,81920,336.83,400.00,1410,55
37068.93,97,74,45849,81920,349.79,400.00,1410,55
37073.99,94,48,45849,81920,371.80,400.00,1410,56
37079.05,100,51,45849,81920,350.52,400.00,1410,56
37084.11,100,53,45849,81920,268.66,400.00,1410,51
37089.17,100,59,45849,81920,280.41,400.00,1410,50
37094.24,100,64,45849,81920,294.74,400.00,1410,51
37099.3,100,67,45849,81920,308.77,400.00,1410,51
37104.36,100,51,45849,81920,369.67,400.00,1395,53
37109.42,100,49,45849,81920,456.66,400.00,1380,55
37114.51,0,0,45849,81920,363.43,400.00,1410,50
37119.57,97,79,45849,81920,326.76,400.00,1410,55
37124.62,94,47,45849,81920,305.60,400.00,1410,55
37129.67,100,50,45849,81920,346.80,400.00,1410,56
37134.73,100,49,45849,81920,307.17,400.00,1395,53
37139.79,100,52,45849,81920,266.58,400.00,1410,51
37144.85,100,58,45849,81920,278.07,400.00,1410,51
37149.9,100,60,45849,81920,282.04,400.00,1410,50
37154.95,100,64,45849,81920,291.39,400.00,1410,51
37160.0,100,50,45849,81920,361.31,400.00,1410,53
37165.06,99,60,45849,81920,392.18,400.00,1380,55
37170.12,100,49,45849,81920,279.30,400.00,1410,54
37175.18,93,47,45849,81920,325.54,400.00,1395,55
37180.25,100,51,45849,81920,355.41,400.00,1410,55
37185.3,97,77,45849,81920,322.89,400.00,1410,55
37190.36,100,50,45849,81920,259.62,400.00,1410,55
37195.42,100,54,45849,81920,266.91,400.00,1410,50
37200.47,100,57,45849,81920,265.06,400.00,1410,50
37205.53,100,59,45849,81920,267.78,400.00,1410,49
37210.58,100,55,45849,81920,243.34,400.00,1410,47
37215.64,100,54,45849,81920,374.83,400.00,1410,55
37220.69,100,45,45849,81920,328.31,400.00,1395,56
37225.75,97,79,45849,81920,318.58,400.00,1410,54
37230.82,100,49,45849,81920,358.12,400.00,1410,55
37235.87,100,51,45849,81920,332.54,400.00,1410,54
37240.92,98,71,45849,81920,311.96,400.00,1410,54
37245.97,100,51,45849,81920,257.57,400.00,1410,50
37251.03,100,58,45849,81920,282.34,400.00,1410,50
37256.09,100,61,45849,81920,289.27,400.00,1410,50
37261.15,100,65,45849,81920,305.01,400.00,1410,51
37266.21,60,41,45849,81920,172.36,400.00,1410,47
37271.26,100,57,45849,81920,356.48,400.00,1410,56
37276.32,100,36,45849,81920,382.71,400.00,1410,59
37281.37,100,51,45849,81920,331.04,400.00,1410,57
37286.43,98,78,45849,81920,365.23,400.00,1410,57
37291.49,100,59,45849,81920,309.57,400.00,1380,57
37296.55,100,51,45849,81920,348.20,400.00,1410,58
37301.61,100,51,45849,81920,270.87,400.00,1410,54
37306.67,100,57,45849,81920,289.57,400.00,1410,54
37311.73,100,62,45849,81920,298.34,400.00,1410,53
37316.79,100,63,45849,81920,301.37,400.00,1410,54
37321.9,0,0,45849,81920,89.07,400.00,1410,45
37326.95,100,54,45849,81920,374.78,400.00,1410,57
37332.01,99,36,45849,81920,327.06,400.00,1395,58
37337.07,100,49,45849,81920,364.63,400.00,1410,57
37342.13,100,50,45849,81920,335.86,400.00,1410,56
37347.19,100,50,45849,81920,317.72,400.00,1410,56
37352.25,100,51,45849,81920,340.95,400.00,1410,56
37357.31,95,46,45849,81920,358.77,400.00,1410,56
37362.37,100,54,45849,81920,269.02,400.00,1410,51
37367.43,100,59,45849,81920,284.17,400.00,1410,51
37372.49,100,62,45849,81920,288.68,400.00,1410,51
37377.55,0,0,45849,81920,289.60,400.00,1410,49
37382.61,100,49,45849,81920,346.80,400.00,1410,55
37387.67,99,44,45849,81920,389.27,400.00,1410,58
37392.73,100,50,45849,81920,351.91,400.00,1410,55
37397.79,100,62,45849,81920,360.16,400.00,1410,55
37402.85,100,49,45849,81920,302.32,400.00,1395,53
37407.91,100,51,45849,81920,330.46,400.00,1410,56
37412.98,100,68,45849,81920,365.23,400.00,1410,56
37418.05,11,6,45849,81920,247.68,400.00,1410,47
37423.11,100,61,45849,81920,287.11,400.00,1410,51
37428.17,100,65,45849,81920,302.34,400.00,1410,51
37433.24,100,67,45849,81920,305.71,400.00,1410,51
37438.3,100,57,45849,81920,365.99,400.00,1410,55
37443.37,100,45,45849,81920,432.61,400.00,1395,56
37448.44,97,66,45849,81920,372.45,400.00,1410,55
37453.5,94,48,45849,81920,363.36,400.00,1410,55
37458.56,100,52,45849,81920,359.56,400.00,1410,56
37463.62,100,50,45849,81920,283.40,400.00,1395,54
37468.74,79,40,45849,81920,245.44,400.00,1410,51
37473.8,100,55,45849,81920,270.23,400.00,1410,50
37478.86,100,59,45849,81920,284.02,400.00,1410,50
37483.96,100,61,45849,81920,289.52,400.00,1410,50
37489.02,100,63,45849,81920,288.91,400.00,1410,50
37494.09,100,55,45849,81920,372.69,400.00,1410,55
37499.15,100,45,45849,81920,399.41,400.00,1395,56
37504.21,100,50,45849,81920,363.49,400.00,1410,55
37509.27,100,51,45849,81920,302.33,400.00,1410,54
37514.34,100,51,45849,81920,352.93,400.00,1410,55
37519.4,100,49,45849,81920,381.68,400.00,1395,57
37524.46,100,51,45849,81920,260.78,400.00,1410,51
37529.52,100,57,45849,81920,272.70,400.00,1410,50
37534.59,100,60,45849,81920,281.64,400.00,1410,50
37539.65,100,61,45849,81920,282.20,400.00,1410,50
37544.71,97,58,45849,81920,87.93,400.00,1410,44
37549.85,100,50,45849,81920,360.54,400.00,1410,55
37554.91,100,45,45849,81920,378.84,400.00,1410,57
37559.97,100,51,45849,81920,307.26,400.00,1410,54
37565.03,100,60,45849,81920,359.47,400.00,1410,55
37570.09,100,48,45849,81920,297.16,400.00,1395,53
37575.16,100,51,45849,81920,352.14,400.00,1410,56
37580.22,100,52,45849,81920,264.40,400.00,1410,50
37585.28,100,58,45849,81920,281.55,400.00,1410,51
37590.34,100,63,45849,81920,290.16,400.00,1410,51
37595.4,100,66,45849,81920,307.29,400.00,1410,51
37600.46,0,0,45849,81920,87.18,400.00,1410,43
37605.52,100,53,45849,81920,376.78,400.00,1410,55
37610.58,100,45,45849,81920,393.00,400.00,1350,58
37615.64,100,62,45849,81920,328.99,400.00,1410,55
37620.7,100,49,45849,81920,365.66,400.00,1410,56
37625.77,100,50,45849,81920,372.08,400.00,1410,55
37630.83,100,49,45849,81920,333.16,400.00,1395,55
37635.89,100,51,45849,81920,260.49,400.00,1410,51
37640.95,100,57,45849,81920,279.63,400.00,1410,50
37646.01,100,61,45849,81920,284.77,400.00,1410,51
37651.06,100,61,45849,81920,283.80,400.00,1410,50
37656.11,0,0,45849,81920,86.10,400.00,1410,43
37661.17,100,55,45849,81920,349.52,400.00,1410,55
37666.24,100,40,45849,81920,388.94,400.00,1410,58
37671.29,100,54,45849,81920,274.72,400.00,1410,52
37676.35,100,50,45849,81920,334.47,400.00,1410,54
37681.42,100,49,45849,81920,329.58,400.00,1410,55
37686.48,98,65,45849,81920,347.78,400.00,1410,55
37691.54,100,53,45849,81920,265.01,400.00,1410,50
37696.62,100,59,45849,81920,275.30,400.00,1410,50
37701.72,100,59,45849,81920,276.74,400.00,1410,50
37706.82,100,60,45849,81920,277.59,400.00,1410,50
37711.89,100,54,45849,81920,393.58,400.00,1395,54
37716.95,100,45,45849,81920,390.76,400.00,1380,58
37722.02,100,50,45849,81920,343.64,400.00,1410,54
37727.08,98,69,45849,81920,331.46,400.00,1410,54
37732.15,100,51,45849,81920,329.58,400.00,1410,55
37737.26,100,51,45849,81920,356.23,400.00,1410,55
37742.32,94,47,45849,81920,374.94,400.00,1365,56
37747.38,100,54,45849,81920,266.87,400.00,1410,50
37752.45,100,60,45849,81920,283.51,400.00,1410,50
37757.5,1,1,45849,81920,292.92,400.00,1410,49
37762.56,100,63,45849,81920,285.03,400.00,1410,50
37767.61,100,53,45849,81920,364.95,400.00,1410,55
37772.67,100,45,45849,81920,455.84,400.00,1395,57
37777.73,100,51,45849,81920,317.45,400.00,1410,53
37782.79,100,62,45849,81920,323.82,400.00,1410,55
37787.85,100,49,45849,81920,384.90,400.00,1365,58
37792.91,100,51,45849,81920,376.15,400.00,1410,56
37797.97,98,78,45849,81920,324.09,400.00,1410,55
37803.02,100,55,45849,81920,271.15,400.00,1410,50
37808.07,100,58,45849,81920,281.46,400.00,1410,50
37813.12,100,62,45849,81920,287.18,400.00,1410,50
37818.18,100,62,45849,81920,280.22,400.00,1410,50
37823.24,100,48,45849,81920,319.24,400.00,1395,54
37828.3,100,47,45849,81920,409.81,400.00,1320,58
37833.37,100,50,45849,81920,360.01,400.00,1410,56
37838.42,100,51,45849,81920,328.58,400.00,1410,56
37843.48,97,77,45849,81920,359.97,400.00,1410,57
37848.54,100,50,45849,81920,381.51,400.00,1410,58
37853.6,100,51,45849,81920,263.86,400.00,1410,53
37858.66,54,30,45849,81920,275.98,400.00,1410,51
37863.72,100,58,45849,81920,281.75,400.00,1410,53
37868.77,100,63,45849,81920,292.29,400.00,1410,53
37873.83,45,28,45849,81920,90.02,400.00,1410,47
37878.88,100,57,45849,81920,372.45,400.00,1410,58
37883.94,100,37,45849,81920,377.28,400.00,1410,60
37888.99,94,47,45849,81920,372.84,400.00,1410,59
37894.05,100,50,45849,81920,360.11,400.00,1410,58
37899.11,100,50,45849,81920,356.15,400.00,1410,58
37904.16,100,49,45849,81920,349.19,400.00,1395,58
37909.21,100,53,45849,81920,269.91,400.00,1410,54
37914.27,100,59,45849,81920,289.57,400.00,1410,54
37919.33,100,63,45849,81920,294.11,400.00,1410,54
37924.39,100,66,45849,81920,309.85,400.00,1410,54
37929.47,53,26,45849,81920,340.68,400.00,1410,52
37934.53,100,55,45849,81920,391.05,400.00,1410,58
37939.6,52,29,45849,81920,90.44,400.00,1410,53
37944.66,100,50,45849,81920,350.59,400.00,1410,57
37949.72,100,57,45849,81920,279.93,400.00,1410,55
37954.81,94,48,45849,81920,383.23,400.00,1410,58
37959.87,100,51,45849,81920,375.05,400.00,1410,57
37964.93,100,53,45849,81920,266.64,400.00,1410,52
37969.99,100,57,45849,81920,272.33,400.00,1410,51
37975.05,100,60,45849,81920,280.80,400.00,1410,51
37980.11,100,63,45849,81920,290.52,400.00,1410,51
37985.17,100,48,45849,81920,424.29,400.00,1410,53
37990.22,100,44,45849,81920,332.22,400.00,1335,56
37995.31,100,51,45849,81920,357.12,400.00,1410,55
38000.37,94,46,45849,81920,262.61,400.00,1395,53
38005.43,100,51,45849,81920,360.61,400.00,1410,56
38010.5,97,73,45849,81920,329.00,400.00,1410,55
38015.56,100,51,45849,81920,365.39,400.00,1410,56
38020.61,100,54,45849,81920,268.14,400.00,1410,51
38025.68,100,58,45849,81920,280.05,400.00,1410,51
38030.74,100,60,45849,81920,284.01,400.00,1410,50
38035.8,100,61,45849,81920,282.81,400.00,1410,50
38040.87,100,54,45849,81920,372.09,400.00,1410,55
38045.93,100,44,45849,81920,396.51,400.00,1380,58
38050.99,97,79,45849,81920,320.84,400.00,1410,55
38056.05,94,47,45849,81920,358.14,400.00,1410,56
38061.11,100,52,45849,81920,353.59,400.00,1410,55
38066.17,100,50,45849,81920,349.21,400.00,1410,55
38071.24,73,37,45849,81920,133.54,400.00,1410,50
38076.3,100,55,45849,81920,268.14,400.00,1410,50
38081.36,100,59,45849,81920,279.13,400.00,1410,50
38086.42,100,61,45849,81920,283.70,400.00,1410,50
38091.48,100,64,45849,81920,292.00,400.00,1410,50
38096.54,100,56,45849,81920,369.01,400.00,1410,55
38101.61,100,44,45849,81920,304.77,400.00,1395,57
38106.67,100,50,45849,81920,346.96,400.00,1410,55
38111.73,94,46,45849,81920,379.98,400.00,1410,56
38116.79,100,50,45849,81920,317.13,400.00,1410,55
38121.85,97,68,45849,81920,328.16,400.00,1410,55
38126.92,100,51,45849,81920,256.17,400.00,1410,51
38131.98,100,55,45849,81920,270.61,400.00,1410,50
38137.05,100,57,45849,81920,269.62,400.00,1410,49
38142.12,100,59,45849,81920,274.56,400.00,1410,49
38147.18,100,54,45849,81920,346.58,400.00,1410,53
38152.24,99,53,45849,81920,401.44,400.00,1380,57
38157.3,100,51,45849,81920,356.42,400.00,1410,54
38162.36,100,51,45849,81920,367.44,400.00,1410,56
38167.42,100,51,45849,81920,308.52,400.00,1410,54
38172.49,100,62,45849,81920,284.59,400.00,1410,54
38177.55,95,47,45849,81920,366.27,400.00,1410,56
38182.61,100,54,45849,81920,263.70,400.00,1410,50
38187.67,100,57,45849,81920,272.86,400.00,1410,50
38192.73,100,59,45849,81920,277.71,400.00,1410,50
38197.79,100,59,45849,81920,275.88,400.00,1410,49
38202.85,100,49,45849,81920,310.63,400.00,1395,54
38207.91,100,36,45849,81920,380.71,400.00,1395,56
38212.97,97,78,45849,81920,328.65,400.00,1410,54
38218.03,95,48,45849,81920,369.41,400.00,1410,56
38223.09,100,51,45849,81920,328.65,400.00,1410,55
38228.15,100,50,45849,81920,343.06,400.00,1410,54
38233.21,100,48,45849,81920,253.52,400.00,1410,51
38238.28,100,54,45849,81920,265.33,400.00,1410,50
38243.34,100,59,45849,81920,280.80,400.00,1410,50
38248.39,100,61,45849,81920,277.43,400.00,1410,50
38253.45,100,64,45849,81920,292.92,400.00,1410,50
38258.52,100,50,45849,81920,364.63,400.00,1410,55
38263.58,100,45,45849,81920,390.39,400.00,1365,58
38268.64,98,51,45849,81920,357.86,400.00,1410,55
38273.7,100,52,45849,81920,345.18,400.00,1410,54
38278.76,100,52,45849,81920,318.27,400.00,1410,55
38283.82,100,48,45849,81920,301.75,400.00,1380,55
38288.88,76,44,45849,81920,173.53,400.00,1410,51
38293.95,100,55,45849,81920,272.98,400.00,1410,50
38299.01,100,61,45849,81920,290.43,400.00,1410,51
38304.07,100,64,45849,81920,293.81,400.00,1410,51
38309.14,50,33,45849,81920,88.53,400.00,1410,45
38314.2,100,49,45849,81920,347.65,400.00,1410,55
38319.26,100,48,45849,81920,310.93,400.00,1380,57
38324.33,100,49,45849,81920,370.33,400.00,1410,56
38329.39,100,51,45849,81920,344.93,400.00,1410,55
38334.45,98,75,45849,81920,382.51,400.00,1410,56
38339.51,100,61,45849,81920,369.36,400.00,1410,55
38344.57,100,50,45849,81920,261.90,400.00,1410,51
38349.63,45,25,45849,81920,267.78,400.00,1410,49
38354.69,100,60,45849,81920,281.71,400.00,1410,50
38359.75,100,64,45849,81920,291.12,400.00,1410,50
38364.86,0,0,45849,81920,380.39,400.00,1410,50
38369.93,100,54,45849,81920,362.24,400.00,1410,55
38374.98,100,36,45849,81920,100.05,400.00,1410,50
38380.04,100,48,45849,81920,271.74,400.00,1395,53
38385.1,100,50,45849,81920,335.01,400.00,1410,54
38390.16,100,49,45849,81920,294.14,400.00,1410,53
38395.21,100,51,45849,81920,370.07,400.00,1410,55
38400.27,100,52,45849,81920,263.92,400.00,1410,50
38405.33,100,55,45849,81920,273.87,400.00,1410,50
38410.39,100,56,45849,81920,256.91,400.00,1410,48
38415.45,100,57,45849,81920,254.46,400.00,1410,48
38420.5,100,55,45849,81920,369.68,400.00,1410,54
38425.56,100,43,45849,81920,297.78,400.00,1395,56
38430.62,100,50,45849,81920,352.70,400.00,1410,54
38435.67,100,51,45849,81920,324.34,400.00,1410,55
38440.73,100,51,45849,81920,333.14,400.00,1410,55
38445.79,100,50,45849,81920,455.69,400.00,1365,58
38450.85,100,50,45849,81920,316.80,400.00,1410,56
38455.91,100,55,45849,81920,276.86,400.00,1410,52
38460.96,100,58,45849,81920,281.46,400.00,1410,52
38466.02,100,61,45849,81920,291.72,400.00,1410,52
38471.08,100,66,45849,81920,303.49,400.00,1410,53
38476.14,100,55,45849,81920,365.17,400.00,1410,57
38481.21,100,44,45849,81920,388.46,400.00,1410,60
38486.27,97,66,45849,81920,334.01,400.00,1410,58
38491.32,93,47,45849,81920,375.17,400.00,1410,59
38496.39,100,51,45849,81920,341.31,400.00,1410,57
38501.45,100,49,45849,81920,420.33,400.00,1395,57
38506.51,100,51,45849,81920,355.41,400.00,1410,58
38511.57,100,55,45849,81920,267.78,400.00,1410,54
38516.63,100,58,45849,81920,268.42,400.00,1410,53
38521.7,100,59,45849,81920,273.27,400.00,1410,52
38526.77,55,32,45849,81920,88.73,400.00,1410,46
38531.84,100,54,45849,81920,369.40,400.00,1410,57
38536.96,100,45,45849,81920,403.89,400.00,1410,59
38542.02,100,51,45849,81920,373.65,400.00,1410,56
38547.08,100,51,45849,81920,330.43,400.00,1410,56
38552.14,100,49,45849,81920,343.97,400.00,1395,55
38557.21,100,50,45849,81920,354.55,400.00,1410,56
38562.27,100,51,45849,81920,262.67,400.00,1410,51
38567.33,100,58,45849,81920,276.89,400.00,1410,51
38572.39,100,61,45849,81920,291.71,400.00,1410,51
38577.45,100,62,45849,81920,296.87,400.00,1410,51
38582.55,0,0,45849,81920,87.12,400.00,1410,43
38587.61,100,49,45849,81920,372.12,400.00,1410,55
38592.68,100,44,45849,81920,373.92,400.00,1410,58
38597.74,94,48,45849,81920,359.52,400.00,1410,55
38602.8,100,51,45849,81920,366.48,400.00,1410,56
38607.86,94,46,45849,81920,363.38,400.00,1410,56
38612.93,100,51,45849,81920,350.80,400.00,1410,55
38617.99,100,51,45849,81920,260.55,400.00,1410,51
38623.05,100,55,45849,81920,274.15,400.00,1410,50
38628.11,100,59,45849,81920,281.55,400.00,1410,50
38633.17,100,58,45849,81920,273.63,400.00,1410,50
38638.23,100,49,45849,81920,312.01,400.00,1410,53
38643.29,100,45,45849,81920,385.02,400.00,1380,58
38648.36,100,60,45849,81920,342.92,400.00,1410,54
38653.41,100,51,45849,81920,311.14,400.00,1410,55
38658.48,100,57,45849,81920,339.84,400.00,1410,56
38663.54,100,49,45849,81920,380.11,400.00,1395,53
38668.68,100,51,45849,81920,356.25,400.00,1410,56
38673.74,100,54,45849,81920,267.48,400.00,1410,51
38678.8,100,60,45849,81920,284.36,400.00,1410,51
38683.86,100,63,45849,81920,297.81,400.00,1410,51
38688.92,100,65,45849,81920,303.84,400.00,1410,51
38693.98,100,54,45849,81920,358.27,400.00,1410,54
38699.09,100,36,45849,81920,457.81,400.00,1365,57
38704.2,100,50,45849,81920,333.50,400.00,1410,55
38709.27,94,47,45849,81920,256.85,400.00,1395,53
38714.33,100,51,45849,81920,353.43,400.00,1410,55
38719.39,100,65,45849,81920,376.97,400.00,1410,56
38724.45,94,47,45849,81920,382.86,400.00,1410,57
38729.51,100,53,45849,81920,261.98,400.00,1410,50
38734.57,100,56,45849,81920,266.27,400.00,1410,50
38739.63,100,57,45849,81920,270.55,400.00,1410,50
38744.7,100,59,45849,81920,273.91,400.00,1410,49
38749.76,100,55,45849,81920,355.28,400.00,1410,55
38754.82,100,45,45849,81920,371.16,400.00,1410,58
38759.88,100,51,45849,81920,356.45,400.00,1410,54
38764.96,100,50,45849,81920,336.01,400.00,1410,55
38770.02,97,64,45849,81920,295.67,400.00,1410,54
38775.09,100,51,45849,81920,359.56,400.00,1410,55
38780.15,99,48,45849,81920,253.48,400.00,1410,51
38785.21,100,56,45849,81920,277.96,400.00,1410,50
38790.28,100,62,45849,81920,292.60,400.00,1410,51
38795.34,100,64,45849,81920,291.10,400.00,1410,51
38800.4,100,67,45849,81920,303.61,400.00,1410,51
38805.48,100,59,45849,81920,369.13,400.00,1410,55
38810.55,100,47,45849,81920,401.47,400.00,1410,57
38815.61,100,50,45849,81920,346.39,400.00,1410,55
38820.7,98,69,45849,81920,363.25,400.00,1410,55
38825.76,95,48,45849,81920,375.98,400.00,1410,56
38830.83,100,50,45849,81920,338.73,400.00,1410,56
38835.89,95,45,45849,81920,259.17,400.00,1410,51
38840.95,100,55,45849,81920,275.88,400.00,1410,51
38846.01,100,58,45849,81920,272.87,400.00,1410,50
38851.07,100,60,45849,81920,278.04,400.00,1410,50
38856.13,100,61,45849,81920,280.21,400.00,1410,50
38861.2,100,56,45849,81920,365.55,400.00,1410,56
38866.26,100,39,45849,81920,388.03,400.00,1410,57
38871.33,100,52,45849,81920,295.98,400.00,1410,55
38876.43,100,51,45849,81920,355.55,400.00,1410,55
38881.49,97,78,45849,81920,337.20,400.00,1410,55
38886.59,95,53,45849,81920,381.26,400.00,1410,57
38891.67,100,52,45849,81920,261.65,400.00,1410,50
38896.76,100,57,45849,81920,269.95,400.00,1410,50
38901.83,100,57,45849,81920,265.67,400.00,1410,49
38906.89,100,60,45849,81920,260.24,400.00,1410,49
38911.96,100,52,45849,81920,362.08,400.00,1380,54
38917.06,100,45,45849,81920,402.48,400.00,1380,56
38922.14,100,50,45849,81920,337.89,400.00,1410,54
38927.22,100,59,45849,81920,324.70,400.00,1410,55
38932.3,95,48,45849,81920,364.63,400.00,1410,56
38937.37,95,48,45849,81920,365.74,400.00,1410,55
38942.43,100,50,45849,81920,150.40,400.00,1410,47
38947.49,100,56,45849,81920,271.43,400.00,1410,50
38952.55,100,61,45849,81920,89.16,400.00,1410,46
38957.61,100,64,45849,81920,300.77,400.00,1410,51
38962.67,100,68,45849,81920,308.98,400.00,1410,51
38967.72,100,55,45849,81920,377.08,400.00,1410,55
38972.79,100,49,45849,81920,344.08,400.00,1395,57
38977.84,100,70,45849,81920,379.79,400.00,1410,55
38982.92,98,78,45849,81920,345.55,400.00,1410,54
38987.98,97,47,45849,81920,368.27,400.00,1410,56
38993.03,100,51,45849,81920,358.27,400.00,1410,55
38998.09,100,52,45849,81920,263.27,400.00,1410,50
39003.14,100,58,45849,81920,272.98,400.00,1410,50
39008.2,100,62,45849,81920,289.30,400.00,1410,50
39013.26,100,64,45849,81920,289.87,400.00,1410,50
39018.32,0,0,45849,81920,86.71,400.00,1410,43
39023.38,100,48,45849,81920,453.90,400.00,1410,55
39028.43,100,37,45849,81920,401.76,400.00,1410,59
39033.49,100,50,45849,81920,358.22,400.00,1410,57
39038.55,97,79,45849,81920,348.23,400.00,1410,57
39043.6,94,53,45849,81920,377.16,400.00,1395,58
39048.66,95,47,45849,81920,363.60,400.00,1410,58
39053.71,100,52,45849,81920,268.70,400.00,1410,53
39058.77,100,58,45849,81920,285.93,400.00,1410,53
39063.82,89,54,45849,81920,123.88,400.00,1410,51
39068.88,100,63,45849,81920,298.05,400.00,1410,53
39073.94,13,8,45849,81920,387.54,400.00,1365,55
39078.99,100,55,45849,81920,367.18,400.00,1410,59
39084.05,49,24,45849,81920,382.71,400.00,1410,57
39089.11,100,51,45849,81920,361.54,400.00,1410,58
39094.17,100,48,45849,81920,291.09,400.00,1395,55
39099.23,100,51,45849,81920,332.56,400.00,1410,58
39104.28,98,62,45849,81920,335.87,400.00,1410,57
39109.33,100,52,45849,81920,260.49,400.00,1410,52
39114.38,100,57,45849,81920,278.11,400.00,1410,51
39119.44,100,60,45849,81920,278.69,400.00,1410,51
39124.5,100,63,45849,81920,288.68,400.00,1410,51
39129.56,100,61,45849,81920,430.91,400.00,1410,56
39134.62,100,49,45849,81920,299.26,400.00,1380,57
39139.68,100,59,45849,81920,390.45,400.00,1410,57
39144.74,100,50,45849,81920,374.78,400.00,1410,56
39149.8,97,75,45849,81920,331.29,400.00,1410,56
39154.86,94,47,45849,81920,370.60,400.00,1410,57
39159.92,100,50,45849,81920,261.80,400.00,1410,52
39165.0,100,57,45849,81920,284.47,400.00,1410,52
39170.06,100,62,45849,81920,294.41,400.00,1410,52
39175.14,100,65,45849,81920,297.74,400.00,1410,52
39180.19,100,67,45849,81920,303.82,400.00,1410,52
39185.25,100,54,45849,81920,364.58,400.00,1410,55
39190.31,100,36,45849,81920,373.85,400.00,1395,57
39195.37,100,52,45849,81920,360.24,400.00,1410,55
39200.42,97,62,45849,81920,361.76,400.00,1395,55
39205.48,100,51,45849,81920,360.94,400.00,1410,56
39210.54,97,77,45849,81920,368.32,400.00,1410,56
39215.6,74,38,45849,81920,226.60,400.00,1410,50
39220.66,100,55,45849,81920,268.51,400.00,1410,51
39225.76,100,60,45849,81920,286.53,400.00,1410,51
39230.82,100,63,45849,81920,290.16,400.00,1410,51
39235.89,100,66,45849,81920,305.46,400.00,1410,51
39240.96,100,52,45849,81920,383.89,400.00,1410,56
39246.02,100,49,45849,81920,393.50,400.00,1320,57
39251.08,100,49,45849,81920,444.24,400.00,1410,52
39256.15,100,51,45849,81920,324.68,400.00,1410,56
39261.21,100,51,45849,81920,352.27,400.00,1410,56
39266.27,94,46,45849,81920,382.98,400.00,1395,58
39271.33,100,51,45849,81920,264.41,400.00,1410,51
39276.39,100,57,45849,81920,277.18,400.00,1410,51
39281.45,100,61,45849,81920,284.67,400.00,1410,50
39286.51,100,65,45849,81920,306.34,400.00,1410,51
39291.58,100,69,45849,81920,311.89,400.00,1410,52
39296.65,100,54,45849,81920,397.88,400.00,1380,55
39301.71,100,39,45849,81920,399.93,400.00,1410,58
39306.77,97,68,45849,81920,365.06,400.00,1410,55
39311.83,100,50,45849,81920,368.76,400.00,1410,55
39316.89,93,46,45849,81920,367.82,400.00,1410,56
39321.95,100,52,45849,81920,346.39,400.00,1410,56
39327.01,100,52,45849,81920,263.79,400.00,1410,51
39332.07,100,56,45849,81920,268.70,400.00,1410,50
39337.13,100,58,45849,81920,271.25,400.00,1410,50
39342.2,100,60,45849,81920,280.05,400.00,1410,50
39347.27,100,55,45849,81920,360.17,400.00,1395,54
39352.33,100,37,45849,81920,319.32,400.00,1395,56
39357.4,97,74,45849,81920,319.04,400.00,1410,54
39362.46,95,47,45849,81920,473.74,400.00,1350,57
39367.52,100,51,45849,81920,345.78,400.00,1410,55
39372.59,100,58,45849,81920,340.80,400.00,1410,55
39377.7,95,48,45849,81920,367.20,400.00,1410,56
39382.82,100,54,45849,81920,266.27,400.00,1410,50
39387.9,100,59,45849,81920,280.67,400.00,1410,50
39393.03,100,60,45849,81920,280.34,400.00,1410,50
39398.1,100,60,45849,81920,273.63,400.00,1410,49
39403.17,100,57,45849,81920,358.14,400.00,1410,55
39408.24,100,45,45849,81920,388.35,400.00,1410,57
39413.3,100,51,45849,81920,314.79,400.00,1410,54
39418.36,100,50,45849,81920,452.42,400.00,1395,53
39423.43,100,51,45849,81920,311.41,400.00,1410,55
39428.49,100,53,45849,81920,362.99,400.00,1410,55
39433.55,100,49,45849,81920,259.83,400.00,1410,48
39438.61,100,56,45849,81920,273.30,400.00,1410,50
39443.67,100,62,45849,81920,288.97,400.00,1410,51
39448.73,100,64,45849,81920,295.02,400.00,1410,51
39453.83,100,67,45849,81920,306.96,400.00,1410,51
39458.89,100,54,45849,81920,344.85,400.00,1410,55
39463.96,100,45,45849,81920,384.49,400.00,1395,57
39469.01,100,49,45849,81920,420.93,400.00,1395,55
39474.08,100,51,45849,81920,251.73,400.00,1410,52
39479.14,100,64,45849,81920,331.02,400.00,1410,55
39484.2,97,73,45849,81920,331.98,400.00,1395,55
39489.26,100,50,45849,81920,257.90,400.00,1410,51
39494.33,100,56,45849,81920,274.84,400.00,1410,47
39499.39,100,58,45849,81920,276.70,400.00,1410,50
39504.45,100,59,45849,81920,271.30,400.00,1410,49
39509.51,100,55,45849,81920,360.64,400.00,1410,53
39514.57,100,54,45849,81920,367.45,400.00,1410,55
39519.64,18,15,45849,81920,90.72,400.00,1410,49
39524.7,100,51,45849,81920,313.03,400.00,1410,54
39529.76,98,78,45849,81920,386.15,400.00,1410,55
39534.82,100,51,45849,81920,346.86,400.00,1410,55
39539.89,97,79,45849,81920,360.17,400.00,1410,55
39544.95,100,52,45849,81920,264.06,400.00,1410,50
39550.01,100,57,45849,81920,277.96,400.00,1410,50
39555.08,100,61,45849,81920,287.15,400.00,1410,50
39560.14,100,63,45849,81920,288.67,400.00,1410,50
39565.28,100,50,45849,81920,434.55,400.00,1410,52
39570.38,100,45,45849,81920,344.68,400.00,1395,56
39575.45,97,77,45849,81920,347.96,400.00,1410,54
39580.51,100,50,45849,81920,366.75,400.00,1410,56
39585.57,100,50,45849,81920,341.31,400.00,1410,55
39590.63,97,67,45849,81920,329.85,400.00,1410,55
39595.69,94,47,45849,81920,357.40,400.00,1410,56
39600.75,100,54,45849,81920,261.75,400.00,1410,50
39605.81,100,55,45849,81920,249.95,400.00,1410,49
39610.87,100,56,45849,81920,251.74,400.00,1410,48
39615.92,0,0,45849,81920,86.01,400.00,1410,43
39620.98,100,55,45849,81920,366.31,400.00,1410,55
39626.04,42,24,45849,81920,91.36,400.00,1410,52
39631.09,100,51,45849,81920,299.59,400.00,1410,54
39636.15,100,49,45849,81920,441.81,400.00,1365,55
39641.21,100,51,45849,81920,350.12,400.00,1410,55
39646.27,97,78,45849,81920,288.68,400.00,1410,55
39651.33,100,53,45849,81920,263.92,400.00,1410,52
39656.39,100,56,45849,81920,266.58,400.00,1410,51
39661.45,100,58,45849,81920,272.62,400.00,1410,51
39666.5,100,62,45849,81920,277.18,400.00,1410,52
39671.55,100,55,45849,81920,364.63,400.00,1410,57
39676.62,100,44,45849,81920,396.42,400.00,1350,60
39681.68,100,50,45849,81920,366.69,400.00,1410,58
39686.74,100,49,45849,81920,297.45,400.00,1410,56
39691.79,100,50,45849,81920,337.97,400.00,1410,58
39696.85,100,50,45849,81920,332.24,400.00,1410,58
39701.9,59,38,45849,81920,268.39,400.00,1410,54
39706.96,59,33,45849,81920,272.01,400.00,1410,52
39712.01,100,60,45849,81920,291.71,400.00,1410,54
39717.07,100,64,45849,81920,300.46,400.00,1410,54
39722.12,100,67,45849,81920,309.25,400.00,1410,53
39727.18,100,54,45849,81920,353.06,400.00,1410,56
39732.24,100,45,45849,81920,394.17,400.00,1410,59
39737.3,97,64,45849,81920,337.05,400.00,1410,56
39742.35,94,48,45849,81920,349.52,400.00,1380,55
39747.41,100,51,45849,81920,355.41,400.00,1410,56
39752.47,98,66,45849,81920,303.82,400.00,1380,56
39757.53,100,51,45849,81920,330.10,400.00,1410,57
39762.59,100,55,45849,81920,271.73,400.00,1410,52
39767.65,100,58,45849,81920,283.22,400.00,1410,53
39772.71,100,62,45849,81920,288.41,400.00,1410,53
39777.76,100,66,45849,81920,301.69,400.00,1410,53
39782.82,100,57,45849,81920,377.88,400.00,1395,57
39787.88,100,49,45849,81920,365.39,400.00,1380,59
39792.98,98,69,45849,81920,369.02,400.00,1410,57
39798.04,94,46,45849,81920,386.62,400.00,1380,57
39803.11,100,51,45849,81920,355.78,400.00,1410,57
39808.17,97,73,45849,81920,363.98,400.00,1410,56
39813.23,100,51,45849,81920,262.07,400.00,1410,52
39818.29,100,56,45849,81920,264.79,400.00,1410,50
39823.36,100,58,45849,81920,276.58,400.00,1410,50
39828.41,100,62,45849,81920,288.41,400.00,1410,51
39833.47,99,54,45849,81920,360.94,400.00,1410,54
39838.54,99,54,45849,81920,369.79,400.00,1410,56
39843.6,17,15,45849,81920,378.66,400.00,1410,55
39848.66,100,51,45849,81920,365.23,400.00,1410,55
39853.72,100,57,45849,81920,380.65,400.00,1380,55
39858.78,100,51,45849,81920,314.73,400.00,1410,55
39863.84,100,50,45849,81920,312.34,400.00,1410,56
39868.9,100,53,45849,81920,264.47,400.00,1410,51
39873.97,100,58,45849,81920,275.66,400.00,1410,51
39879.03,100,59,45849,81920,284.96,400.00,1410,50
39884.09,100,61,45849,81920,284.62,400.00,1410,50
39889.16,100,54,45849,81920,351.17,400.00,1410,54
39894.23,100,36,45849,81920,392.82,400.00,1410,57
39899.29,100,59,45849,81920,372.18,400.00,1410,56
39904.37,100,57,45849,81920,332.54,400.00,1410,55
39909.43,99,49,45849,81920,358.18,400.00,1410,56
39914.5,100,51,45849,81920,365.66,400.00,1410,56
39919.56,100,49,45849,81920,284.33,400.00,1410,53
39924.62,100,54,45849,81920,264.52,400.00,1410,50
39929.69,100,57,45849,81920,275.11,400.00,1410,50
39934.75,100,60,45849,81920,281.55,400.00,1410,50
39939.81,100,62,45849,81920,283.77,400.00,1410,50
39944.88,100,54,45849,81920,352.21,400.00,1410,54
39949.94,100,45,45849,81920,310.03,400.00,1380,56
39955.01,100,51,45849,81920,327.74,400.00,1410,55
39960.07,100,49,45849,81920,287.78,400.00,1395,53
39965.13,100,51,45849,81920,364.14,400.00,1410,55
39970.19,100,59,45849,81920,304.77,400.00,1410,54
39975.26,86,42,45849,81920,253.83,400.00,1410,51
39980.32,100,53,45849,81920,259.91,400.00,1410,49
39985.38,100,55,45849,81920,260.77,400.00,1410,49
39990.44,100,58,45849,81920,268.52,400.00,1410,49
39995.51,100,57,45849,81920,375.77,400.00,1410,54
40000.57,100,54,45849,81920,416.20,400.00,1395,56
40005.63,100,51,45849,81920,347.55,400.00,1410,54
40010.7,95,48,45849,81920,365.17,400.00,1410,55
40015.77,100,50,45849,81920,325.16,400.00,1410,54
40020.83,100,51,45849,81920,348.28,400.00,1410,55
40025.9,94,47,45849,81920,364.68,400.00,1335,56
40030.96,100,54,45849,81920,270.10,400.00,1410,50
40036.02,100,58,45849,81920,277.26,400.00,1410,47
40041.09,100,59,45849,81920,273.83,400.00,1410,50
40046.15,100,58,45849,81920,259.57,400.00,1410,49
40051.21,100,50,45849,81920,308.33,400.00,1395,54
40056.27,100,45,45849,81920,358.59,400.00,1395,57
40061.33,100,52,45849,81920,358.49,400.00,1410,55
40066.39,100,51,45849,81920,323.82,400.00,1410,55
40071.45,97,77,45849,81920,326.51,400.00,1410,55
40076.51,95,48,45849,81920,365.99,400.00,1410,56
40081.58,100,50,45849,81920,260.84,400.00,1410,51
40086.64,100,56,45849,81920,271.16,400.00,1410,50
40091.7,100,58,45849,81920,279.41,400.00,1410,50
40096.76,100,63,45849,81920,286.53,400.00,1410,50
40101.82,100,64,45849,81920,289.49,400.00,1410,47
40106.88,100,55,45849,81920,370.65,400.00,1410,55
40111.95,100,45,45849,81920,376.75,400.00,1410,58
40117.0,98,78,45849,81920,280.21,400.00,1410,54
40122.16,100,50,45849,81920,354.40,400.00,1410,56
40127.39,100,50,45849,81920,357.81,400.00,1410,55
40132.45,97,70,45849,81920,305.71,400.00,1410,55
40137.51,100,52,45849,81920,263.79,400.00,1410,50
40142.57,100,58,45849,81920,275.73,400.00,1410,50
40147.66,100,60,45849,81920,281.64,400.00,1410,50
40152.72,100,61,45849,81920,274.51,400.00,1410,49
40157.82,100,49,45849,81920,346.99,400.00,1410,53
40162.98,100,36,45849,81920,389.23,400.00,1410,57
40168.04,94,47,45849,81920,366.29,400.00,1410,56
40173.1,100,51,45849,81920,351.45,400.00,1410,55
40178.16,97,70,45849,81920,338.50,400.00,1410,55
40183.22,94,47,45849,81920,369.19,400.00,1410,56
40188.28,100,50,45849,81920,158.26,400.00,1410,50
40193.35,100,54,45849,81920,267.46,400.00,1410,50
40198.43,100,59,45849,81920,282.64,400.00,1410,50
40203.49,100,62,45849,81920,288.05,400.00,1410,51
40208.55,100,66,45849,81920,303.20,400.00,1410,51
40213.64,100,48,45849,81920,359.15,400.00,1410,55
40218.7,100,44,45849,81920,378.15,400.00,1410,57
40223.76,100,49,45849,81920,276.26,400.00,1410,55
40228.82,100,50,45849,81920,366.37,400.00,1410,56
40233.87,97,71,45849,81920,334.08,400.00,1410,55
40238.93,100,50,45849,81920,367.07,400.00,1410,55
40243.99,97,67,45849,81920,350.71,400.00,1410,56
40249.05,100,55,45849,81920,272.30,400.00,1410,52
40254.11,100,59,45849,81920,282.31,400.00,1410,52
40259.17,100,60,45849,81920,289.00,400.00,1410,52
40264.23,100,63,45849,81920,91.45,400.00,1410,48
40269.29,100,50,45849,81920,323.16,400.00,1395,56
40274.35,100,45,45849,81920,389.66,400.00,1380,58
40279.4,94,46,45849,81920,386.82,400.00,1410,59
40284.46,100,51,45849,81920,352.47,400.00,1410,58
40289.52,96,70,45849,81920,350.32,400.00,1410,58
40294.58,100,51,45849,81920,383.31,400.00,1410,59
40299.64,100,50,45849,81920,370.33,400.00,1410,59
40304.7,100,55,45849,81920,276.30,400.00,1410,54
40309.76,100,59,45849,81920,285.65,400.00,1410,54
40314.82,100,62,45849,81920,294.43,400.00,1410,54
40319.87,100,63,45849,81920,295.62,400.00,1410,54
40324.93,100,54,45849,81920,374.18,400.00,1410,58
40329.99,99,44,45849,81920,334.66,400.00,1395,59
40335.04,94,47,45849,81920,379.08,400.00,1410,60
40340.11,100,51,45849,81920,356.33,400.00,1410,59
40345.17,97,63,45849,81920,354.21,400.00,1410,58
40350.22,94,46,45849,81920,387.14,400.00,1410,61
40355.28,100,50,45849,81920,373.85,400.00,1410,60
40360.38,100,55,45849,81920,277.50,400.00,1410,54
40365.43,100,54,45849,81920,262.02,400.00,1410,52
40370.49,100,57,45849,81920,260.82,400.00,1410,51
40375.55,0,0,45849,81920,88.23,400.00,1410,45
40380.6,100,60,45849,81920,367.35,400.00,1410,56
40385.66,100,48,45849,81920,434.27,400.00,1380,59
40390.72,97,77,45849,81920,327.98,400.00,1410,55
40395.78,99,50,45849,81920,366.59,400.00,1410,56
40400.84,100,52,45849,81920,350.59,400.00,1410,55
40405.9,100,60,45849,81920,374.18,400.00,1410,56
40410.96,100,54,45849,81920,270.87,400.00,1410,51
40416.02,100,59,45849,81920,282.03,400.00,1410,51
40421.08,100,60,45849,81920,284.77,400.00,1410,51
40426.14,100,63,45849,81920,289.60,400.00,1410,51
40431.22,100,49,45849,81920,349.52,400.00,1395,55
40436.28,99,44,45849,81920,392.70,400.00,1410,58
40441.34,100,51,45849,81920,355.28,400.00,1410,56
40446.4,94,46,45849,81920,363.65,400.00,1395,55
40451.46,100,51,45849,81920,308.06,400.00,1410,55
40456.57,94,46,45849,81920,368.49,400.00,1365,56
40461.63,100,51,45849,81920,349.52,400.00,1410,56
40466.7,100,53,45849,81920,269.63,400.00,1410,51
40471.76,100,59,45849,81920,285.65,400.00,1410,51
40476.82,100,63,45849,81920,296.26,400.00,1410,51
40481.88,100,65,45849,81920,304.45,400.00,1410,52
40486.95,100,55,45849,81920,367.90,400.00,1410,54
40492.01,100,59,45849,81920,362.58,400.00,1395,56
40497.07,66,32,45849,81920,374.77,400.00,1410,53
40502.14,94,48,45849,81920,369.39,400.00,1410,57
40507.2,100,51,45849,81920,361.74,400.00,1410,56
40512.26,100,50,45849,81920,291.97,400.00,1365,55
40517.32,100,51,45849,81920,356.58,400.00,1410,56
40522.38,100,54,45849,81920,267.20,400.00,1410,51
40527.47,100,60,45849,81920,283.81,400.00,1410,51
40532.53,100,61,45849,81920,292.30,400.00,1410,51
40537.59,100,63,45849,81920,292.57,400.00,1410,51
40542.66,100,49,45849,81920,370.93,400.00,1395,56
40547.72,100,46,45849,81920,401.26,400.00,1395,57
40552.78,94,49,45849,81920,381.57,400.00,1380,54
40557.84,94,46,45849,81920,375.21,400.00,1410,56
40562.93,100,49,45849,81920,361.74,400.00,1410,56
40567.99,100,49,45849,81920,252.47,400.00,1410,55
40573.05,100,50,45849,81920,258.03,400.00,1410,51
40578.11,100,56,45849,81920,269.95,400.00,1410,50
40583.17,100,58,45849,81920,274.80,400.00,1410,49
40588.23,100,59,45849,81920,275.53,400.00,1410,50
40593.3,3,1,45849,81920,296.88,400.00,1410,48
40598.37,100,61,45849,81920,384.40,400.00,1410,55
40603.44,29,14,45849,81920,370.49,400.00,1410,54
40608.5,100,51,45849,81920,312.66,400.00,1410,54
40613.56,97,72,45849,81920,307.17,400.00,1410,54
40618.62,100,52,45849,81920,366.97,400.00,1410,55
40623.68,100,59,45849,81920,380.44,400.00,1410,56
40628.75,100,53,45849,81920,259.50,400.00,1410,50
40633.81,100,56,45849,81920,264.12,400.00,1410,49
40638.87,100,56,45849,81920,244.05,400.00,1410,48
40643.94,83,43,45849,81920,221.20,400.00,1410,45
40649.0,100,55,45849,81920,357.70,400.00,1410,55
40654.06,100,36,45849,81920,367.53,400.00,1410,57
40659.12,94,47,45849,81920,367.53,400.00,1410,55
40664.18,100,51,45849,81920,299.90,400.00,1410,54
40669.3,100,49,45849,81920,302.05,400.00,1395,53
40674.35,100,51,45849,81920,327.51,400.00,1410,52
40679.4,100,52,45849,81920,263.58,400.00,1410,50
40684.48,100,57,45849,81920,280.75,400.00,1410,50
40689.54,100,60,45849,81920,280.30,400.00,1410,50
40694.6,100,58,45849,81920,272.18,400.00,1410,49
40699.67,100,54,45849,81920,354.11,400.00,1410,54
40704.74,99,43,45849,81920,367.05,400.00,1410,56
40709.83,100,50,45849,81920,296.56,400.00,1410,54
40714.89,100,59,45849,81920,363.29,400.00,1410,55
40719.94,94,46,45849,81920,367.80,400.00,1410,55
40725.0,100,50,45849,81920,328.05,400.00,1410,55
40730.06,100,56,45849,81920,299.89,400.00,1410,54
40735.13,100,55,45849,81920,270.83,400.00,1410,50
40740.2,100,58,45849,81920,272.30,400.00,1410,50
40745.26,100,59,45849,81920,270.50,400.00,1410,49
40750.32,100,59,45849,81920,273.27,400.00,1410,49
40755.38,100,63,45849,81920,387.95,400.00,1335,55
40760.45,100,44,45849,81920,377.28,400.00,1395,57
40765.51,100,51,45849,81920,353.43,400.00,1410,55
40770.57,100,51,45849,81920,335.87,400.00,1410,54
40775.63,100,51,45849,81920,367.83,400.00,1410,56
40780.7,100,51,45849,81920,332.05,400.00,1410,55
40785.77,100,50,45849,81920,260.78,400.00,1410,51
40790.83,100,56,45849,81920,277.27,400.00,1410,50
40795.89,100,59,45849,81920,283.19,400.00,1410,50
40800.95,100,63,45849,81920,285.06,400.00,1410,50
40806.03,100,65,45849,81920,299.61,400.00,1410,49
40811.09,100,49,45849,81920,356.22,400.00,1410,55
40816.15,100,44,45849,81920,394.95,400.00,1410,57
40821.21,97,78,45849,81920,348.86,400.00,1410,55
40826.28,100,52,45849,81920,304.80,400.00,1410,55
40831.34,100,51,45849,81920,310.29,400.00,1410,55
40836.41,93,47,45849,81920,374.28,400.00,1410,56
40841.51,100,50,45849,81920,258.90,400.00,1410,51
40846.57,100,57,45849,81920,272.09,400.00,1410,50
40851.63,100,59,45849,81920,279.72,400.00,1410,50
40856.76,100,62,45849,81920,284.75,400.00,1410,50
40861.83,100,63,45849,81920,280.22,400.00,1410,50
40866.89,100,59,45849,81920,347.67,400.00,1410,55
40871.95,100,37,45849,81920,398.55,400.00,1410,58
40877.06,100,51,45849,81920,357.67,400.00,1410,55
40882.12,97,71,45849,81920,320.17,400.00,1410,55
40887.18,94,47,45849,81920,374.24,400.00,1410,56
40892.24,100,50,45849,81920,321.37,400.00,1410,55
40897.3,100,50,45849,81920,253.53,400.00,1410,50
40902.36,100,57,45849,81920,276.26,400.00,1410,50
40907.42,100,62,45849,81920,290.17,400.00,1410,50
40912.47,100,65,45849,81920,304.14,400.00,1410,51
40917.52,100,64,45849,81920,296.22,400.00,1410,51
40922.59,100,50,45849,81920,306.86,400.00,1395,55
40927.65,100,45,45849,81920,387.62,400.00,1410,59
40932.7,97,66,45849,81920,328.58,400.00,1410,57
40937.76,94,48,45849,81920,374.24,400.00,1410,58
40942.81,100,51,45849,81920,366.37,400.00,1410,58
40947.87,97,78,45849,81920,354.55,400.00,1410,58
40952.93,100,49,45849,81920,263.27,400.00,1410,54
40957.99,100,56,45849,81920,274.78,400.00,1410,54
40963.04,100,58,45849,81920,280.80,400.00,1410,52
40968.1,100,62,45849,81920,290.20,400.00,1410,53
40973.16,35,22,45849,81920,90.25,400.00,1410,47
40978.21,100,50,45849,81920,356.70,400.00,1410,58
40983.26,100,40,45849,81920,380.79,400.00,1410,61
40988.32,100,50,45849,81920,328.32,400.00,1410,58
40993.38,100,50,45849,81920,349.43,400.00,1410,58
40998.43,94,47,45849,81920,353.67,400.00,1410,57
41003.49,98,48,45849,81920,376.95,400.00,1410,58
41008.55,100,49,45849,81920,276.89,400.00,1395,54
41013.61,100,52,45849,81920,269.62,400.00,1410,52
41018.67,100,57,45849,81920,276.89,400.00,1410,51
41023.73,100,61,45849,81920,279.93,400.00,1410,51
41028.78,100,64,45849,81920,291.09,400.00,1410,51
41033.84,100,54,45849,81920,362.13,400.00,1410,56
41038.9,100,37,45849,81920,399.32,400.00,1410,59
41043.95,100,51,45849,81920,370.07,400.00,1410,57
41049.01,97,68,45849,81920,332.56,400.00,1410,58
41054.07,98,64,45849,81920,295.35,400.00,1410,58
41059.13,100,50,45849,81920,331.29,400.00,1410,57
41064.19,100,50,45849,81920,311.96,400.00,1410,58
41069.25,100,55,45849,81920,273.85,400.00,1410,54
41074.31,100,58,45849,81920,282.92,400.00,1410,53
41079.37,100,60,45849,81920,285.96,400.00,1410,52
41084.43,100,59,45849,81920,278.41,400.00,1410,51
41089.49,100,48,45849,81920,359.42,400.00,1410,56
41094.55,100,45,45849,81920,391.78,400.00,1410,59
41099.61,100,48,45849,81920,436.06,400.00,1350,58
41104.67,100,51,45849,81920,342.20,400.00,1410,55
41109.73,97,79,45849,81920,363.38,400.00,1410,56
41114.79,100,50,45849,81920,318.91,400.00,1395,56
41119.86,61,31,45849,81920,257.24,400.00,1410,50
41124.92,100,57,45849,81920,278.38,400.00,1410,51
41129.98,100,60,45849,81920,282.64,400.00,1410,51
41135.04,100,61,45849,81920,282.92,400.00,1410,50
41140.1,100,64,45849,81920,88.97,400.00,1410,46
41145.16,100,54,45849,81920,457.09,400.00,1410,55
41150.22,100,44,45849,81920,389.75,400.00,1410,58
41155.28,100,51,45849,81920,352.21,400.00,1410,55
41160.34,100,49,45849,81920,274.36,400.00,1410,52
41165.4,100,52,45849,81920,346.72,400.00,1410,56
41170.45,97,64,45849,81920,356.22,400.00,1410,55
41175.51,100,50,45849,81920,257.70,400.00,1410,51
41180.57,100,57,45849,81920,280.66,400.00,1410,51
41185.63,6,3,45849,81920,260.17,400.00,1410,48
41190.69,100,60,45849,81920,283.42,400.00,1410,51
41195.75,0,0,45849,81920,86.79,400.00,1410,43
41200.92,100,55,45849,81920,336.30,400.00,1380,56
41206.16,33,16,45849,81920,364.35,400.00,1410,56
41211.28,100,50,45849,81920,356.38,400.00,1410,57
41216.35,100,50,45849,81920,267.46,400.00,1410,55
41221.41,100,51,45849,81920,377.08,400.00,1410,55
41226.47,100,51,45849,81920,314.73,400.00,1410,56
41231.53,100,52,45849,81920,258.43,400.00,1410,51
41236.59,100,56,45849,81920,270.74,400.00,1410,50
41241.65,100,60,45849,81920,278.80,400.00,1410,50
41246.71,100,63,45849,81920,285.83,400.00,1410,50
41251.77,100,49,45849,81920,423.05,400.00,1395,54
41256.83,100,46,45849,81920,374.56,400.00,1410,57
41261.89,100,51,45849,81920,321.07,400.00,1410,54
41266.96,100,49,45849,81920,283.49,400.00,1410,54
41272.02,100,51,45849,81920,302.64,400.00,1410,55
41277.08,97,78,45849,81920,325.76,400.00,1410,55
41282.14,100,49,45849,81920,275.30,400.00,1395,54
41287.24,100,54,45849,81920,266.27,400.00,1410,50
41292.3,100,58,45849,81920,277.86,400.00,1410,50
41297.36,100,62,45849,81920,285.56,400.00,1410,50
41302.43,100,61,45849,81920,278.80,400.00,1410,50
41307.49,100,54,45849,81920,363.85,400.00,1410,55
41312.55,100,36,45849,81920,368.27,400.00,1410,57
41317.62,100,51,45849,81920,382.91,400.00,1410,54
41322.68,94,47,45849,81920,369.85,400.00,1410,55
41327.73,100,51,45849,81920,329.33,400.00,1410,55
41332.8,100,62,45849,81920,324.42,400.00,1410,55
41337.86,46,31,45849,81920,221.34,400.00,1410,51
41342.93,52,28,45849,81920,267.09,400.00,1410,49
41347.99,100,59,45849,81920,271.77,400.00,1410,50
41353.05,100,61,45849,81920,278.53,400.00,1410,50
41358.11,100,60,45849,81920,277.29,400.00,1410,50
41363.18,100,55,45849,81920,369.47,400.00,1380,54
41368.24,100,49,45849,81920,391.69,400.00,1410,58
41373.3,100,52,45849,81920,315.01,400.00,1410,54
41378.36,100,49,45849,81920,339.17,400.00,1410,54
41383.42,94,47,45849,81920,375.55,400.00,1320,57
41388.49,100,51,45849,81920,353.43,400.00,1410,56
41393.55,100,52,45849,81920,265.67,400.00,1410,50
41398.61,100,56,45849,81920,274.23,400.00,1410,50
41403.68,100,60,45849,81920,282.49,400.00,1410,50
41408.74,100,62,45849,81920,287.99,400.00,1410,50
41413.8,1,0,45849,81920,366.37,400.00,1410,50
41418.86,100,54,45849,81920,371.16,400.00,1410,55
41423.93,100,36,45849,81920,386.83,400.00,1410,58
41428.98,100,49,45849,81920,338.89,400.00,1410,54
41434.05,100,51,45849,81920,333.00,400.00,1410,54
41439.11,97,75,45849,81920,331.13,400.00,1410,55
41444.17,100,51,45849,81920,350.06,400.00,1410,56
41449.24,100,52,45849,81920,262.25,400.00,1410,50
41454.3,100,56,45849,81920,270.23,400.00,1410,50
41459.36,100,58,45849,81920,273.39,400.00,1410,50
41464.42,100,60,45849,81920,273.63,400.00,1410,49
41469.48,100,60,45849,81920,363.47,400.00,1410,54
41474.55,100,49,45849,81920,413.41,400.00,1350,56
41479.63,98,50,45849,81920,364.35,400.00,1410,55
41484.75,100,50,45849,81920,346.83,400.00,1410,55
41489.82,100,49,45849,81920,467.95,400.00,1395,53
41494.89,67,38,45849,81920,123.41,400.00,1410,51
41499.99,100,51,45849,81920,126.53,400.00,1410,50
41505.06,100,56,45849,81920,275.11,400.00,1410,50
41510.13,100,61,45849,81920,287.10,400.00,1410,50
41515.24,100,62,45849,81920,285.56,400.00,1410,50
41520.31,100,63,45849,81920,284.98,400.00,1410,50
41525.37,100,49,45849,81920,371.15,400.00,1395,55
41530.43,100,44,45849,81920,316.46,400.00,1395,56
41535.5,100,51,45849,81920,325.96,400.00,1410,55
41540.56,100,49,45849,81920,373.11,400.00,1395,53
41545.62,100,51,45849,81920,344.68,400.00,1410,55
41550.68,97,80,45849,81920,325.86,400.00,1395,55
41555.75,100,51,45849,81920,325.28,400.00,1410,56
41560.8,100,56,45849,81920,273.54,400.00,1410,51
41565.86,100,59,45849,81920,280.50,400.00,1410,50
41570.93,100,62,45849,81920,286.85,400.00,1410,51
41575.99,100,65,45849,81920,294.11,400.00,1410,51
41581.05,100,58,45849,81920,414.47,400.00,1335,57
41586.11,100,48,45849,81920,410.24,400.00,1380,58
41591.18,97,78,45849,81920,318.65,400.00,1410,57
41596.24,100,51,45849,81920,344.60,400.00,1410,57
41601.29,100,51,45849,81920,356.38,400.00,1410,58
41606.35,100,61,45849,81920,375.17,400.00,1395,58
41611.41,100,51,45849,81920,264.46,400.00,1410,54
41616.46,100,56,45849,81920,285.93,400.00,1410,54
41621.52,100,60,45849,81920,291.12,400.00,1410,54
41626.58,100,63,45849,81920,293.23,400.00,1410,53
41631.64,97,64,45849,81920,90.16,400.00,1410,47
41636.69,100,55,45849,81920,371.73,400.00,1410,57
41641.75,100,36,45849,81920,377.49,400.00,1395,59
41646.81,100,49,45849,81920,311.04,400.00,1410,54
41651.87,100,51,45849,81920,335.26,400.00,1410,55
41656.92,100,50,45849,81920,368.22,400.00,1410,56
41661.98,100,49,45849,81920,282.64,400.00,1410,54
41667.04,100,52,45849,81920,258.44,400.00,1410,51
41672.1,100,57,45849,81920,273.85,400.00,1410,52
41677.16,100,59,45849,81920,279.93,400.00,1410,52
41682.21,100,59,45849,81920,278.69,400.00,1410,52
41687.27,100,55,45849,81920,369.62,400.00,1410,57
41692.33,100,45,45849,81920,388.74,400.00,1380,59
41697.38,100,50,45849,81920,290.20,400.00,1410,57
41702.44,100,51,45849,81920,327.38,400.00,1410,56
41707.5,100,51,45849,81920,352.20,400.00,1410,58
41712.59,100,49,45849,81920,280.80,400.00,1395,56
41717.64,100,51,45849,81920,337.73,400.00,1410,57
41722.7,100,56,45849,81920,277.18,400.00,1410,52
41727.75,99,60,45849,81920,292.02,400.00,1410,52
41732.8,100,64,45849,81920,303.82,400.00,1410,52
41737.86,100,68,45849,81920,311.04,400.00,1410,52
41742.92,99,61,45849,81920,375.44,400.00,1410,56
41747.98,99,49,45849,81920,405.85,400.00,1380,57
41753.04,100,49,45849,81920,308.06,400.00,1380,56
41758.1,100,51,45849,81920,331.02,400.00,1410,57
41763.15,97,80,45849,81920,337.62,400.00,1410,57
41768.21,100,51,45849,81920,368.11,400.00,1410,58
41773.28,100,63,45849,81920,357.26,400.00,1410,57
41778.34,100,54,45849,81920,262.07,400.00,1410,51
41783.4,100,58,45849,81920,284.44,400.00,1410,51
41788.45,100,60,45849,81920,280.21,400.00,1410,51
41793.51,100,61,45849,81920,272.66,400.00,1410,50
41798.61,100,55,45849,81920,409.81,400.00,1410,56
41803.67,100,45,45849,81920,467.90,400.00,1395,57
41808.73,100,52,45849,81920,293.83,400.00,1410,54
41813.78,99,49,45849,81920,363.06,400.00,1410,57
41818.85,100,51,45849,81920,343.37,400.00,1410,55
41823.91,100,64,45849,81920,319.57,400.00,1410,55
41828.97,100,51,45849,81920,259.24,400.00,1410,51
41834.03,100,58,45849,81920,272.35,400.00,1410,51
41839.09,100,62,45849,81920,289.60,400.00,1410,51
41844.16,100,65,45849,81920,300.52,400.00,1410,51
41849.22,100,67,45849,81920,89.25,400.00,1410,46
41854.28,100,50,45849,81920,369.19,400.00,1410,56
41859.34,100,45,45849,81920,385.23,400.00,1410,59
41864.4,100,51,45849,81920,362.83,400.00,1410,56
41869.47,100,59,45849,81920,382.11,400.00,1410,56
41874.53,100,51,45849,81920,333.50,400.00,1410,55
41879.59,97,66,45849,81920,412.56,400.00,1410,54
41884.65,100,53,45849,81920,268.11,400.00,1410,51
41889.71,100,59,45849,81920,280.22,400.00,1410,51
41894.77,100,63,45849,81920,293.21,400.00,1410,51
41899.83,100,64,45849,81920,295.36,400.00,1410,51
41904.9,100,55,45849,81920,365.93,400.00,1365,53
41909.96,100,46,45849,81920,386.89,400.00,1410,57
41915.02,100,50,45849,81920,362.92,400.00,1410,54
41920.09,100,51,45849,81920,346.22,400.00,1410,55
41925.15,100,51,45849,81920,365.06,400.00,1410,55
41930.21,97,67,45849,81920,344.83,400.00,1410,55
41935.27,100,51,45849,81920,384.03,400.00,1410,56
41940.33,100,55,45849,81920,268.06,400.00,1410,50
41945.4,100,58,45849,81920,278.68,400.00,1410,50
41950.46,100,58,45849,81920,271.11,400.00,1410,50
41955.52,100,59,45849,81920,271.21,400.00,1410,49
41960.59,100,54,45849,81920,361.37,400.00,1410,54
41965.65,100,36,45849,81920,377.96,400.00,1410,57
41970.74,100,50,45849,81920,320.90,400.00,1410,55
41975.8,100,64,45849,81920,330.79,400.00,1410,55
41980.87,100,51,45849,81920,203.26,400.00,1410,55
41985.93,100,50,45849,81920,340.44,400.00,1410,55
41990.99,100,49,45849,81920,254.72,400.00,1410,51
41996.05,100,56,45849,81920,280.49,400.00,1410,51
42001.11,100,62,45849,81920,290.82,400.00,1410,51
42006.17,100,63,45849,81920,301.74,400.00,1410,51
42011.24,100,66,45849,81920,296.58,400.00,1410,51
42016.3,100,54,45849,81920,358.03,400.00,1410,55
42021.36,100,36,45849,81920,381.19,400.00,1395,57
42026.45,97,68,45849,81920,336.34,400.00,1410,55
42031.51,100,51,45849,81920,343.43,400.00,1410,55
42036.57,100,49,45849,81920,327.72,400.00,1410,55
42041.63,94,48,45849,81920,365.50,400.00,1410,56
42046.7,100,50,45849,81920,255.65,400.00,1410,51
42051.75,100,57,45849,81920,280.50,400.00,1410,51
42056.85,100,57,45849,81920,275.02,400.00,1410,50
42061.91,100,58,45849,81920,260.58,400.00,1410,49
42066.97,100,53,45849,81920,368.41,400.00,1410,53
42072.03,99,55,45849,81920,375.77,400.00,1410,55
42077.1,73,36,45849,81920,363.58,400.00,1410,55
42082.16,100,50,45849,81920,335.87,400.00,1410,55
42087.22,97,71,45849,81920,341.39,400.00,1410,55
42092.28,93,47,45849,81920,376.33,400.00,1410,56
42097.35,100,51,45849,81920,331.29,400.00,1410,56
42102.44,100,53,45849,81920,267.74,400.00,1410,50
42107.51,100,60,45849,81920,291.12,400.00,1410,51
42112.57,100,63,45849,81920,289.30,400.00,1410,50
42117.65,100,67,45849,81920,305.92,400.00,1410,51
42122.71,92,46,45849,81920,336.22,400.00,1410,52
42127.78,100,59,45849,81920,440.61,400.00,1395,55
42132.84,100,51,45849,81920,338.67,400.00,1410,54
42137.95,100,50,45849,81920,351.91,400.00,1410,55
42143.01,100,51,45849,81920,338.57,400.00,1410,55
42148.07,94,46,45849,81920,269.30,400.00,1395,53
42153.14,100,51,45849,81920,371.10,400.00,1410,56
42158.2,100,54,45849,81920,266.26,400.00,1410,51
42163.26,100,60,45849,81920,280.51,400.00,1410,51
42168.32,100,62,45849,81920,288.67,400.00,1410,51
42173.38,100,64,45849,81920,290.52,400.00,1410,51
42178.44,100,54,45849,81920,360.72,400.00,1410,54
42183.51,100,45,45849,81920,399.46,400.00,1410,57
42188.57,100,51,45849,81920,371.20,400.00,1410,55
42193.63,97,78,45849,81920,325.34,400.00,1410,55
42198.69,100,51,45849,81920,364.35,400.00,1410,56
42203.75,100,50,45849,81920,337.12,400.00,1410,56
42208.83,100,51,45849,81920,335.60,400.00,1410,55
42213.88,100,55,45849,81920,270.50,400.00,1410,51
42218.94,100,58,45849,81920,278.98,400.00,1410,50
42223.99,100,60,45849,81920,277.18,400.00,1410,50
42229.05,100,62,45849,81920,287.75,400.00,1410,50
42234.11,100,55,45849,81920,364.03,400.00,1410,55
42239.17,100,37,45849,81920,370.71,400.00,1395,58
42244.22,95,47,45849,81920,381.51,400.00,1410,56
42249.28,100,50,45849,81920,363.65,400.00,1410,57
42254.37,100,51,45849,81920,366.75,400.00,1410,57
42259.43,100,54,45849,81920,268.42,400.00,1395,55
42264.48,77,38,45849,81920,90.25,400.00,1410,47
42269.54,100,55,45849,81920,273.26,400.00,1410,52
42274.59,100,59,45849,81920,284.17,400.00,1410,53
42279.65,100,62,45849,81920,293.23,400.00,1410,53
42284.7,100,65,45849,81920,306.54,400.00,1410,53
42289.76,100,49,45849,81920,354.26,400.00,1410,58
42294.82,100,36,45849,81920,293.83,400.00,1365,59
42299.88,97,78,45849,81920,291.71,400.00,1380,57
42304.93,96,49,45849,81920,365.39,400.00,1410,58
42309.99,100,51,45849,81920,361.76,400.00,1410,57
42315.05,97,79,45849,81920,336.45,400.00,1410,57
42320.11,100,53,45849,81920,265.71,400.00,1410,51
42325.16,100,56,45849,81920,270.87,400.00,1410,51
42330.22,100,58,45849,81920,275.37,400.00,1410,50
42335.28,100,58,45849,81920,273.87,400.00,1410,50
42340.34,100,50,45849,81920,383.83,400.00,1395,55
42345.39,100,37,45849,81920,389.85,400.00,1380,58
42350.45,94,47,45849,81920,386.02,400.00,1410,58
42355.51,100,51,45849,81920,361.86,400.00,1410,57
42360.57,100,55,45849,81920,269.90,400.00,1410,57
42365.62,93,47,45849,81920,172.77,400.00,1410,58
42370.68,100,51,45849,81920,347.63,400.00,1410,58
42375.74,100,55,45849,81920,278.98,400.00,1410,53
42380.79,100,58,45849,81920,277.18,400.00,1410,52
42385.85,100,62,45849,81920,289.87,400.00,1410,52
42390.92,100,62,45849,81920,284.44,400.00,1410,51
42395.98,100,55,45849,81920,370.82,400.00,1410,56
42401.04,100,37,45849,81920,458.73,400.00,1380,58
42406.1,94,47,45849,81920,377.16,400.00,1395,55
42411.17,100,50,45849,81920,320.43,400.00,1410,56
42416.23,97,79,45849,81920,329.50,400.00,1410,56
42421.29,100,50,45849,81920,360.72,400.00,1410,58
42426.35,100,51,45849,81920,259.36,400.00,1410,53
42431.42,14,8,45849,81920,89.84,400.00,1410,47
42436.5,100,60,45849,81920,285.36,400.00,1410,52
42441.56,100,63,45849,81920,292.29,400.00,1410,52
42446.62,0,0,45849,81920,87.44,400.00,1410,43
42451.68,100,50,45849,81920,318.92,400.00,1380,56
42456.75,100,37,45849,81920,371.80,400.00,1410,58
42461.81,100,50,45849,81920,373.65,400.00,1410,56
42466.87,100,51,45849,81920,342.81,400.00,1410,55
42471.93,94,47,45849,81920,327.66,400.00,1395,54
42477.0,100,51,45849,81920,316.80,400.00,1410,56
42482.06,100,52,45849,81920,260.55,400.00,1410,51
42487.12,100,56,45849,81920,278.69,400.00,1410,51
42492.18,100,59,45849,81920,280.38,400.00,1410,51
42497.24,100,60,45849,81920,268.69,400.00,1410,50
42502.3,100,50,45849,81920,370.94,400.00,1410,54
42507.37,100,53,45849,81920,461.51,400.00,1395,56
42512.43,97,77,45849,81920,350.67,400.00,1410,55
42517.49,99,50,45849,81920,195.86,400.00,1410,55
42522.55,100,51,45849,81920,326.51,400.00,1410,55
42527.61,100,62,45849,81920,335.41,400.00,1410,55
42532.68,94,47,45849,81920,309.57,400.00,1410,56
42537.74,100,54,45849,81920,268.66,400.00,1410,51
42542.84,100,59,45849,81920,282.91,400.00,1410,51
42547.9,100,61,45849,81920,288.35,400.00,1410,51
42552.97,100,65,45849,81920,296.56,400.00,1410,51
42558.03,100,55,45849,81920,319.91,400.00,1395,54
42563.1,100,45,45849,81920,378.87,400.00,1410,57
42568.16,100,51,45849,81920,363.98,400.00,1410,56
42573.22,100,51,45849,81920,344.68,400.00,1410,55
42578.29,94,76,45849,81920,330.79,400.00,1410,55
42583.39,95,48,45849,81920,358.63,400.00,1410,56
42588.45,100,52,45849,81920,356.22,400.00,1410,55
42593.52,100,55,45849,81920,270.00,400.00,1410,50
42598.64,100,57,45849,81920,278.20,400.00,1410,50
42603.7,100,57,45849,81920,268.66,400.00,1410,49
42608.76,100,61,45849,81920,275.24,400.00,1410,49
42613.82,100,60,45849,81920,334.88,400.00,1410,55
42618.89,100,43,45849,81920,403.28,400.00,1410,58
42623.95,97,76,45849,81920,345.78,400.00,1410,54
42629.01,100,51,45849,81920,319.81,400.00,1410,55
42634.07,100,52,45849,81920,325.96,400.00,1410,54
42639.13,100,51,45849,81920,355.15,400.00,1410,54
42644.19,5,3,45849,81920,260.77,400.00,1410,49
42649.25,100,56,45849,81920,266.49,400.00,1410,50
42654.32,100,57,45849,81920,268.05,400.00,1410,49
42659.38,100,60,45849,81920,271.11,400.00,1410,49
42664.44,100,50,45849,81920,370.01,400.00,1410,54
42669.51,100,45,45849,81920,341.29,400.00,1395,56
42674.57,100,50,45849,81920,281.26,400.00,1410,54
42679.63,100,51,45849,81920,347.55,400.00,1410,55
42684.69,100,50,45849,81920,317.66,400.00,1410,55
42689.76,97,62,45849,81920,274.36,400.00,1410,55
42694.82,100,52,45849,81920,327.82,400.00,1410,53
42699.87,100,54,45849,81920,265.33,400.00,1410,50
42704.93,100,59,45849,81920,281.42,400.00,1410,50
42709.98,100,62,45849,81920,293.25,400.00,1410,50
42715.07,100,65,45849,81920,295.06,400.00,1410,51
42720.13,100,57,45849,81920,307.77,400.00,1380,55
42725.2,100,49,45849,81920,398.31,400.00,1380,57
42730.25,100,50,45849,81920,253.07,400.00,1410,54
42735.32,97,79,45849,81920,359.24,400.00,1410,55
42740.38,100,49,45849,81920,321.95,400.00,1395,54
42745.44,100,50,45849,81920,326.23,400.00,1410,55
42750.5,92,44,45849,81920,251.40,400.00,1410,51
42755.56,100,55,45849,81920,270.98,400.00,1410,50
42760.63,100,57,45849,81920,278.80,400.00,1410,50
42765.69,100,59,45849,81920,277.98,400.00,1410,50
42770.75,100,62,45849,81920,274.39,400.00,1410,46
42775.8,100,49,45849,81920,346.95,400.00,1410,55
42780.87,100,45,45849,81920,389.07,400.00,1395,57
42785.93,97,76,45849,81920,211.26,400.00,1395,53
42790.99,100,49,45849,81920,376.75,400.00,1410,56
42796.09,100,51,45849,81920,351.27,400.00,1410,55
42801.16,97,77,45849,81920,335.87,400.00,1410,55
42806.27,100,52,45849,81920,259.57,400.00,1410,50
42811.33,100,56,45849,81920,267.51,400.00,1410,50
42816.4,100,59,45849,81920,277.49,400.00,1410,50
42821.52,100,62,45849,81920,285.35,400.00,1410,50
42826.66,100,50,45849,81920,420.34,400.00,1395,54
42831.72,100,38,45849,81920,393.30,400.00,1395,57
42836.79,100,50,45849,81920,319.90,400.00,1410,55
42841.85,95,47,45849,81920,316.46,400.00,1395,54
42846.91,100,51,45849,81920,314.04,400.00,1410,55
42851.97,100,51,45849,81920,367.98,400.00,1410,55
42857.03,100,49,45849,81920,257.24,400.00,1410,51
42862.1,100,56,45849,81920,276.70,400.00,1410,50
42867.17,100,59,45849,81920,283.42,400.00,1410,50
42872.24,100,62,45849,81920,286.16,400.00,1410,50
42877.3,100,62,45849,81920,284.02,400.00,1410,50
42882.36,100,55,45849,81920,334.08,400.00,1410,55
42887.42,100,45,45849,81920,394.49,400.00,1410,57
42892.48,100,51,45849,81920,353.76,400.00,1410,55
42897.54,97,78,45849,81920,331.04,400.00,1410,55
42902.6,98,50,45849,81920,374.24,400.00,1410,56
42907.67,100,52,45849,81920,360.94,400.00,1410,56
42912.73,100,52,45849,81920,261.75,400.00,1410,50
42917.79,100,57,45849,81920,275.39,400.00,1410,50
42922.85,100,62,45849,81920,290.17,400.00,1410,50
42927.9,100,62,45849,81920,296.26,400.00,1410,50
42932.96,100,56,45849,81920,360.94,400.00,1410,55
42938.03,100,52,45849,81920,363.38,400.00,1395,57
42943.12,100,51,45849,81920,328.65,400.00,1410,55
42948.18,100,49,45849,81920,364.47,400.00,1410,58
42953.24,100,51,45849,81920,305.29,400.00,1410,56
42958.3,100,51,45849,81920,325.88,400.00,1410,58
42963.36,99,62,45849,81920,402.96,400.00,1410,57
42968.42,100,54,45849,81920,272.03,400.00,1410,53
42973.48,100,57,45849,81920,277.78,400.00,1410,53
42978.54,100,62,45849,81920,293.23,400.00,1410,53
42983.59,100,63,45849,81920,292.91,400.00,1410,54
42988.65,100,49,45849,81920,306.81,400.00,1395,57
42993.71,100,38,45849,81920,425.48,400.00,1395,59
42998.77,100,49,45849,81920,271.73,400.00,1410,54
43003.83,100,50,45849,81920,282.92,400.00,1395,55
43008.88,100,52,45849,81920,334.34,400.00,1410,57
43013.94,100,51,45849,81920,376.95,400.00,1410,56
43019.0,100,55,45849,81920,277.82,400.00,1395,54
43024.06,100,54,45849,81920,272.66,400.00,1410,52
43029.12,100,57,45849,81920,277.78,400.00,1410,52
43034.18,100,59,45849,81920,271.42,400.00,1410,51
43039.24,100,62,45849,81920,277.50,400.00,1410,52
43044.3,100,55,45849,81920,370.01,400.00,1410,57
43049.36,100,42,45849,81920,405.67,400.00,1410,60
43054.41,100,51,45849,81920,348.92,400.00,1410,58
43059.46,100,56,45849,81920,338.90,400.00,1410,58
43064.52,94,48,45849,81920,379.28,400.00,1410,59
43069.58,100,51,45849,81920,324.07,400.00,1410,57
43074.64,100,52,45849,81920,267.23,400.00,1410,53
43079.71,100,57,45849,81920,279.61,400.00,1410,52
43084.78,100,60,45849,81920,285.96,400.00,1410,52
43089.83,100,62,45849,81920,296.55,400.00,1410,52
43094.9,40,20,45849,81920,349.43,400.00,1395,53
43099.96,100,55,45849,81920,364.79,400.00,1410,56
43105.02,100,55,45849,81920,339.77,400.00,1395,54
43110.08,100,51,45849,81920,340.36,400.00,1410,54
43115.15,100,51,45849,81920,345.16,400.00,1410,56
43120.21,100,49,45849,81920,353.67,400.00,1410,57
43125.26,94,47,45849,81920,280.80,400.00,1395,54
43130.32,100,55,45849,81920,272.66,400.00,1410,51
43135.38,100,58,45849,81920,273.85,400.00,1410,51
43140.47,100,58,45849,81920,267.23,400.00,1410,50
43145.53,100,59,45849,81920,272.62,400.00,1410,50
43150.64,100,56,45849,81920,338.24,400.00,1410,55
43155.7,100,45,45849,81920,407.44,400.00,1395,58
43160.78,94,47,45849,81920,375.93,400.00,1410,56
43165.89,100,50,45849,81920,349.79,400.00,1410,55
43170.97,97,79,45849,81920,318.44,400.00,1410,55
43176.1,100,51,45849,81920,369.68,400.00,1410,56
43181.16,100,50,45849,81920,254.98,400.00,1410,51
43186.22,100,56,45849,81920,271.98,400.00,1410,51
43191.27,100,60,45849,81920,285.90,400.00,1410,50
43196.34,100,64,45849,81920,291.06,400.00,1410,51
43201.4,100,66,45849,81920,302.32,400.00,1410,51
43206.46,100,54,45849,81920,365.88,400.00,1410,55
43211.52,100,44,45849,81920,389.55,400.00,1410,59
43216.59,94,47,45849,81920,351.31,400.00,1410,57
43221.65,100,51,45849,81920,368.81,400.00,1410,56
43226.72,100,49,45849,81920,366.15,400.00,1380,56
43231.83,100,51,45849,81920,313.81,400.00,1410,56
43236.89,95,45,45849,81920,257.17,400.00,1410,52
43241.95,100,56,45849,81920,271.67,400.00,1410,51
43247.01,100,60,45849,81920,279.30,400.00,1410,51
43252.08,100,61,45849,81920,285.93,400.00,1410,51
43257.14,100,64,45849,81920,296.56,400.00,1410,51
43262.2,100,55,45849,81920,370.07,400.00,1410,56
43267.26,100,36,45849,81920,374.56,400.00,1395,57
43272.32,100,50,45849,81920,352.57,400.00,1410,55
43277.38,100,64,45849,81920,335.87,400.00,1410,56
43282.44,94,48,45849,81920,371.20,400.00,1410,57
43287.5,100,50,45849,81920,337.75,400.00,1410,56
43292.57,100,52,45849,81920,261.30,400.00,1410,51
43297.65,100,57,45849,81920,281.56,400.00,1410,51
43302.72,100,60,45849,81920,287.08,400.00,1410,51
43307.78,100,63,45849,81920,291.66,400.00,1410,51
43312.9,0,0,45849,81920,346.01,400.00,1410,51
43317.96,100,61,45849,81920,306.26,400.00,1365,55
43323.03,0,0,45849,81920,373.49,400.00,1410,55
43328.19,100,51,45849,81920,287.18,400.00,1410,55
43333.25,100,51,45849,81920,347.99,400.00,1410,55
43338.31,100,50,45849,81920,378.93,400.00,1380,57
43343.37,100,51,45849,81920,341.42,400.00,1410,55
43348.46,100,53,45849,81920,267.48,400.00,1410,51
43353.52,15,9,45849,81920,283.82,400.00,1410,50
43358.59,100,64,45849,81920,301.05,400.00,1410,51
43363.65,100,67,45849,81920,311.74,400.00,1410,52
43368.71,100,50,45849,81920,374.30,400.00,1380,53
43373.77,100,41,45849,81920,391.07,400.00,1350,57
43378.83,97,65,45849,81920,365.88,400.00,1410,54
43383.9,100,49,45849,81920,290.47,400.00,1410,54
43388.96,100,51,45849,81920,330.80,400.00,1410,56
43394.02,100,50,45849,81920,367.44,400.00,1410,56
43399.08,94,47,45849,81920,383.73,400.00,1410,57
43404.14,100,54,45849,81920,269.12,400.00,1410,51
43409.2,100,59,45849,81920,287.10,400.00,1410,51
43414.26,100,63,45849,81920,299.60,400.00,1410,51
43419.32,100,66,45849,81920,305.65,400.00,1410,51
43424.38,100,59,45849,81920,384.17,400.00,1410,55
43429.45,100,45,45849,81920,403.05,400.00,1395,57
43434.51,94,47,45849,81920,360.11,400.00,1410,56
43439.57,100,51,45849,81920,364.14,400.00,1410,55
43444.64,100,49,45849,81920,283.51,400.00,1395,55
43449.7,100,51,45849,81920,323.16,400.00,1410,55
43454.77,100,51,45849,81920,355.69,400.00,1410,56
43459.85,100,55,45849,81920,273.19,400.00,1410,51
43464.97,100,59,45849,81920,281.11,400.00,1410,50
43470.04,100,63,45849,81920,289.60,400.00,1410,51
43475.1,100,65,45849,81920,295.06,400.00,1410,51
43480.16,100,55,45849,81920,324.57,400.00,1410,55
43485.23,100,45,45849,81920,390.03,400.00,1380,56
43490.29,100,59,45849,81920,386.28,400.00,1410,56
43495.35,100,51,45849,81920,339.01,400.00,1410,55
43500.42,100,51,45849,81920,339.96,400.00,1410,56
43505.48,100,66,45849,81920,335.42,400.00,1410,55
43510.54,100,51,45849,81920,263.97,400.00,1410,51
43515.64,100,58,45849,81920,274.84,400.00,1410,51
43520.7,100,58,45849,81920,267.20,400.00,1410,50
43525.76,100,60,45849,81920,269.02,400.00,1410,49
43530.82,100,49,45849,81920,364.83,400.00,1410,54
43535.88,100,47,45849,81920,386.35,400.00,1335,57
43540.96,100,49,45849,81920,371.20,400.00,1395,54
43546.02,100,51,45849,81920,348.92,400.00,1410,54
43551.08,100,51,45849,81920,353.76,400.00,1410,55
43556.15,94,47,45849,81920,470.66,400.00,1350,56
43561.2,100,51,45849,81920,356.15,400.00,1410,55
43566.27,100,53,45849,81920,266.91,400.00,1410,51
43571.32,100,60,45849,81920,287.18,400.00,1410,52
43576.38,30,19,45849,81920,299.24,400.00,1410,51
43581.44,100,67,45849,81920,309.84,400.00,1410,53
43586.5,100,59,45849,81920,377.88,400.00,1410,56
43591.56,100,49,45849,81920,398.64,400.00,1395,59
43596.63,100,50,45849,81920,332.24,400.00,1410,58
43601.68,97,77,45849,81920,319.84,400.00,1395,58
43606.74,100,51,45849,81920,374.83,400.00,1410,59
43611.79,97,68,45849,81920,338.59,400.00,1410,59
43616.85,100,58,45849,81920,290.47,400.00,1395,57
43621.91,100,52,45849,81920,267.51,400.00,1410,53
43626.97,100,57,45849,81920,275.10,400.00,1410,53
43632.04,100,58,45849,81920,274.45,400.00,1410,53
43637.1,100,59,45849,81920,278.69,400.00,1410,53
43642.16,100,55,45849,81920,366.10,400.00,1395,57
43647.22,100,45,45849,81920,405.25,400.00,1395,61
43652.28,94,47,45849,81920,375.97,400.00,1410,59
43657.34,100,51,45849,81920,325.54,400.00,1410,59
43662.39,100,51,45849,81920,359.37,400.00,1410,60
43667.45,100,50,45849,81920,343.72,400.00,1410,58
43672.51,100,50,45849,81920,267.83,400.00,1410,54
43677.57,100,57,45849,81920,288.07,400.00,1410,53
43682.63,100,62,45849,81920,298.93,400.00,1410,53
43687.68,0,0,45849,81920,301.98,400.00,1410,50
43692.74,100,68,45849,81920,311.04,400.00,1410,53
43697.79,100,49,45849,81920,336.77,400.00,1395,56
43702.85,100,44,45849,81920,340.44,400.00,1380,58
43707.9,97,68,45849,81920,322.89,400.00,1410,57
43712.96,100,51,45849,81920,367.83,400.00,1410,58
43718.02,100,51,45849,81920,356.70,400.00,1410,58
43723.08,100,49,45849,81920,369.40,400.00,1365,58
43728.14,100,51,45849,81920,262.67,400.00,1410,54
43733.2,100,56,45849,81920,280.22,400.00,1410,53
43738.25,100,58,45849,81920,280.53,400.00,1410,53
43743.34,53,32,45849,81920,272.98,400.00,1410,50
43748.4,100,65,45849,81920,169.46,400.00,1410,49
43753.51,100,54,45849,81920,365.39,400.00,1410,57
43758.57,100,49,45849,81920,388.34,400.00,1365,60
43763.68,95,47,45849,81920,373.85,400.00,1410,57
43768.74,100,50,45849,81920,360.24,400.00,1410,56
43773.8,97,80,45849,81920,313.76,400.00,1410,56
43778.87,97,74,45849,81920,356.01,400.00,1410,56
43783.93,100,53,45849,81920,265.11,400.00,1410,51
43789.0,100,57,45849,81920,279.34,400.00,1410,51
43794.05,100,59,45849,81920,277.49,400.00,1410,50
43799.12,100,60,45849,81920,278.69,400.00,1410,50
43804.18,100,54,45849,81920,359.15,400.00,1380,54
43809.24,100,36,45849,81920,376.75,400.00,1410,57
43814.3,96,49,45849,81920,240.59,400.00,1410,55
43819.36,100,51,45849,81920,356.82,400.00,1410,55
43824.43,95,48,45849,81920,358.23,400.00,1410,56
43829.49,100,50,45849,81920,351.60,400.00,1410,55
43834.55,100,49,45849,81920,372.80,400.00,1335,57
43839.61,100,54,45849,81920,271.16,400.00,1410,51
43844.68,100,59,45849,81920,282.54,400.00,1410,51
43849.74,100,63,45849,81920,298.12,400.00,1410,51
43854.8,99,66,45849,81920,298.69,400.00,1410,50
43859.86,100,54,45849,81920,374.63,400.00,1410,55
43864.92,100,37,45849,81920,381.79,400.00,1410,57
43869.99,100,51,45849,81920,355.18,400.00,1410,55
43875.05,97,75,45849,81920,366.69,400.00,1395,55
43880.11,100,51,45849,81920,376.15,400.00,1410,56
43885.17,100,51,45849,81920,334.18,400.00,1410,55
43890.23,94,47,45849,81920,381.39,400.00,1410,57
43895.3,100,54,45849,81920,268.70,400.00,1410,51
43900.36,100,59,45849,81920,284.14,400.00,1410,51
43905.46,100,63,45849,81920,293.25,400.00,1410,51
43910.52,100,66,45849,81920,305.33,400.00,1410,51
43915.61,100,57,45849,81920,376.36,400.00,1410,55
43920.68,100,49,45849,81920,392.70,400.00,1410,57
43925.74,100,51,45849,81920,322.55,400.00,1410,54
43930.81,100,50,45849,81920,354.40,400.00,1410,56
43935.87,100,49,45849,81920,258.70,400.00,1395,54
43940.93,100,51,45849,81920,363.49,400.00,1410,56
43946.0,100,67,45849,81920,360.76,400.00,1410,57
43951.06,100,55,45849,81920,270.00,400.00,1410,51
43956.13,100,57,45849,81920,273.91,400.00,1410,50
43961.19,100,59,45849,81920,274.23,400.00,1410,50
43966.28,100,62,45849,81920,276.66,400.00,1410,49
43971.35,100,61,45849,81920,390.22,400.00,1410,55
43976.41,100,45,45849,81920,446.11,400.00,1380,57
43981.47,100,51,45849,81920,334.54,400.00,1410,55
43986.54,97,79,45849,81920,377.69,400.00,1410,56
43991.61,100,54,45849,81920,246.72,400.00,1410,54
43996.68,100,50,45849,81920,349.79,400.00,1410,54
44001.74,100,52,45849,81920,261.98,400.00,1410,51
44006.8,100,58,45849,81920,276.74,400.00,1410,51
44011.86,100,61,45849,81920,284.96,400.00,1410,50
44016.92,100,63,45849,81920,283.12,400.00,1410,50
44021.98,100,51,45849,81920,366.87,400.00,1410,52
44027.05,100,53,45849,81920,381.46,400.00,1410,56
44032.11,100,58,45849,81920,391.97,400.00,1395,54
44037.17,50,25,45849,81920,336.01,400.00,1410,54
44042.23,100,50,45849,81920,372.64,400.00,1410,56
44047.29,94,47,45849,81920,296.55,400.00,1395,53
44052.35,100,51,45849,81920,342.44,400.00,1410,56
44057.42,100,54,45849,81920,267.20,400.00,1410,51
44062.48,100,59,45849,81920,280.70,400.00,1410,50
44067.54,100,63,45849,81920,293.51,400.00,1410,51
44072.6,100,67,45849,81920,303.89,400.00,1410,51
44077.66,100,57,45849,81920,384.11,400.00,1395,54
44082.73,100,54,45849,81920,394.30,400.00,1380,56
44087.81,97,78,45849,81920,349.19,400.00,1410,54
44092.88,100,49,45849,81920,321.36,400.00,1395,54
44097.96,100,51,45849,81920,360.87,400.00,1410,55
44103.02,97,78,45849,81920,317.67,400.00,1410,55
44108.16,100,51,45849,81920,314.23,400.00,1410,55
44113.22,100,54,45849,81920,268.47,400.00,1410,51
44118.29,100,59,45849,81920,278.39,400.00,1410,50
44123.36,100,61,45849,81920,283.22,400.00,1410,50
44128.42,100,64,45849,81920,290.77,400.00,1410,50
44133.48,100,61,45849,81920,395.64,400.00,1410,55
44138.55,100,49,45849,81920,299.89,400.00,1395,57
44143.61,100,54,45849,81920,355.76,400.00,1395,55
44148.68,100,51,45849,81920,356.82,400.00,1410,55
44153.75,100,51,45849,81920,348.87,400.00,1410,55
44158.81,100,51,45849,81920,356.13,400.00,1410,55
44163.87,52,36,45849,81920,122.31,400.00,1410,51
44168.93,100,55,45849,81920,271.16,400.00,1410,51
44173.99,100,61,45849,81920,290.16,400.00,1410,51
44179.06,100,64,45849,81920,296.83,400.00,1410,51
44184.12,100,65,45849,81920,296.86,400.00,1410,51
44189.17,100,54,45849,81920,363.65,400.00,1410,55
44194.22,100,45,45849,81920,372.12,400.00,1395,57
44199.28,100,52,45849,81920,357.40,400.00,1410,56
44204.34,97,68,45849,81920,394.82,400.00,1410,55
44209.39,100,51,45849,81920,372.84,400.00,1410,56
44214.45,100,52,45849,81920,368.87,400.00,1410,56
44219.51,67,36,45849,81920,259.30,400.00,1410,52
44224.57,100,56,45849,81920,272.03,400.00,1410,50
44229.63,100,60,45849,81920,289.00,400.00,1410,51
44234.69,100,64,45849,81920,297.45,400.00,1410,51
44239.74,100,66,45849,81920,304.41,400.00,1410,51
44244.8,100,49,45849,81920,370.33,400.00,1395,55
44249.86,100,45,45849,81920,383.51,400.00,1410,57
44254.94,97,70,45849,81920,324.34,400.00,1410,55
44260.04,100,51,45849,81920,365.12,400.00,1410,56
44265.14,97,78,45849,81920,315.28,400.00,1410,55
44270.2,100,51,45849,81920,373.92,400.00,1410,56
44275.26,97,71,45849,81920,322.23,400.00,1410,55
44280.32,100,54,45849,81920,269.02,400.00,1410,50
44285.38,100,59,45849,81920,282.32,400.00,1410,50
44290.43,100,63,45849,81920,295.35,400.00,1410,51
44295.49,100,65,45849,81920,89.66,400.00,1410,45
44300.55,100,49,45849,81920,352.47,400.00,1395,55
44305.59,100,44,45849,81920,396.28,400.00,1410,59
44310.65,100,54,45849,81920,285.64,400.00,1395,56
44315.71,100,50,45849,81920,376.89,400.00,1410,58
44320.76,100,52,45849,81920,323.15,400.00,1410,58
44325.82,100,49,45849,81920,294.11,400.00,1410,58
44330.88,100,51,45849,81920,356.38,400.00,1410,58
44335.93,100,56,45849,81920,280.50,400.00,1410,54
44340.99,100,61,45849,81920,290.79,400.00,1410,54
44346.05,100,65,45849,81920,307.73,400.00,1410,54
44351.11,100,63,45849,81920,295.04,400.00,1410,54
44356.17,100,55,45849,81920,371.41,400.00,1410,58
44361.32,100,45,45849,81920,307.12,400.00,1410,60
44366.37,100,50,45849,81920,354.26,400.00,1410,57
44371.49,100,49,45849,81920,287.48,400.00,1410,54
44376.55,100,51,45849,81920,370.82,400.00,1410,57
44381.61,100,50,45849,81920,365.99,400.00,1410,57
44386.67,100,49,45849,81920,255.12,400.00,1410,53
44391.73,100,56,45849,81920,278.69,400.00,1410,52
44396.82,100,61,45849,81920,297.14,400.00,1410,53
44401.88,100,64,45849,81920,301.70,400.00,1410,53
44406.94,100,65,45849,81920,297.47,400.00,1410,52
44412.0,100,54,45849,81920,363.88,400.00,1410,56
44417.07,100,39,45849,81920,380.86,400.00,1395,58
44422.13,100,51,45849,81920,325.27,400.00,1410,56
44427.19,100,48,45849,81920,473.21,400.00,1410,55
44432.29,100,51,45849,81920,365.72,400.00,1410,56
44437.35,100,49,45849,81920,373.26,400.00,1380,55
44442.41,100,51,45849,81920,351.87,400.00,1410,56
44447.48,100,55,45849,81920,270.22,400.00,1410,51
44452.54,46,27,45849,81920,270.70,400.00,1410,48
44457.6,100,59,45849,81920,266.26,400.00,1410,49
44462.67,100,60,45849,81920,265.34,400.00,1410,49
44467.73,100,50,45849,81920,371.16,400.00,1410,55
44472.79,100,45,45849,81920,381.78,400.00,1395,57
44477.85,100,51,45849,81920,348.69,400.00,1410,55
44482.92,100,51,45849,81920,329.52,400.00,1410,55
44488.01,94,47,45849,81920,368.11,400.00,1410,56
44493.08,100,51,45849,81920,308.49,400.00,1410,55
44498.14,100,51,45849,81920,260.97,400.00,1410,51
44503.2,100,56,45849,81920,272.98,400.00,1410,50
44508.26,100,61,45849,81920,287.98,400.00,1410,51
44513.32,100,65,45849,81920,298.39,400.00,1410,51
44518.38,0,0,45849,81920,88.32,400.00,1410,44
44523.47,100,54,45849,81920,374.38,400.00,1320,57
44528.53,100,43,45849,81920,391.99,400.00,1410,58
44533.64,100,51,45849,81920,358.74,400.00,1410,55
44538.72,97,78,45849,81920,350.68,400.00,1410,55
44543.78,93,47,45849,81920,383.63,400.00,1410,56
44548.84,100,51,45849,81920,360.76,400.00,1410,55
44553.9,100,50,45849,81920,261.09,400.00,1410,51
44558.96,100,57,45849,81920,279.34,400.00,1410,50
44564.03,100,61,45849,81920,283.20,400.00,1410,51
44569.09,100,63,45849,81920,299.28,400.00,1410,51
44574.15,100,65,45849,81920,300.79,400.00,1410,51
44579.21,100,54,45849,81920,359.20,400.00,1410,55
44584.27,100,36,45849,81920,391.86,400.00,1395,56
44589.34,100,51,45849,81920,357.93,400.00,1410,56
44594.4,100,49,45849,81920,360.26,400.00,1410,56
44599.46,100,49,45849,81920,373.29,400.00,1380,55
44604.53,97,63,45849,81920,362.59,400.00,1410,55
44609.59,100,51,45849,81920,312.29,400.00,1410,55
44614.65,100,50,45849,81920,261.69,400.00,1410,51
44619.72,100,57,45849,81920,274.75,400.00,1410,51
44624.78,100,61,45849,81920,291.99,400.00,1410,51
44629.84,100,66,45849,81920,299.60,400.00,1410,51
44634.91,100,68,45849,81920,314.31,400.00,1410,52
44640.02,100,49,45849,81920,368.74,400.00,1410,55
44645.11,100,40,45849,81920,354.40,400.00,1395,56
44650.21,94,53,45849,81920,385.21,400.00,1410,56
44655.33,100,51,45849,81920,329.25,400.00,1410,55
44660.39,100,51,45849,81920,355.88,400.00,1410,56
44665.46,94,47,45849,81920,360.36,400.00,1410,56
44670.52,100,50,45849,81920,256.75,400.00,1410,51
44675.57,100,57,45849,81920,278.26,400.00,1410,51
44680.63,100,59,45849,81920,278.53,400.00,1410,50
44685.69,100,59,45849,81920,271.77,400.00,1410,50
44690.75,0,0,45849,81920,86.15,400.00,1410,42
44695.81,100,52,45849,81920,367.37,400.00,1410,55
44700.86,100,39,45849,81920,343.64,400.00,1395,57
44705.92,100,51,45849,81920,334.82,400.00,1410,55
44711.03,97,66,45849,81920,275.72,400.00,1410,52
44716.09,100,51,45849,81920,321.56,400.00,1410,55
44721.15,94,46,45849,81920,277.79,400.00,1395,53
44726.21,100,50,45849,81920,261.63,400.00,1410,51
44731.27,100,56,45849,81920,266.76,400.00,1410,50
44736.33,100,62,45849,81920,289.87,400.00,1410,51
44741.42,100,66,45849,81920,303.80,400.00,1410,51
44746.48,100,68,45849,81920,312.78,400.00,1410,52
44751.55,100,61,45849,81920,373.90,400.00,1410,55
44756.61,100,45,45849,81920,396.05,400.00,1380,58
44761.67,100,51,45849,81920,266.54,400.00,1410,56
44766.75,100,51,45849,81920,333.49,400.00,1410,56
44771.81,97,64,45849,81920,335.01,400.00,1395,53
44776.87,100,51,45849,81920,349.88,400.00,1410,56
44781.94,33,26,45849,81920,260.76,400.00,1410,51
44787.05,100,56,45849,81920,278.80,400.00,1410,51
44792.13,100,61,45849,81920,288.37,400.00,1410,51
44797.21,100,63,45849,81920,288.97,400.00,1410,51
44802.27,100,62,45849,81920,287.18,400.00,1410,50
44807.33,100,49,45849,81920,349.88,400.00,1410,54
44812.39,100,44,45849,81920,366.64,400.00,1410,57
44817.45,100,51,45849,81920,361.09,400.00,1410,55
44822.51,94,48,45849,81920,354.91,400.00,1410,56
44827.58,100,51,45849,81920,330.46,400.00,1410,55
44832.63,100,48,45849,81920,218.98,400.00,1395,54
44837.69,100,51,45849,81920,354.95,400.00,1410,55
44842.76,100,54,45849,81920,267.51,400.00,1410,50
44847.81,100,58,45849,81920,275.67,400.00,1410,50
44852.87,100,60,45849,81920,280.19,400.00,1410,50
44857.93,100,62,45849,81920,285.65,400.00,1410,50
44862.99,100,55,45849,81920,366.75,400.00,1410,55
44868.05,100,35,45849,81920,329.25,400.00,1380,56
44873.11,94,46,45849,81920,354.03,400.00,1410,55
44878.17,100,51,45849,81920,335.53,400.00,1410,55
44883.25,100,59,45849,81920,370.82,400.00,1395,54
44888.31,100,51,45849,81920,354.58,400.00,1410,56
44893.37,100,50,45849,81920,255.12,400.00,1410,51
44898.44,100,56,45849,81920,271.74,400.00,1410,50
44903.49,100,59,45849,81920,277.18,400.00,1410,50
44908.55,100,58,45849,81920,271.42,400.00,1410,49
44913.6,55,27,45849,81920,349.76,400.00,1410,50
44918.72,100,49,45849,81920,319.24,400.00,1395,54
44923.78,59,30,45849,81920,356.38,400.00,1410,54
44928.84,100,50,45849,81920,338.00,400.00,1410,55
44933.9,100,51,45849,81920,343.08,400.00,1410,54
44938.95,99,62,45849,81920,383.31,400.00,1410,54
44944.01,100,51,45849,81920,355.18,400.00,1410,55
44949.07,100,53,45849,81920,258.44,400.00,1410,49
44954.13,100,58,45849,81920,275.06,400.00,1410,49
44959.19,100,60,45849,81920,114.91,400.00,1410,47
44964.24,100,62,45849,81920,282.34,400.00,1410,49
44969.3,100,55,45849,81920,319.85,400.00,1410,54
44974.36,99,45,45849,81920,387.22,400.00,1410,57
44979.42,0,0,45849,81920,70.91,400.00,1155,41
44984.48,97,66,45849,81920,352.57,400.00,1410,52
44989.53,100,52,45849,81920,354.95,400.00,1410,53
44994.59,100,51,45849,81920,338.59,400.00,1410,53
44999.65,97,79,45849,81920,321.37,400.00,1410,53
45004.71,82,43,45849,81920,138.55,400.00,1410,50
45009.76,100,54,45849,81920,262.34,400.00,1410,49
45014.82,100,59,45849,81920,267.78,400.00,1410,49
45019.88,100,59,45849,81920,265.39,400.00,1410,48
45024.94,100,60,45849,81920,268.70,400.00,1410,48
45030.0,100,49,45849,81920,385.10,400.00,1410,55
45035.06,100,48,45849,81920,362.46,400.00,1410,57
45040.12,100,51,45849,81920,310.50,400.00,1410,54
45045.19,100,50,45849,81920,307.12,400.00,1410,54
45050.24,100,49,45849,81920,297.78,400.00,1410,53
45055.31,100,51,45849,81920,363.98,400.00,1410,55
45060.37,100,51,45849,81920,261.75,400.00,1410,51
45065.43,100,56,45849,81920,278.11,400.00,1410,51
45070.49,100,61,45849,81920,288.98,400.00,1410,52
45075.56,100,64,45849,81920,295.93,400.00,1410,52
45080.62,23,11,45849,81920,354.58,400.00,1410,50
45085.68,100,48,45849,81920,353.06,400.00,1395,56
45090.74,100,44,45849,81920,429.89,400.00,1410,58
45095.8,94,46,45849,81920,358.49,400.00,1410,56
45100.86,100,51,45849,81920,365.17,400.00,1410,56
45105.92,100,48,45849,81920,321.37,400.00,1410,55
45110.98,100,51,45849,81920,353.86,400.00,1410,54
45116.04,100,52,45849,81920,261.37,400.00,1410,51
45121.09,100,58,45849,81920,276.66,400.00,1410,50
45126.16,100,62,45849,81920,292.27,400.00,1410,51
45131.27,100,65,45849,81920,299.03,400.00,1410,51
45136.33,0,0,45849,81920,86.66,400.00,1410,43
45141.43,100,53,45849,81920,367.58,400.00,1410,56
45146.49,57,28,45849,81920,366.90,400.00,1410,55
45151.56,100,49,45849,81920,365.46,400.00,1410,57
45156.62,100,50,45849,81920,356.05,400.00,1410,56
45161.68,100,51,45849,81920,335.75,400.00,1410,56
45166.78,100,49,45849,81920,357.18,400.00,1410,56
45171.89,100,55,45849,81920,268.42,400.00,1410,50
45176.96,100,60,45849,81920,286.77,400.00,1410,51
45182.02,100,65,45849,81920,297.19,400.00,1410,51
45187.11,100,68,45849,81920,309.71,400.00,1410,52
45192.17,100,49,45849,81920,298.70,400.00,1395,55
45197.24,100,44,45849,81920,386.87,400.00,1410,57
45202.3,100,51,45849,81920,327.77,400.00,1410,55
45207.36,100,51,45849,81920,368.65,400.00,1410,55
45212.42,97,70,45849,81920,275.30,400.00,1410,53
45217.49,100,51,45849,81920,320.77,400.00,1410,55
45222.54,100,49,45849,81920,370.07,400.00,1410,55
45227.6,100,54,45849,81920,265.94,400.00,1410,50
45232.66,100,57,45849,81920,263.81,400.00,1410,50
45237.72,100,57,45849,81920,268.66,400.00,1410,49
45242.78,100,61,45849,81920,268.02,400.00,1410,49
45247.84,100,55,45849,81920,361.47,400.00,1395,54
45252.89,100,45,45849,81920,379.30,400.00,1410,57
45257.95,100,50,45849,81920,304.53,400.00,1410,54
45263.01,98,79,45849,81920,384.40,400.00,1410,55
45268.08,100,48,45849,81920,277.26,400.00,1395,54
45273.14,100,52,45849,81920,373.05,400.00,1410,54
45278.2,100,52,45849,81920,261.96,400.00,1410,50
45283.25,11,6,45849,81920,271.15,400.00,1410,48
45288.31,100,59,45849,81920,278.86,400.00,1410,50
45293.37,100,61,45849,81920,284.67,400.00,1410,50
45298.43,100,49,45849,81920,343.62,400.00,1395,53
45303.49,100,51,45849,81920,391.47,400.00,1410,57
45308.58,55,27,45849,81920,450.21,400.00,1350,54
45313.65,100,51,45849,81920,336.57,400.00,1410,55
45318.71,92,45,45849,81920,362.01,400.00,1410,56
45323.77,7,4,45849,81920,324.49,400.00,1395,52
45328.83,100,51,45849,81920,344.36,400.00,1410,55
45333.89,100,51,45849,81920,261.96,400.00,1410,50
45338.96,100,54,45849,81920,266.58,400.00,1410,50
45344.02,100,57,45849,81920,261.37,400.00,1410,49
45349.08,100,61,45849,81920,274.24,400.00,1410,49
45354.14,100,49,45849,81920,360.54,400.00,1410,53
45359.2,100,49,45849,81920,347.93,400.00,1395,54
45364.26,100,36,45849,81920,327.36,400.00,1395,56
45369.33,100,50,45849,81920,348.25,400.00,1410,54
45374.39,100,51,45849,81920,301.17,400.00,1410,54
45379.45,100,50,45849,81920,324.30,400.00,1410,54
45384.51,94,46,45849,81920,365.11,400.00,1410,55
45389.58,94,47,45849,81920,371.10,400.00,1365,54
45394.64,100,54,45849,81920,271.30,400.00,1410,50
45399.73,100,56,45849,81920,263.52,400.00,1410,49
45404.8,100,56,45849,81920,265.94,400.00,1410,49
45409.86,100,62,45849,81920,271.25,400.00,1410,49
45414.93,100,54,45849,81920,377.96,400.00,1410,55
45419.99,100,44,45849,81920,385.14,400.00,1410,57
45425.05,100,51,45849,81920,237.19,400.00,1410,54
45430.11,100,51,45849,81920,331.98,400.00,1410,54
45435.18,94,47,45849,81920,360.76,400.00,1410,55
45440.24,100,51,45849,81920,337.29,400.00,1410,54
45445.3,100,50,45849,81920,255.81,400.00,1410,51
45450.36,100,57,45849,81920,274.84,400.00,1410,50
45455.43,100,62,45849,81920,285.56,400.00,1410,50
45460.49,100,65,45849,81920,299.58,400.00,1410,51
45465.55,100,67,45849,81920,307.77,400.00,1410,51
45470.61,100,50,45849,81920,349.55,400.00,1395,55
45475.72,100,44,45849,81920,381.98,400.00,1410,57
45480.8,94,48,45849,81920,380.19,400.00,1410,55
45485.89,100,51,45849,81920,366.53,400.00,1410,55
45491.06,100,51,45849,81920,276.87,400.00,1380,53
45496.11,100,51,45849,81920,358.64,400.00,1410,56
45501.17,100,50,45849,81920,263.49,400.00,1410,51
45506.23,100,57,45849,81920,280.51,400.00,1410,51
45511.29,100,61,45849,81920,293.84,400.00,1410,51
45516.38,100,65,45849,81920,308.05,400.00,1410,51
45521.44,100,69,45849,81920,314.74,400.00,1410,52
45526.5,100,55,45849,81920,368.87,400.00,1410,56
45531.56,100,45,45849,81920,394.58,400.00,1410,58
45536.62,100,50,45849,81920,367.07,400.00,1395,53
45541.68,100,50,45849,81920,333.41,400.00,1410,56
45546.73,100,60,45849,81920,364.63,400.00,1410,56
45551.79,100,51,45849,81920,351.04,400.00,1410,56
45556.84,15,8,45849,81920,257.83,400.00,1410,49
45561.9,100,57,45849,81920,276.26,400.00,1410,50
45566.95,100,59,45849,81920,273.27,400.00,1410,50
45572.01,100,60,45849,81920,272.01,400.00,1410,49
45577.07,100,61,45849,81920,377.88,400.00,1410,52
45582.12,100,52,45849,81920,351.87,400.00,1410,54
45587.18,100,36,45849,81920,92.38,400.00,1410,52
45592.24,100,51,45849,81920,355.18,400.00,1410,55
45597.3,94,47,45849,81920,364.85,400.00,1410,55
45602.41,100,51,45849,81920,329.85,400.00,1410,54
45607.48,100,60,45849,81920,305.93,400.00,1395,53
45612.53,100,52,45849,81920,263.86,400.00,1410,50
45617.61,100,55,45849,81920,265.66,400.00,1410,49
45622.66,100,58,45849,81920,265.67,400.00,1410,49
45627.74,100,60,45849,81920,273.87,400.00,1410,49
45632.84,100,55,45849,81920,357.30,400.00,1410,54
45637.91,100,45,45849,81920,379.08,400.00,1410,57
45642.96,100,51,45849,81920,312.89,400.00,1410,54
45648.03,100,51,45849,81920,308.98,400.00,1410,54
45653.15,94,46,45849,81920,392.51,400.00,1395,53
45658.25,96,48,45849,81920,365.88,400.00,1410,58
45663.34,100,50,45849,81920,261.69,400.00,1410,50
45668.4,100,57,45849,81920,275.39,400.00,1410,50
45673.46,100,62,45849,81920,292.94,400.00,1410,50
45678.52,100,65,45849,81920,303.82,400.00,1410,51
45683.58,100,68,45849,81920,309.52,400.00,1410,51
45688.64,100,49,45849,81920,354.58,400.00,1410,55
45693.74,100,42,45849,81920,384.43,400.00,1410,57
45698.8,92,47,45849,81920,375.76,400.00,1410,56
45703.86,100,51,45849,81920,354.03,400.00,1410,55
45708.92,97,77,45849,81920,370.33,400.00,1410,56
45713.98,100,51,45849,81920,363.98,400.00,1410,56
45719.03,48,32,45849,81920,256.58,400.00,1410,52
45724.09,100,56,45849,81920,267.78,400.00,1410,51
45729.15,100,58,45849,81920,266.58,400.00,1410,50
45734.22,100,58,45849,81920,262.34,400.00,1410,49
45739.27,45,26,45849,81920,378.27,400.00,1410,50
45744.33,100,49,45849,81920,371.20,400.00,1410,56
45749.39,52,27,45849,81920,360.39,400.00,1410,55
45754.45,100,51,45849,81920,349.79,400.00,1410,55
45759.53,100,50,45849,81920,377.91,400.00,1395,54
45764.59,100,51,45849,81920,354.11,400.00,1410,55
45769.65,100,51,45849,81920,358.26,400.00,1410,55
45774.72,100,53,45849,81920,265.33,400.00,1410,50
45779.78,100,59,45849,81920,277.59,400.00,1410,50
45784.84,100,63,45849,81920,291.06,400.00,1410,51
45789.9,100,63,45849,81920,289.23,400.00,1410,51
45794.96,100,54,45849,81920,356.86,400.00,1410,53
45800.03,100,45,45849,81920,391.16,400.00,1410,57
45805.15,97,72,45849,81920,322.28,400.00,1410,54
45810.2,100,51,45849,81920,373.68,400.00,1410,55
45815.26,100,51,45849,81920,362.99,400.00,1410,55
45820.31,97,71,45849,81920,321.37,400.00,1410,55
45825.37,100,51,45849,81920,362.63,400.00,1410,56
45830.43,100,54,45849,81920,269.29,400.00,1410,50
45835.49,100,60,45849,81920,283.99,400.00,1410,51
45840.55,100,64,45849,81920,297.20,400.00,1410,51
45845.61,100,67,45849,81920,306.95,400.00,1410,51
45850.81,100,55,45849,81920,353.14,400.00,1410,54
45855.88,100,36,45849,81920,384.76,400.00,1395,56
45860.94,100,61,45849,81920,230.39,400.00,1395,52
45866.01,100,51,45849,81920,225.87,400.00,1410,55
45871.07,100,51,45849,81920,350.64,400.00,1410,55
45876.14,94,47,45849,81920,369.41,400.00,1380,55
45881.2,75,47,45849,81920,262.89,400.00,1410,51
45886.28,100,56,45849,81920,277.55,400.00,1410,50
45891.34,100,59,45849,81920,280.30,400.00,1410,50
45896.4,100,62,45849,81920,290.73,400.00,1410,50
45901.46,100,65,45849,81920,295.62,400.00,1410,50
45906.52,100,50,45849,81920,360.97,400.00,1410,55
45911.58,100,45,45849,81920,310.02,400.00,1395,57
45916.65,100,51,45849,81920,315.52,400.00,1410,54
45921.74,97,77,45849,81920,331.74,400.00,1395,54
45926.8,100,51,45849,81920,358.39,400.00,1410,55
45931.86,100,51,45849,81920,350.42,400.00,1410,55
45936.95,100,51,45849,81920,261.04,400.00,1410,50
45942.01,100,57,45849,81920,270.83,400.00,1410,50
45947.08,100,60,45849,81920,283.42,400.00,1410,50
45952.16,100,64,45849,81920,288.91,400.00,1410,50
45957.25,0,0,45849,81920,86.57,400.00,1410,42
45962.31,100,49,45849,81920,370.93,400.00,1410,56
45967.39,100,44,45849,81920,398.26,400.00,1410,58
45972.45,94,47,45849,81920,332.39,400.00,1395,54
45977.59,100,51,45849,81920,345.54,400.00,1410,55
45982.65,98,68,45849,81920,365.66,400.00,1410,55
45987.71,100,50,45849,81920,309.39,400.00,1410,55
45992.78,100,52,45849,81920,258.77,400.00,1410,50
45997.84,100,55,45849,81920,269.89,400.00,1410,50
46002.9,100,59,45849,81920,276.53,400.00,1410,50
46007.97,100,58,45849,81920,270.46,400.00,1410,49
46013.03,100,54,45849,81920,372.36,400.00,1410,54
46018.09,100,45,45849,81920,390.80,400.00,1380,57
46023.15,94,47,45849,81920,362.24,400.00,1410,55
46028.21,100,51,45849,81920,314.19,400.00,1410,53
46033.28,97,66,45849,81920,252.25,400.00,1410,54
46038.34,100,51,45849,81920,361.91,400.00,1410,55
46043.4,100,51,45849,81920,338.73,400.00,1410,54
46048.46,100,55,45849,81920,270.23,400.00,1410,50
46053.52,100,61,45849,81920,284.96,400.00,1410,50
46058.58,100,65,45849,81920,297.16,400.00,1410,51
46063.65,2,2,45849,81920,285.86,400.00,1410,48
46068.71,100,54,45849,81920,352.41,400.00,1410,54
46073.77,100,44,45849,81920,456.16,400.00,1335,58
46078.83,100,49,45849,81920,285.23,400.00,1395,52
46083.9,100,51,45849,81920,372.85,400.00,1410,55
46088.96,97,74,45849,81920,325.91,400.00,1410,55
46094.02,100,50,45849,81920,353.80,400.00,1410,55
46099.08,97,78,45849,81920,328.42,400.00,1410,56
46104.14,100,53,45849,81920,272.86,400.00,1410,50
46109.21,100,57,45849,81920,275.30,400.00,1410,50
46114.27,100,61,45849,81920,288.97,400.00,1410,50
46119.33,100,65,45849,81920,297.79,400.00,1410,51
46124.39,100,54,45849,81920,361.31,400.00,1410,55
46129.45,100,35,45849,81920,320.77,400.00,1395,56
46134.5,100,50,45849,81920,315.61,400.00,1410,54
46139.56,100,50,45849,81920,338.00,400.00,1410,54
46144.62,100,50,45849,81920,321.10,400.00,1410,54
46149.68,94,47,45849,81920,374.95,400.00,1410,56
46154.74,94,50,45849,81920,387.34,400.00,1410,56
46159.8,100,50,45849,81920,259.57,400.00,1410,51
46164.86,100,57,45849,81920,278.39,400.00,1410,50
46169.91,100,60,45849,81920,285.95,400.00,1410,50
46174.97,100,61,45849,81920,288.70,400.00,1410,50
46180.03,100,61,45849,81920,279.90,400.00,1410,50
46185.08,100,61,45849,81920,411.85,400.00,1335,56
46190.14,100,48,45849,81920,389.74,400.00,1305,58
46195.2,100,61,45849,81920,350.08,400.00,1410,54
46200.26,100,51,45849,81920,317.13,400.00,1410,55
46205.31,97,77,45849,81920,328.31,400.00,1410,55
46210.37,100,51,45849,81920,339.17,400.00,1410,55
46215.42,100,49,45849,81920,263.86,400.00,1410,51
46220.48,100,55,45849,81920,272.06,400.00,1410,50
46225.53,100,58,45849,81920,274.14,400.00,1410,50
46230.59,100,62,45849,81920,281.75,400.00,1410,50
46235.64,100,63,45849,81920,286.85,400.00,1410,50
46240.7,100,49,45849,81920,349.19,400.00,1410,55
46245.75,100,46,45849,81920,398.73,400.00,1380,58
46250.81,100,51,45849,81920,307.12,400.00,1410,54
46255.86,97,78,45849,81920,347.67,400.00,1410,55
46260.92,100,51,45849,81920,321.96,400.00,1410,54
46265.98,97,77,45849,81920,328.32,400.00,1410,54
46271.04,100,51,45849,81920,256.58,400.00,1410,50
46276.09,100,57,45849,81920,281.11,400.00,1410,51
46281.15,100,62,45849,81920,291.99,400.00,1410,51
46286.2,100,66,45849,81920,300.48,400.00,1410,52
46291.26,100,68,45849,81920,312.88,400.00,1410,53
46296.3,100,50,45849,81920,342.84,400.00,1410,57
46301.36,100,36,45849,81920,383.11,400.00,1410,59
46306.42,100,51,45849,81920,365.23,400.00,1410,57
46311.48,100,50,45849,81920,446.18,400.00,1395,57
46316.53,100,51,45849,81920,370.07,400.00,1410,59
46321.59,100,51,45849,81920,340.12,400.00,1410,58
46326.65,100,52,45849,81920,268.43,400.00,1410,54
46331.7,100,58,45849,81920,279.90,400.00,1410,53
46336.76,4,2,45849,81920,290.50,400.00,1410,51
46341.82,100,66,45849,81920,308.70,400.00,1410,53
46346.88,0,0,45849,81920,87.63,400.00,1410,44
46351.93,100,55,45849,81920,375.22,400.00,1395,56
46356.99,100,45,45849,81920,374.24,400.00,1395,58
46362.04,100,65,45849,81920,341.64,400.00,1410,56
46367.1,94,47,45849,81920,373.32,400.00,1410,57
46372.16,100,51,45849,81920,373.92,400.00,1410,56
46377.21,100,62,45849,81920,390.66,400.00,1380,55
46382.27,100,52,45849,81920,261.42,400.00,1410,50
46387.32,100,58,45849,81920,277.50,400.00,1410,50
46392.39,100,63,45849,81920,295.04,400.00,1410,51
46397.43,100,66,45849,81920,302.09,400.00,1410,51
46402.49,73,50,45849,81920,88.62,400.00,1410,44
46407.55,100,61,45849,81920,355.19,400.00,1410,55
46412.61,100,45,45849,81920,396.78,400.00,1410,58
46417.67,100,50,45849,81920,349.82,400.00,1410,55
46422.73,100,62,45849,81920,402.86,400.00,1410,55
46427.78,100,51,45849,81920,324.03,400.00,1410,54
46432.84,100,50,45849,81920,351.58,400.00,1410,56
46437.9,100,51,45849,81920,259.91,400.00,1410,51
46442.96,100,58,45849,81920,280.99,400.00,1410,50
46448.02,100,60,45849,81920,284.39,400.00,1410,50
46453.08,100,63,45849,81920,289.60,400.00,1410,50
46458.14,0,0,45849,81920,86.19,400.00,1410,42
46463.2,100,54,45849,81920,356.23,400.00,1410,55
46468.26,100,36,45849,81920,395.12,400.00,1410,57
46473.32,100,51,45849,81920,356.45,400.00,1410,54
46478.37,100,51,45849,81920,357.93,400.00,1410,55
46483.43,94,47,45849,81920,369.67,400.00,1410,56
46488.49,100,51,45849,81920,351.97,400.00,1410,55
46493.55,100,52,45849,81920,90.59,400.00,1410,45
46498.61,100,58,45849,81920,273.26,400.00,1410,50
46503.67,100,63,45849,81920,293.20,400.00,1410,50
46508.72,100,65,45849,81920,288.93,400.00,1410,50
46513.78,0,0,45849,81920,86.22,400.00,1410,42
46518.84,100,55,45849,81920,374.11,400.00,1410,55
46523.91,100,36,45849,81920,407.38,400.00,1395,56
46528.96,97,49,45849,81920,370.33,400.00,1380,55
46534.02,100,51,45849,81920,373.40,400.00,1410,55
46539.08,97,82,45849,81920,379.72,400.00,1410,56
46544.14,100,49,45849,81920,243.66,400.00,1410,53
46549.2,100,53,45849,81920,261.90,400.00,1410,50
46554.26,100,57,45849,81920,276.73,400.00,1410,50
46559.31,100,61,45849,81920,283.21,400.00,1410,50
46564.37,100,64,45849,81920,290.46,400.00,1410,50
46569.43,100,50,45849,81920,360.54,400.00,1410,54
46574.49,100,44,45849,81920,396.98,400.00,1350,57
46579.55,100,50,45849,81920,348.89,400.00,1410,54
46584.61,100,50,45849,81920,308.20,400.00,1410,54
46589.66,100,53,45849,81920,313.63,400.00,1410,54
46594.72,100,49,45849,81920,340.29,400.00,1410,55
46599.78,100,49,45849,81920,253.04,400.00,1410,51
46604.84,100,56,45849,81920,274.19,400.00,1410,50
46609.9,100,62,45849,81920,290.47,400.00,1410,50
46614.96,100,62,45849,81920,290.15,400.00,1410,50
46620.01,100,64,45849,81920,292.90,400.00,1410,50
46625.07,100,51,45849,81920,366.50,400.00,1395,54
46630.13,100,36,45849,81920,409.61,400.00,1410,57
46635.19,100,51,45849,81920,353.37,400.00,1410,55
46640.25,94,47,45849,81920,369.47,400.00,1410,56
46645.31,100,50,45849,81920,348.15,400.00,1410,55
46650.36,97,79,45849,81920,367.73,400.00,1410,55
46655.43,100,51,45849,81920,261.84,400.00,1410,50
46660.53,100,55,45849,81920,261.96,400.00,1410,49
46665.59,100,56,45849,81920,267.48,400.00,1410,49
46670.65,100,58,45849,81920,261.45,400.00,1410,48
46675.71,100,55,45849,81920,373.29,400.00,1410,54
46680.83,100,46,45849,81920,389.62,400.00,1410,57
46685.89,98,50,45849,81920,341.93,400.00,1410,54
46690.96,100,62,45849,81920,336.10,400.00,1410,54
46696.02,100,50,45849,81920,280.30,400.00,1395,53
46701.08,100,51,45849,81920,324.15,400.00,1410,54
46706.14,97,78,45849,81920,329.00,400.00,1410,55
46711.2,100,55,45849,81920,267.09,400.00,1410,50
46716.26,100,59,45849,81920,280.63,400.00,1410,50
46721.37,100,63,45849,81920,292.00,400.00,1410,50
46726.41,100,67,45849,81920,307.88,400.00,1410,51
46731.47,100,61,45849,81920,370.99,400.00,1410,54
46736.53,100,48,45849,81920,402.69,400.00,1395,57
46741.59,100,53,45849,81920,335.39,400.00,1410,54
46746.65,97,72,45849,81920,285.92,400.00,1410,52
46751.71,100,51,45849,81920,355.23,400.00,1410,54
46756.77,99,66,45849,81920,361.46,400.00,1410,55
46761.82,39,28,45849,81920,253.19,400.00,1410,51
46766.88,100,56,45849,81920,271.11,400.00,1410,50
46771.94,100,62,45849,81920,291.39,400.00,1410,50
46776.99,100,65,45849,81920,290.77,400.00,1410,51
46782.05,100,63,45849,81920,295.97,400.00,1410,50
46787.1,100,50,45849,81920,361.09,400.00,1410,55
46792.17,100,37,45849,81920,388.94,400.00,1410,57
46797.22,94,47,45849,81920,373.49,400.00,1410,56
46802.28,100,51,45849,81920,325.34,400.00,1410,54
46807.33,98,66,45849,81920,371.37,400.00,1410,55
46812.39,94,47,45849,81920,361.69,400.00,1410,56
46817.44,100,50,45849,81920,256.31,400.00,1410,50
46822.5,100,57,45849,81920,274.75,400.00,1410,50
46827.55,100,58,45849,81920,277.79,400.00,1410,50
46832.6,100,60,45849,81920,279.27,400.00,1410,49
46837.65,0,0,45849,81920,85.59,400.00,1410,42
46842.71,100,57,45849,81920,364.95,400.00,1410,55
46847.76,100,45,45849,81920,384.90,400.00,1410,58
46852.81,94,47,45849,81920,360.72,400.00,1410,55
46857.87,100,51,45849,81920,324.41,400.00,1410,55
46862.93,100,59,45849,81920,313.49,400.00,1410,54
46867.98,100,51,45849,81920,357.67,400.00,1410,54
46873.03,100,52,45849,81920,262.95,400.00,1410,50
46878.09,100,57,45849,81920,271.74,400.00,1410,50
46883.14,100,59,45849,81920,277.79,400.00,1410,49
46888.19,100,61,45849,81920,275.35,400.00,1410,49
46893.25,100,49,45849,81920,354.03,400.00,1410,53
46898.32,100,44,45849,81920,379.79,400.00,1410,56
46903.38,100,51,45849,81920,338.59,400.00,1410,54
46908.43,100,49,45849,81920,284.16,400.00,1410,53
46913.49,100,51,45849,81920,351.64,400.00,1410,56
46918.54,97,66,45849,81920,332.89,400.00,1410,56
46923.6,97,78,45849,81920,351.91,400.00,1410,56
46928.65,100,55,45849,81920,272.63,400.00,1410,52
46933.71,100,57,45849,81920,274.42,400.00,1410,52
46938.77,100,60,45849,81920,282.31,400.00,1410,52
46943.82,100,61,45849,81920,282.91,400.00,1410,52
46948.87,100,55,45849,81920,344.11,400.00,1395,57
46953.92,100,45,45849,81920,355.65,400.00,1380,59
46958.97,100,52,45849,81920,341.07,400.00,1410,58
46964.03,100,51,45849,81920,364.03,400.00,1410,58
46969.08,100,49,45849,81920,328.00,400.00,1395,58
46974.14,100,50,45849,81920,360.99,400.00,1410,58
46979.19,100,50,45849,81920,258.70,400.00,1410,54
46984.25,100,57,45849,81920,286.58,400.00,1410,53
46989.31,100,61,45849,81920,289.90,400.00,1410,52
46994.36,100,61,45849,81920,285.93,400.00,1410,52
46999.42,100,63,45849,81920,290.50,400.00,1410,51
47004.48,100,55,45849,81920,372.12,400.00,1410,56
47009.53,100,37,45849,81920,381.58,400.00,1395,58
47014.59,100,51,45849,81920,374.95,400.00,1410,56
47019.65,100,49,45849,81920,277.18,400.00,1395,53
47024.71,100,51,45849,81920,360.99,400.00,1410,56
47029.76,97,77,45849,81920,326.53,400.00,1410,55
47034.82,100,50,45849,81920,258.37,400.00,1410,51
47039.87,100,57,45849,81920,279.90,400.00,1410,51
47044.93,100,60,45849,81920,284.14,400.00,1410,51
47049.98,100,62,45849,81920,295.66,400.00,1410,50
47055.04,100,64,45849,81920,92.26,400.00,1410,45
47060.1,100,54,45849,81920,357.93,400.00,1410,55
47065.16,100,44,45849,81920,404.29,400.00,1395,56
47070.22,100,51,45849,81920,372.31,400.00,1410,55
47075.34,100,51,45849,81920,368.16,400.00,1410,55
47080.4,97,75,45849,81920,319.53,400.00,1395,55
47085.46,94,46,45849,81920,359.33,400.00,1335,57
47090.52,100,52,45849,81920,265.78,400.00,1410,50
47095.58,100,56,45849,81920,271.86,400.00,1410,50
47100.64,100,59,45849,81920,277.98,400.00,1410,50
47105.69,100,62,45849,81920,283.71,400.00,1410,50
47110.75,100,49,45849,81920,365.38,400.00,1410,52
47115.81,100,50,45849,81920,364.24,400.00,1410,55
47120.87,100,50,45849,81920,362.29,400.00,1380,56
47125.94,100,51,45849,81920,342.21,400.00,1410,54
47131.05,97,77,45849,81920,351.60,400.00,1410,55
47136.12,94,47,45849,81920,362.40,400.00,1410,55
47141.19,100,51,45849,81920,330.26,400.00,1410,56
47146.24,100,54,45849,81920,265.94,400.00,1410,51
47151.3,100,57,45849,81920,278.56,400.00,1410,50
47156.36,100,58,45849,81920,272.37,400.00,1410,50
47161.41,100,59,45849,81920,274.19,400.00,1410,49
47166.49,100,63,45849,81920,373.62,400.00,1410,55
47171.55,100,49,45849,81920,401.71,400.00,1380,58
47176.6,0,0,45849,81920,70.97,400.00,1155,40
47181.66,97,70,45849,81920,343.98,400.00,1410,51
47186.72,100,49,45849,81920,276.15,400.00,1410,51
47191.78,100,51,45849,81920,348.64,400.00,1410,53
47196.84,100,51,45849,81920,300.21,400.00,1410,53
47201.89,100,49,45849,81920,259.44,400.00,1410,50
47206.95,100,55,45849,81920,266.21,400.00,1410,49
47212.02,100,60,45849,81920,285.61,400.00,1410,50
47217.08,100,64,45849,81920,300.21,400.00,1410,50
47222.14,100,67,45849,81920,305.72,400.00,1410,51
47227.19,100,49,45849,81920,371.64,400.00,1410,55
47232.25,100,45,45849,81920,470.21,400.00,1365,55
47237.31,100,51,45849,81920,362.08,400.00,1410,55
47242.36,100,62,45849,81920,336.70,400.00,1410,54
47247.42,100,51,45849,81920,373.67,400.00,1410,55
47252.48,97,77,45849,81920,344.33,400.00,1410,55
47257.53,39,29,45849,81920,245.78,400.00,1410,51
47262.59,100,56,45849,81920,274.60,400.00,1410,50
47267.65,100,59,45849,81920,281.95,400.00,1410,50
47272.7,100,61,45849,81920,286.49,400.00,1410,50
47277.76,100,63,45849,81920,290.16,400.00,1410,50
47282.82,100,59,45849,81920,363.00,400.00,1395,55
47287.88,100,44,45849,81920,303.30,400.00,1380,57
47292.94,100,49,45849,81920,385.93,400.00,1365,56
47298.0,100,51,45849,81920,375.05,400.00,1410,55
47303.06,97,80,45849,81920,360.72,400.00,1410,55
47308.11,100,51,45849,81920,370.33,400.00,1410,56
47313.17,100,50,45849,81920,261.45,400.00,1410,51
47318.23,100,55,45849,81920,267.64,400.00,1410,50
47323.29,100,60,45849,81920,284.32,400.00,1410,50
47328.35,78,49,45849,81920,286.51,400.00,1410,49
47333.4,100,65,45849,81920,299.63,400.00,1410,50
47338.46,100,50,45849,81920,359.24,400.00,1380,55
47343.52,100,37,45849,81920,369.34,400.00,1410,57
47348.57,99,66,45849,81920,326.84,400.00,1410,54
47353.64,94,47,45849,81920,357.59,400.00,1410,55
47358.69,100,51,45849,81920,366.97,400.00,1410,55
47363.75,100,50,45849,81920,325.35,400.00,1410,55
47368.81,100,51,45849,81920,260.76,400.00,1410,50
47373.87,100,56,45849,81920,266.81,400.00,1410,50
47378.93,100,60,45849,81920,284.39,400.00,1410,50
47383.98,100,64,45849,81920,294.11,400.00,1410,50
47389.04,100,54,45849,81920,375.21,400.00,1410,53
47394.1,99,44,45849,81920,403.36,400.00,1410,57
47399.16,100,59,45849,81920,382.03,400.00,1410,56
47404.21,97,69,45849,81920,322.88,400.00,1410,54
47409.27,94,47,45849,81920,363.15,400.00,1410,56
47414.33,100,51,45849,81920,348.36,400.00,1410,55
47419.39,100,50,45849,81920,469.82,400.00,1410,52
47424.45,100,54,45849,81920,266.54,400.00,1410,50
47429.51,100,58,45849,81920,278.39,400.00,1410,50
47434.6,100,60,45849,81920,284.16,400.00,1410,50
47439.65,100,61,45849,81920,283.83,400.00,1410,50
47444.71,100,49,45849,81920,354.72,400.00,1395,54
47449.77,100,36,45849,81920,282.93,400.00,1395,56
47454.82,100,50,45849,81920,357.12,400.00,1410,54
47459.88,100,63,45849,81920,322.90,400.00,1410,55
47464.93,100,49,45849,81920,364.41,400.00,1410,56
47470.0,100,51,45849,81920,324.75,400.00,1410,55
47475.06,100,49,45849,81920,260.16,400.00,1410,50
47480.11,100,56,45849,81920,267.78,400.00,1410,50
47485.16,100,61,45849,81920,290.82,400.00,1410,50
47490.22,100,63,45849,81920,298.69,400.00,1410,50
47495.28,100,67,45849,81920,308.37,400.00,1410,51
47500.33,100,49,45849,81920,347.67,400.00,1410,54
47505.38,100,44,45849,81920,433.48,400.00,1365,57
47510.43,100,50,45849,81920,370.98,400.00,1410,55
47515.49,100,51,45849,81920,374.03,400.00,1410,55
47520.54,100,48,45849,81920,298.38,400.00,1410,54
47525.59,100,51,45849,81920,352.23,400.00,1410,55
47530.66,100,46,45849,81920,252.99,400.00,1410,51
47535.71,12,7,45849,81920,268.70,400.00,1410,48
47540.77,100,56,45849,81920,273.83,400.00,1410,49
47545.82,100,61,45849,81920,285.36,400.00,1410,50
47550.88,100,62,45849,81920,289.27,400.00,1410,50
47555.93,100,55,45849,81920,364.63,400.00,1410,54
47560.99,100,49,45849,81920,411.85,400.00,1365,57
47566.04,100,37,45849,81920,385.42,400.00,1350,58
47571.09,100,49,45849,81920,333.76,400.00,1410,54
47576.15,100,50,45849,81920,350.44,400.00,1410,55
47581.2,100,50,45849,81920,378.87,400.00,1410,55
47586.3,100,50,45849,81920,357.07,400.00,1410,55
47591.35,100,50,45849,81920,304.13,400.00,1410,55
47596.41,100,49,45849,81920,381.26,400.00,1410,57
47601.46,100,53,45849,81920,265.33,400.00,1410,51
47606.51,100,57,45849,81920,273.83,400.00,1410,51
47611.57,100,57,45849,81920,270.46,400.00,1410,51
47616.63,100,61,45849,81920,275.35,400.00,1410,51
47621.68,100,56,45849,81920,370.98,400.00,1410,57
47626.74,100,44,45849,81920,380.86,400.00,1410,59
47631.8,100,49,45849,81920,381.58,400.00,1410,58
47636.85,100,51,45849,81920,348.92,400.00,1410,57
47641.91,97,79,45849,81920,326.20,400.00,1410,56
47646.96,95,47,45849,81920,374.95,400.00,1410,58
47652.02,100,50,45849,81920,259.96,400.00,1410,51
47657.08,100,57,45849,81920,277.79,400.00,1410,51
47662.13,98,60,45849,81920,287.18,400.00,1410,51
47667.19,100,63,45849,81920,290.17,400.00,1410,51
47672.25,100,59,45849,81920,271.42,400.00,1410,50
47677.3,100,56,45849,81920,347.40,400.00,1410,55
47682.36,100,45,45849,81920,375.44,400.00,1395,57
47687.41,100,51,45849,81920,334.35,400.00,1410,55
47692.47,100,59,45849,81920,360.39,400.00,1410,56
47697.53,100,51,45849,81920,370.71,400.00,1410,56
47702.58,94,47,45849,81920,369.79,400.00,1320,58
47707.66,100,52,45849,81920,266.26,400.00,1410,50
47712.72,100,57,45849,81920,272.70,400.00,1410,50
47717.77,100,57,45849,81920,264.67,400.00,1410,49
47722.83,100,60,45849,81920,275.72,400.00,1410,49
47727.89,100,50,45849,81920,354.79,400.00,1395,54
47732.95,100,41,45849,81920,313.09,400.00,1410,56
47738.0,100,50,45849,81920,307.51,400.00,1410,54
47743.06,100,50,45849,81920,281.58,400.00,1395,52
47748.12,100,51,45849,81920,341.13,400.00,1410,55
47753.17,100,50,45849,81920,345.92,400.00,1410,54
47758.23,4,0,45849,81920,88.72,400.00,1410,45
47763.29,95,53,45849,81920,89.14,400.00,1410,45
47768.34,100,60,45849,81920,283.09,400.00,1410,50
47773.41,100,62,45849,81920,292.60,400.00,1410,50
47778.47,100,63,45849,81920,289.60,400.00,1410,50
47783.52,100,49,45849,81920,431.53,400.00,1395,53
47788.58,100,42,45849,81920,377.11,400.00,1410,57
47793.64,97,79,45849,81920,313.86,400.00,1410,54
47798.7,94,47,45849,81920,368.88,400.00,1410,55
47803.76,100,50,45849,81920,325.69,400.00,1410,55
47808.82,98,77,45849,81920,351.97,400.00,1410,55
47813.88,77,42,45849,81920,179.64,400.00,1410,51
47818.94,100,56,45849,81920,275.53,400.00,1410,50
47824.0,100,60,45849,81920,289.49,400.00,1410,50
47829.05,100,61,45849,81920,278.81,400.00,1410,50
47834.11,100,65,45849,81920,292.30,400.00,1410,50
47839.17,100,55,45849,81920,371.86,400.00,1410,54
47844.23,100,36,45849,81920,461.37,400.00,1395,57
47849.29,100,52,45849,81920,326.30,400.00,1410,54
47854.35,100,51,45849,81920,354.44,400.00,1410,55
47859.4,100,50,45849,81920,372.31,400.00,1395,53
47864.46,100,51,45849,81920,352.53,400.00,1410,55
47869.52,100,50,45849,81920,253.45,400.00,1410,50
47874.58,100,56,45849,81920,271.77,400.00,1410,50
47879.64,100,60,45849,81920,278.94,400.00,1410,50
47884.7,19,12,45849,81920,86.81,400.00,1410,46
47889.76,100,65,45849,81920,296.89,400.00,1410,50
47894.82,100,54,45849,81920,372.14,400.00,1395,54
47899.87,100,47,45849,81920,411.93,400.00,1380,58
47904.93,100,50,45849,81920,355.73,400.00,1410,55
47909.99,100,50,45849,81920,359.66,400.00,1410,55
47915.05,100,49,45849,81920,353.83,400.00,1410,55
47920.1,100,51,45849,81920,366.64,400.00,1410,55
47925.16,100,52,45849,81920,262.38,400.00,1410,50
47930.22,0,0,45849,81920,273.75,400.00,1410,48
47935.31,100,59,45849,81920,284.01,400.00,1410,50
47940.38,100,61,45849,81920,284.08,400.00,1410,50
47945.44,100,49,45849,81920,359.93,400.00,1410,53
47950.49,100,49,45849,81920,376.14,400.00,1410,56
47955.55,100,49,45849,81920,359.47,400.00,1395,51
47960.61,100,51,45849,81920,337.02,400.00,1410,54
47965.67,100,51,45849,81920,341.60,400.00,1410,55
47970.73,100,51,45849,81920,359.47,400.00,1365,55
47975.79,100,51,45849,81920,365.84,400.00,1410,55
47980.85,100,53,45849,81920,265.40,400.00,1410,50
47985.91,100,57,45849,81920,268.29,400.00,1410,50
47990.97,85,50,45849,81920,272.92,400.00,1410,48
47996.03,100,62,45849,81920,273.96,400.00,1410,49
48001.09,100,49,45849,81920,364.91,400.00,1410,55
48006.14,100,44,45849,81920,366.85,400.00,1395,56
48011.2,94,47,45849,81920,371.86,400.00,1410,55
48016.26,100,51,45849,81920,315.52,400.00,1410,54
48021.32,100,52,45849,81920,319.15,400.00,1410,53
48026.38,100,58,45849,81920,356.46,400.00,1410,55
48031.44,100,51,45849,81920,261.04,400.00,1410,50
48036.5,100,58,45849,81920,284.30,400.00,1410,50
48041.56,100,60,45849,81920,285.58,400.00,1410,50
48046.62,100,63,45849,81920,291.67,400.00,1410,50
48051.68,91,60,45849,81920,87.10,400.00,1410,43
48056.74,100,59,45849,81920,384.40,400.00,1410,55
48061.79,100,49,45849,81920,464.80,400.00,1380,56
48066.85,100,51,45849,81920,355.39,400.00,1410,55
48071.91,100,51,45849,81920,328.11,400.00,1410,54
48076.97,100,48,45849,81920,377.89,400.00,1395,54
48082.03,100,49,45849,81920,382.73,400.00,1410,54
48087.09,100,52,45849,81920,262.25,400.00,1410,50
48092.15,100,55,45849,81920,262.85,400.00,1410,49
48097.2,100,59,45849,81920,278.66,400.00,1410,49
48102.26,100,64,45849,81920,292.59,400.00,1410,50
48107.33,100,51,45849,81920,373.82,400.00,1410,54
48112.39,100,44,45849,81920,384.43,400.00,1395,57
48117.44,100,51,45849,81920,321.70,400.00,1410,54
48122.5,100,50,45849,81920,330.19,400.00,1410,55
48127.55,66,36,45849,81920,252.26,400.00,1395,51
48132.61,100,51,45849,81920,328.34,400.00,1410,55
48137.66,100,51,45849,81920,343.52,400.00,1410,55
48142.71,100,55,45849,81920,269.58,400.00,1410,50
48147.76,100,57,45849,81920,276.26,400.00,1410,46
48152.82,100,62,45849,81920,283.83,400.00,1410,50
48157.87,100,64,45849,81920,289.00,400.00,1410,50
48162.92,100,53,45849,81920,361.91,400.00,1410,55
48168.0,100,40,45849,81920,403.05,400.00,1410,57
48173.06,100,51,45849,81920,336.80,400.00,1410,54
48178.11,100,51,45849,81920,341.31,400.00,1410,55
48183.17,97,78,45849,81920,358.86,400.00,1410,55
48188.22,100,51,45849,81920,374.95,400.00,1410,55
48193.28,77,39,45849,81920,89.75,400.00,1410,46
48198.33,100,57,45849,81920,275.02,400.00,1410,50
48203.38,100,61,45849,81920,286.58,400.00,1410,50
48208.43,100,65,45849,81920,305.01,400.00,1410,50
48213.49,100,67,45849,81920,303.21,400.00,1410,51
48218.54,100,57,45849,81920,373.11,400.00,1410,55
48223.6,100,49,45849,81920,408.54,400.00,1305,57
48228.66,100,62,45849,81920,367.35,400.00,1410,56
48233.72,95,47,45849,81920,379.19,400.00,1410,57
48238.77,100,51,45849,81920,360.72,400.00,1410,57
48243.82,100,50,45849,81920,342.84,400.00,1395,57
48248.88,15,8,45849,81920,261.09,400.00,1410,51
48253.93,100,56,45849,81920,276.55,400.00,1410,52
48258.99,100,60,45849,81920,288.08,400.00,1410,53
48264.04,100,61,45849,81920,286.88,400.00,1410,53
48269.09,100,61,45849,81920,287.45,400.00,1410,52
48274.15,100,59,45849,81920,367.45,400.00,1410,58
48279.2,100,36,45849,81920,342.84,400.00,1395,60
48284.25,94,48,45849,81920,384.30,400.00,1410,59
48289.31,100,51,45849,81920,345.91,400.00,1410,58
48294.37,97,78,45849,81920,338.59,400.00,1410,58
48299.48,100,56,45849,81920,296.26,400.00,1410,56
48304.54,100,53,45849,81920,273.55,400.00,1410,54
48309.59,100,57,45849,81920,280.82,400.00,1410,53
48314.65,100,60,45849,81920,282.94,400.00,1410,52
48319.7,100,62,45849,81920,289.30,400.00,1410,52
48324.76,100,49,45849,81920,374.03,400.00,1395,54
48329.81,100,45,45849,81920,395.09,400.00,1410,58
48334.87,100,51,45849,81920,316.20,400.00,1410,55
48339.93,97,78,45849,81920,357.07,400.00,1410,56
48344.99,94,48,45849,81920,366.69,400.00,1410,56
48350.04,100,51,45849,81920,325.88,400.00,1410,55
48355.1,100,49,45849,81920,219.30,400.00,1365,55
48360.16,100,55,45849,81920,267.78,400.00,1410,51
48365.22,100,57,45849,81920,267.46,400.00,1410,50
48370.27,100,58,45849,81920,258.37,400.00,1410,49
48375.33,100,60,45849,81920,269.91,400.00,1410,49
48380.39,100,49,45849,81920,325.50,400.00,1410,54
48385.45,100,45,45849,81920,359.36,400.00,1395,56
48390.51,100,51,45849,81920,295.65,400.00,1410,53
48395.56,100,49,45849,81920,370.94,400.00,1410,55
48400.62,94,47,45849,81920,378.30,400.00,1410,56
48405.68,100,51,45849,81920,317.39,400.00,1410,55
48411.03,100,52,45849,81920,262.65,400.00,1410,50
48416.09,32,19,45849,81920,267.26,400.00,1410,48
48421.15,100,58,45849,81920,264.58,400.00,1410,49
48426.21,100,57,45849,81920,259.24,400.00,1410,48
48431.27,100,49,45849,81920,461.94,400.00,1380,53
48436.33,100,45,45849,81920,400.98,400.00,1395,56
48441.39,97,75,45849,81920,339.84,400.00,1410,53
48446.44,94,48,45849,81920,370.45,400.00,1410,55
48451.5,100,51,45849,81920,366.24,400.00,1410,55
48456.56,100,51,45849,81920,350.64,400.00,1410,54
48461.62,45,31,45849,81920,247.56,400.00,1410,50
48466.68,100,55,45849,81920,234.68,400.00,1410,46
48471.73,100,58,45849,81920,267.86,400.00,1410,49
48476.79,100,61,45849,81920,280.39,400.00,1410,49
48481.85,100,61,45849,81920,276.94,400.00,1410,49
48486.91,100,50,45849,81920,344.57,400.00,1410,55
48491.97,100,44,45849,81920,393.59,400.00,1410,57
48497.02,100,51,45849,81920,309.92,400.00,1410,54
48502.08,94,48,45849,81920,117.40,400.00,1410,49
48507.14,100,51,45849,81920,363.29,400.00,1410,55
48512.18,97,79,45849,81920,307.86,400.00,1410,54
48517.24,100,51,45849,81920,257.49,400.00,1410,50
48522.3,100,57,45849,81920,273.40,400.00,1410,50
48527.36,100,57,45849,81920,260.51,400.00,1410,49
48532.42,100,61,45849,81920,265.39,400.00,1410,49
48537.48,100,55,45849,81920,355.52,400.00,1365,53
48542.54,100,36,45849,81920,384.68,400.00,1410,56
48547.62,97,78,45849,81920,357.66,400.00,1410,54
48552.68,94,48,45849,81920,366.12,400.00,1410,55
48557.73,100,50,45849,81920,362.35,400.00,1410,55
48562.8,96,65,45849,81920,327.84,400.00,1410,55
48567.85,100,50,45849,81920,360.21,400.00,1410,56
48572.92,100,54,45849,81920,269.29,400.00,1410,50
48577.97,100,60,45849,81920,284.70,400.00,1410,50
48583.03,100,62,45849,81920,290.80,400.00,1410,50
48588.09,100,64,45849,81920,293.81,400.00,1410,50
48593.15,100,50,45849,81920,382.64,400.00,1410,53
48598.21,100,42,45849,81920,341.28,400.00,1395,56
48603.27,100,52,45849,81920,271.21,400.00,1410,54
48608.33,100,50,45849,81920,319.10,400.00,1410,54
48613.38,100,57,45849,81920,251.44,400.00,1410,54
48618.44,100,51,45849,81920,327.64,400.00,1410,55
48623.5,100,51,45849,81920,347.32,400.00,1410,55
48628.56,100,55,45849,81920,273.40,400.00,1410,50
48633.62,100,58,45849,81920,270.23,400.00,1410,50
48638.68,100,62,45849,81920,281.99,400.00,1410,50
48643.74,100,63,45849,81920,285.33,400.00,1410,50
48648.8,100,55,45849,81920,356.52,400.00,1410,55
48653.86,100,45,45849,81920,391.68,400.00,1410,57
48658.91,94,47,45849,81920,368.27,400.00,1410,56
48663.97,100,51,45849,81920,363.49,400.00,1410,55
48669.03,100,50,45849,81920,278.55,400.00,1410,52
48674.09,100,51,45849,81920,343.04,400.00,1410,54
48679.15,100,50,45849,81920,254.00,400.00,1410,50
48684.2,16,9,45849,81920,88.20,400.00,1410,44
48689.26,100,59,45849,81920,277.09,400.00,1410,49
48694.32,100,62,45849,81920,287.15,400.00,1410,50
48699.38,9,6,45849,81920,94.87,400.00,1410,44
48704.49,100,55,45849,81920,356.39,400.00,1410,55
48709.55,100,44,45849,81920,399.11,400.00,1395,57
48714.62,100,49,45849,81920,371.70,400.00,1335,56
48719.67,100,50,45849,81920,326.58,400.00,1410,54
48724.73,97,74,45849,81920,380.11,400.00,1410,54
48729.79,100,51,45849,81920,355.96,400.00,1410,54
48734.84,100,52,45849,81920,261.92,400.00,1410,50
48739.9,100,58,45849,81920,277.58,400.00,1410,50
48744.96,100,60,45849,81920,281.23,400.00,1410,50
48750.02,100,63,45849,81920,288.31,400.00,1410,50
48755.07,100,50,45849,81920,371.26,400.00,1395,52
48760.13,100,48,45849,81920,384.70,400.00,1410,56
48765.18,97,79,45849,81920,362.29,400.00,1410,55
48770.24,97,75,45849,81920,315.66,400.00,1410,55
48775.3,94,50,45849,81920,391.07,400.00,1395,57
48780.36,100,51,45849,81920,375.61,400.00,1410,55
48785.42,100,50,45849,81920,362.29,400.00,1410,55
48790.47,100,55,45849,81920,271.98,400.00,1410,50
48795.53,100,60,45849,81920,286.55,400.00,1410,50
48800.58,100,63,45849,81920,295.04,400.00,1410,50
48805.64,100,66,45849,81920,303.20,400.00,1410,50
48810.69,100,50,45849,81920,359.24,400.00,1410,54
48815.75,100,45,45849,81920,352.83,400.00,1365,57
48820.8,97,71,45849,81920,351.04,400.00,1410,55
48825.85,98,49,45849,81920,365.88,400.00,1410,55
48830.9,100,51,45849,81920,358.97,400.00,1410,55
48835.96,100,59,45849,81920,372.84,400.00,1410,55
48841.02,61,37,45849,81920,252.34,400.00,1410,51
48846.07,100,55,45849,81920,271.15,400.00,1410,50
48851.12,100,62,45849,81920,287.78,400.00,1410,50
48856.17,100,65,45849,81920,303.20,400.00,1410,50
48861.22,100,67,45849,81920,303.21,400.00,1410,51
48866.28,100,50,45849,81920,360.11,400.00,1410,55
48871.33,100,38,45849,81920,395.50,400.00,1410,57
48876.38,100,51,45849,81920,363.43,400.00,1410,55
48881.44,100,51,45849,81920,330.19,400.00,1410,55
48886.5,97,79,45849,81920,355.55,400.00,1410,55
48891.55,100,51,45849,81920,359.52,400.00,1410,55
48896.61,100,50,45849,81920,254.45,400.00,1410,50
48901.66,100,55,45849,81920,265.94,400.00,1410,50
48906.72,100,56,45849,81920,257.51,400.00,1410,49
48911.77,100,55,45849,81920,248.09,400.00,1410,48
48916.82,100,55,45849,81920,358.59,400.00,1410,55
48921.87,100,36,45849,81920,394.30,400.00,1410,58
48926.93,97,69,45849,81920,336.55,400.00,1410,55
48931.98,94,48,45849,81920,383.77,400.00,1410,57
48937.04,100,51,45849,81920,335.01,400.00,1410,57
48942.09,98,79,45849,81920,334.68,400.00,1410,57
48947.16,100,51,45849,81920,366.15,400.00,1410,58
48952.21,100,53,45849,81920,268.71,400.00,1410,52
48957.27,100,59,45849,81920,285.33,400.00,1410,53
48962.32,100,62,45849,81920,292.62,400.00,1410,53
48967.38,100,63,45849,81920,292.92,400.00,1410,52
48972.44,100,55,45849,81920,373.05,400.00,1410,56
48977.5,100,44,45849,81920,420.77,400.00,1335,59
48982.55,100,56,45849,81920,367.89,400.00,1410,55
48987.61,94,47,45849,81920,379.08,400.00,1410,57
48992.68,100,51,45849,81920,320.77,400.00,1410,55
48997.73,100,50,45849,81920,361.64,400.00,1410,55
49002.79,100,51,45849,81920,341.96,400.00,1410,55
49007.84,100,54,45849,81920,268.05,400.00,1410,51
49012.9,100,60,45849,81920,281.42,400.00,1410,50
49017.96,100,61,45849,81920,282.61,400.00,1410,50
49023.01,100,64,45849,81920,289.90,400.00,1410,50
49028.07,100,51,45849,81920,363.43,400.00,1410,54
49033.13,100,44,45849,81920,397.51,400.00,1350,58
49038.18,94,47,45849,81920,374.56,400.00,1410,56
49043.25,100,51,45849,81920,363.98,400.00,1410,55
49048.31,100,52,45849,81920,333.08,400.00,1410,54
49053.37,100,50,45849,81920,331.46,400.00,1410,55
49058.42,48,32,45849,81920,260.78,400.00,1410,51
49063.52,100,55,45849,81920,266.11,400.00,1410,50
49068.58,100,59,45849,81920,276.38,400.00,1410,49
49073.69,100,62,45849,81920,283.99,400.00,1410,50
49078.76,100,62,45849,81920,88.68,400.00,1410,45
49083.82,100,54,45849,81920,356.19,400.00,1410,55
49088.88,100,44,45849,81920,368.51,400.00,1410,57
49093.93,100,51,45849,81920,298.96,400.00,1410,53
49098.99,98,66,45849,81920,381.45,400.00,1410,55
49104.05,100,49,45849,81920,280.77,400.00,1395,53
49109.12,100,51,45849,81920,356.33,400.00,1410,55
49114.23,100,50,45849,81920,259.17,400.00,1410,49
49119.29,100,57,45849,81920,272.37,400.00,1410,49
49124.35,100,61,45849,81920,282.55,400.00,1410,50
49129.41,100,63,45849,81920,292.00,400.00,1410,49
49134.54,100,64,45849,81920,289.49,400.00,1410,50
49139.6,100,49,45849,81920,444.88,400.00,1395,54
49144.72,100,45,45849,81920,402.45,400.00,1410,57
49149.78,100,51,45849,81920,360.63,400.00,1410,54
49154.84,97,69,45849,81920,309.00,400.00,1410,54
49159.92,93,47,45849,81920,377.67,400.00,1410,56
49165.03,100,50,45849,81920,366.85,400.00,1410,55
49170.13,100,49,45849,81920,257.96,400.00,1410,51
49175.19,65,36,45849,81920,88.38,400.00,1410,44
49180.24,100,60,45849,81920,288.58,400.00,1410,50
49185.3,100,65,45849,81920,305.11,400.00,1410,51
49190.36,100,68,45849,81920,312.16,400.00,1410,51
49195.42,100,54,45849,81920,365.69,400.00,1410,54
49200.48,100,37,45849,81920,359.38,400.00,1395,56
49205.54,97,72,45849,81920,360.64,400.00,1410,54
49210.6,100,50,45849,81920,349.21,400.00,1410,54
49215.66,100,50,45849,81920,314.03,400.00,1410,54
49220.72,100,50,45849,81920,324.15,400.00,1410,55
49225.82,100,50,45849,81920,320.14,400.00,1410,55
49230.89,100,49,45849,81920,260.71,400.00,1410,51
49235.97,100,55,45849,81920,273.12,400.00,1410,50
49241.04,100,59,45849,81920,281.62,400.00,1410,50
49246.09,100,63,45849,81920,291.07,400.00,1410,50
49251.15,100,66,45849,81920,299.29,400.00,1410,50
49256.22,100,49,45849,81920,356.89,400.00,1410,54
49261.28,100,45,45849,81920,404.63,400.00,1380,57
49266.34,100,51,45849,81920,325.17,400.00,1410,54
49271.39,100,55,45849,81920,365.99,400.00,1410,54
49276.45,100,51,45849,81920,352.90,400.00,1410,55
49281.51,100,51,45849,81920,324.30,400.00,1410,55
49286.57,100,51,45849,81920,258.71,400.00,1410,50
49291.63,100,57,45849,81920,269.29,400.00,1410,50
49296.68,100,60,45849,81920,287.71,400.00,1410,50
49301.74,100,63,45849,81920,294.74,400.00,1410,50
49306.8,0,0,45849,81920,87.66,400.00,1410,43
49311.86,100,49,45849,81920,362.35,400.00,1395,54
49316.92,100,37,45849,81920,372.14,400.00,1395,57
49321.96,100,51,45849,81920,363.61,400.00,1410,55
49327.02,100,51,45849,81920,354.59,400.00,1410,54
49332.08,97,68,45849,81920,284.10,400.00,1410,54
49337.15,100,51,45849,81920,191.68,400.00,1410,54
49342.21,100,52,45849,81920,264.39,400.00,1410,50
49347.27,100,58,45849,81920,278.95,400.00,1410,50
49352.32,100,63,45849,81920,295.95,400.00,1410,51
49357.38,100,66,45849,81920,300.79,400.00,1410,51
49362.44,0,0,45849,81920,86.75,400.00,1410,42
49367.5,100,50,45849,81920,362.08,400.00,1395,55
49372.55,100,37,45849,81920,382.84,400.00,1410,58
49377.61,100,49,45849,81920,348.71,400.00,1410,55
49382.66,100,50,45849,81920,356.49,400.00,1410,55
49387.72,100,50,45849,81920,329.84,400.00,1395,53
49392.78,100,51,45849,81920,330.38,400.00,1410,54
49397.84,100,54,45849,81920,267.48,400.00,1410,50
49402.9,100,57,45849,81920,264.24,400.00,1410,49
49407.96,100,58,45849,81920,265.12,400.00,1410,49
49413.02,100,61,45849,81920,274.75,400.00,1410,49
49418.07,100,55,45849,81920,337.75,400.00,1395,53
49423.13,100,44,45849,81920,384.11,400.00,1395,57
49428.18,100,51,45849,81920,327.14,400.00,1410,55
49433.23,97,80,45849,81920,335.95,400.00,1410,54
49438.29,100,51,45849,81920,268.66,400.00,1395,52
49443.34,100,51,45849,81920,346.56,400.00,1410,54
49448.4,69,38,45849,81920,257.11,400.00,1410,50
49453.45,100,55,45849,81920,267.13,400.00,1410,50
49458.5,100,58,45849,81920,279.59,400.00,1410,49
49463.56,100,60,45849,81920,276.26,400.00,1410,49
49468.61,100,62,45849,81920,282.64,400.00,1410,49
49473.66,100,49,45849,81920,340.44,400.00,1410,54
49478.71,100,41,45849,81920,408.71,400.00,1395,57
49483.76,100,50,45849,81920,325.00,400.00,1410,54
49488.84,100,48,45849,81920,363.43,400.00,1395,53
49493.89,94,47,45849,81920,364.35,400.00,1410,55
49498.95,100,51,45849,81920,325.88,400.00,1410,55
49504.0,100,51,45849,81920,257.77,400.00,1410,50
49509.05,100,54,45849,81920,254.72,400.00,1410,48
49514.12,100,55,45849,81920,260.49,400.00,1410,48
49519.18,100,61,45849,81920,264.14,400.00,1410,48
49524.23,100,55,45849,81920,360.11,400.00,1410,53
49529.28,100,43,45849,81920,401.59,400.00,1410,56
49534.33,100,51,45849,81920,286.88,400.00,1410,52
49539.39,100,50,45849,81920,334.35,400.00,1410,54
49544.44,100,55,45849,81920,261.42,400.00,1395,51
49549.5,100,50,45849,81920,354.36,400.00,1410,54
49554.55,100,50,45849,81920,325.61,400.00,1410,54
49559.6,100,55,45849,81920,268.05,400.00,1410,50
49564.66,100,57,45849,81920,271.70,400.00,1410,50
49569.71,100,61,45849,81920,282.33,400.00,1410,51
49574.76,100,64,45849,81920,289.27,400.00,1410,51
49579.82,100,50,45849,81920,361.91,400.00,1410,56
49584.88,100,39,45849,81920,381.58,400.00,1410,59
49589.93,100,51,45849,81920,356.75,400.00,1410,57
49594.99,97,74,45849,81920,351.31,400.00,1410,57
49600.05,100,51,45849,81920,376.75,400.00,1410,58
49605.1,100,51,45849,81920,364.95,400.00,1410,57
49610.16,63,39,45849,81920,263.27,400.00,1410,53
49615.21,100,56,45849,81920,280.50,400.00,1410,52
49620.27,100,61,45849,81920,291.69,400.00,1410,52
49625.32,100,62,45849,81920,286.26,400.00,1410,50
49630.38,100,63,45849,81920,284.14,400.00,1410,50
49635.44,100,54,45849,81920,359.79,400.00,1410,55
49640.49,100,44,45849,81920,390.58,400.00,1395,57
49645.55,94,47,45849,81920,371.32,400.00,1410,56
49650.61,100,51,45849,81920,368.87,400.00,1410,55
49655.66,97,62,45849,81920,335.28,400.00,1410,55
49660.72,100,51,45849,81920,344.36,400.00,1410,55
49665.78,100,50,45849,81920,251.74,400.00,1410,51
49670.88,100,56,45849,81920,270.83,400.00,1410,50
49675.94,100,57,45849,81920,259.37,400.00,1410,49
49681.0,100,56,45849,81920,253.74,400.00,1410,48
49686.06,100,49,45849,81920,359.66,400.00,1410,53
49691.11,100,38,45849,81920,381.29,400.00,1410,56
49696.17,100,51,45849,81920,343.72,400.00,1410,53
49701.23,100,49,45849,81920,361.74,400.00,1365,56
49706.29,100,51,45849,81920,302.96,400.00,1410,54
49711.35,97,79,45849,81920,304.81,400.00,1410,54
49716.41,100,49,45849,81920,305.98,400.00,1410,54
49721.47,100,54,45849,81920,270.41,400.00,1410,51
49726.53,100,58,45849,81920,272.14,400.00,1410,50
49731.59,100,58,45849,81920,270.37,400.00,1410,49
49736.65,100,58,45849,81920,266.27,400.00,1410,48
49741.71,100,50,45849,81920,381.44,400.00,1410,55
49746.77,100,36,45849,81920,375.81,400.00,1410,57
49751.83,100,51,45849,81920,352.29,400.00,1410,54
49756.88,100,50,45849,81920,347.70,400.00,1410,55
49761.94,100,50,45849,81920,432.52,400.00,1395,54
49767.0,100,50,45849,81920,360.13,400.00,1410,55
49772.06,82,41,45849,81920,89.98,400.00,1410,47
49777.11,100,56,45849,81920,270.50,400.00,1410,50
49782.17,100,59,45849,81920,275.53,400.00,1410,50
49787.23,100,63,45849,81920,289.54,400.00,1410,50
49792.29,100,66,45849,81920,294.71,400.00,1410,50
49797.34,100,51,45849,81920,351.63,400.00,1410,55
49802.4,100,49,45849,81920,361.65,400.00,1395,56
49807.46,94,48,45849,81920,378.30,400.00,1410,55
49812.52,100,50,45849,81920,328.83,400.00,1410,55
49817.58,97,78,45849,81920,338.50,400.00,1410,55
49822.64,100,51,45849,81920,360.45,400.00,1410,54
49827.7,100,51,45849,81920,263.58,400.00,1410,50
49832.75,100,57,45849,81920,274.84,400.00,1410,50
49837.81,99,60,45849,81920,284.40,400.00,1410,50
49842.87,100,62,45849,81920,287.10,400.00,1410,50
49847.93,100,49,45849,81920,372.04,400.00,1410,52
49852.99,100,54,45849,81920,348.61,400.00,1410,55
49858.07,100,45,45849,81920,399.18,400.00,1410,57
49863.13,100,52,45849,81920,322.55,400.00,1410,55
49868.19,100,49,45849,81920,295.04,400.00,1410,52
49873.25,100,51,45849,81920,378.57,400.00,1410,55
49878.3,100,53,45849,81920,373.79,400.00,1410,55
49883.36,69,38,45849,81920,253.33,400.00,1410,50
49888.42,100,55,45849,81920,274.92,400.00,1410,50
49893.48,100,61,45849,81920,288.28,400.00,1410,50
49898.54,100,63,45849,81920,292.30,400.00,1410,50
49903.6,100,66,45849,81920,295.92,400.00,1410,50
49908.65,100,55,45849,81920,370.17,400.00,1410,55
49913.71,100,49,45849,81920,358.09,400.00,1410,57
49918.77,100,51,45849,81920,354.71,400.00,1410,55
49923.83,97,68,45849,81920,287.67,400.00,1410,52
49928.89,100,51,45849,81920,320.08,400.00,1410,55
49933.95,100,51,45849,81920,336.43,400.00,1410,55
49939.0,100,52,45849,81920,262.92,400.00,1410,50
49944.06,100,56,45849,81920,273.15,400.00,1410,50
49949.12,100,59,45849,81920,280.12,400.00,1410,50
49954.17,100,63,45849,81920,286.44,400.00,1410,50
49959.23,100,60,45849,81920,375.93,400.00,1410,52
49964.29,100,50,45849,81920,417.67,400.00,1395,55
49969.35,100,50,45849,81920,261.84,400.00,1410,51
49974.41,100,50,45849,81920,292.61,400.00,1395,52
49979.46,100,51,45849,81920,373.08,400.00,1410,55
49984.52,100,51,45849,81920,353.50,400.00,1410,54
49989.58,100,50,45849,81920,283.50,400.00,1395,52
49994.64,100,55,45849,81920,270.50,400.00,1410,50
49999.7,100,59,45849,81920,282.16,400.00,1410,50
50004.76,100,60,45849,81920,281.64,400.00,1410,50
50009.82,100,60,45849,81920,275.16,400.00,1410,49
50014.88,100,55,45849,81920,372.52,400.00,1380,53
50020.0,100,48,45849,81920,392.20,400.00,1395,56
50025.06,100,49,45849,81920,376.78,400.00,1395,53
50030.15,100,51,45849,81920,312.61,400.00,1410,54
50035.2,100,59,45849,81920,374.69,400.00,1410,56
50040.25,100,51,45849,81920,333.23,400.00,1410,55
50045.31,100,51,45849,81920,258.37,400.00,1410,50
50050.36,100,57,45849,81920,280.48,400.00,1410,50
50055.42,100,62,45849,81920,286.88,400.00,1410,50
50060.48,100,66,45849,81920,298.08,400.00,1410,50
50065.53,100,66,45849,81920,87.12,400.00,1410,44
50070.59,100,50,45849,81920,377.47,400.00,1410,55
50075.64,100,45,45849,81920,367.73,400.00,1410,57
50080.68,100,51,45849,81920,347.08,400.00,1410,55
50085.74,97,78,45849,81920,370.45,400.00,1410,55
50090.79,100,57,45849,81920,356.15,400.00,1410,55
50095.84,100,51,45849,81920,328.00,400.00,1410,55
50100.9,100,52,45849,81920,259.89,400.00,1410,50
50105.95,100,58,45849,81920,277.50,400.00,1410,50
50110.99,100,61,45849,81920,282.94,400.00,1410,50
50116.05,100,63,45849,81920,285.93,400.00,1410,50
50121.1,64,32,45849,81920,356.48,400.00,1410,51
50126.16,100,50,45849,81920,349.52,400.00,1410,55
50131.21,49,24,45849,81920,381.51,400.00,1410,54
50136.28,100,59,45849,81920,368.27,400.00,1410,56
50141.38,100,50,45849,81920,347.40,400.00,1410,54
50146.43,97,64,45849,81920,299.58,400.00,1395,54
50151.5,100,50,45849,81920,245.04,400.00,1410,54
50156.56,100,54,45849,81920,265.67,400.00,1410,50
50161.61,100,57,45849,81920,271.42,400.00,1410,50
50166.66,100,61,45849,81920,288.08,400.00,1410,51
50171.72,100,63,45849,81920,287.15,400.00,1410,51
50176.78,100,56,45849,81920,443.33,400.00,1395,55
50181.83,100,38,45849,81920,370.39,400.00,1395,58
50186.88,100,50,45849,81920,308.05,400.00,1410,56
50191.94,100,50,45849,81920,361.91,400.00,1410,57
50196.99,100,51,45849,81920,354.36,400.00,1410,56
50202.04,100,64,45849,81920,311.09,400.00,1410,55
50207.09,100,50,45849,81920,143.12,400.00,1410,50
50212.16,100,55,45849,81920,274.75,400.00,1410,51
50217.28,100,62,45849,81920,293.52,400.00,1410,51
50222.37,100,64,45849,81920,296.86,400.00,1410,51
50227.44,100,63,45849,81920,294.73,400.00,1410,51
50232.55,100,53,45849,81920,465.23,400.00,1380,56
50237.61,100,49,45849,81920,403.56,400.00,1380,58
50242.66,100,49,45849,81920,450.41,400.00,1365,55
50247.72,100,51,45849,81920,351.04,400.00,1410,55
50252.77,100,65,45849,81920,386.35,400.00,1410,56
50257.83,97,62,45849,81920,321.96,400.00,1410,54
50262.9,100,50,45849,81920,258.97,400.00,1410,50
50267.95,100,56,45849,81920,273.22,400.00,1410,50
50273.01,100,59,45849,81920,277.79,400.00,1410,50
50278.11,100,62,45849,81920,285.06,400.00,1410,49
50283.17,25,16,45849,81920,87.30,400.00,1410,43
50288.23,100,54,45849,81920,348.92,400.00,1395,55
50293.3,100,44,45849,81920,370.07,400.00,1395,57
50298.36,94,46,45849,81920,310.50,400.00,1395,53
50303.42,100,51,45849,81920,322.57,400.00,1410,55
50308.53,97,77,45849,81920,362.83,400.00,1410,55
50313.59,100,51,45849,81920,333.23,400.00,1410,54
50318.65,100,52,45849,81920,262.11,400.00,1410,50
50323.72,100,58,45849,81920,285.58,400.00,1410,50
50328.8,100,63,45849,81920,294.11,400.00,1410,50
50333.86,100,66,45849,81920,298.68,400.00,1410,51
50338.92,0,0,45849,81920,86.15,400.00,1410,44
50343.99,100,54,45849,81920,380.11,400.00,1410,55
50349.04,100,36,45849,81920,380.90,400.00,1410,58
50354.1,94,47,45849,81920,367.58,400.00,1410,56
50359.16,97,71,45849,81920,365.76,400.00,1410,55
50364.22,94,47,45849,81920,366.45,400.00,1365,57
50369.28,100,50,45849,81920,362.11,400.00,1410,55
50374.34,100,52,45849,81920,264.03,400.00,1410,50
50379.4,100,58,45849,81920,275.00,400.00,1410,50
50384.45,100,62,45849,81920,294.42,400.00,1410,50
50389.51,100,61,45849,81920,283.12,400.00,1410,50
50394.57,69,34,45849,81920,458.02,400.00,1395,51
50399.62,100,55,45849,81920,366.87,400.00,1410,55
50404.69,100,36,45849,81920,94.78,400.00,1395,52
50409.74,97,79,45849,81920,355.76,400.00,1410,54
50414.8,100,51,45849,81920,362.96,400.00,1410,55
50419.86,100,50,45849,81920,323.42,400.00,1410,55
50424.92,94,47,45849,81920,369.11,400.00,1410,56
50429.98,100,52,45849,81920,265.12,400.00,1410,50
50435.04,100,58,45849,81920,280.37,400.00,1410,50
50440.1,100,62,45849,81920,289.85,400.00,1410,50
50445.15,100,63,45849,81920,288.58,400.00,1410,50
50450.21,100,61,45849,81920,379.11,400.00,1335,54
50455.27,100,44,45849,81920,407.79,400.00,1380,57
50460.33,100,59,45849,81920,383.79,400.00,1410,55
50465.38,97,77,45849,81920,368.65,400.00,1410,55
50470.43,100,50,45849,81920,346.35,400.00,1410,55
50475.49,100,51,45849,81920,357.81,400.00,1410,55
50480.55,100,60,45849,81920,274.11,400.00,1380,53
50485.6,2,1,45849,81920,88.59,400.00,1410,47
50490.66,100,59,45849,81920,281.40,400.00,1410,50
50495.74,98,61,45849,81920,289.84,400.00,1410,50
50500.83,100,62,45849,81920,88.53,400.00,1410,45
50505.89,100,54,45849,81920,330.26,400.00,1410,53
50510.95,100,36,45849,81920,374.00,400.00,1365,56
50516.0,100,51,45849,81920,333.88,400.00,1410,54
50521.06,100,51,45849,81920,366.31,400.00,1410,55
50526.12,100,51,45849,81920,369.41,400.00,1410,55
50531.18,94,47,45849,81920,360.31,400.00,1380,54
50536.24,100,51,45849,81920,315.66,400.00,1410,55
50541.29,100,52,45849,81920,260.78,400.00,1410,50
50546.35,100,58,45849,81920,276.49,400.00,1410,49
50551.41,100,59,45849,81920,277.26,400.00,1410,49
50556.47,100,61,45849,81920,277.87,400.00,1410,49
50561.53,100,55,45849,81920,365.10,400.00,1410,54
50566.58,100,45,45849,81920,399.57,400.00,1395,56
50571.64,97,79,45849,81920,337.09,400.00,1410,53
50576.7,94,46,45849,81920,360.54,400.00,1410,55
50581.75,100,51,45849,81920,345.68,400.00,1410,54
50586.81,97,62,45849,81920,376.41,400.00,1410,55
50591.87,50,32,45849,81920,254.00,400.00,1410,50
50596.93,100,55,45849,81920,270.42,400.00,1410,50
50601.99,100,60,45849,81920,279.76,400.00,1410,49
50607.05,100,63,45849,81920,287.69,400.00,1410,50
50612.1,100,64,45849,81920,296.85,400.00,1410,50
50617.16,100,56,45849,81920,352.90,400.00,1380,54
50622.22,100,44,45849,81920,361.47,400.00,1410,56
50627.27,93,46,45849,81920,353.17,400.00,1410,55
50632.33,100,50,45849,81920,326.55,400.00,1410,55
50637.39,100,49,45849,81920,302.64,400.00,1395,53
50642.45,100,50,45849,81920,343.38,400.00,1410,55
50647.51,100,49,45849,81920,262.52,400.00,1410,50
50652.58,100,55,45849,81920,271.81,400.00,1410,50
50657.66,100,58,45849,81920,266.98,400.00,1410,49
50662.72,100,58,45849,81920,263.46,400.00,1410,48
50667.78,0,0,45849,81920,367.90,400.00,1410,50
50672.92,100,49,45849,81920,333.79,400.00,1395,54
50678.07,47,25,45849,81920,357.79,400.00,1410,54
50683.13,100,50,45849,81920,333.96,400.00,1410,54
50688.19,100,50,45849,81920,440.14,400.00,1410,54
50693.25,94,47,45849,81920,381.76,400.00,1410,55
50698.31,100,50,45849,81920,327.14,400.00,1410,55
50703.43,100,53,45849,81920,261.42,400.00,1410,50
50708.48,100,57,45849,81920,276.27,400.00,1410,49
50713.54,100,60,45849,81920,281.40,400.00,1410,49
50718.59,100,59,45849,81920,271.71,400.00,1410,49
50723.65,100,56,45849,81920,346.24,400.00,1395,53
50728.7,100,37,45849,81920,324.15,400.00,1395,56
50733.75,100,51,45849,81920,319.58,400.00,1410,54
50738.81,97,75,45849,81920,341.39,400.00,1410,54
50743.86,97,76,45849,81920,387.42,400.00,1395,54
50748.92,100,51,45849,81920,356.52,400.00,1410,55
50753.97,100,49,45849,81920,256.91,400.00,1410,50
50759.02,100,55,45849,81920,275.63,400.00,1410,50
50764.07,100,58,45849,81920,274.15,400.00,1410,49
50769.12,100,58,45849,81920,266.86,400.00,1410,48
50774.18,0,0,45849,81920,86.10,400.00,1410,41
50779.23,100,55,45849,81920,300.21,400.00,1395,53
50784.28,100,43,45849,81920,371.59,400.00,1380,55
50789.34,100,50,45849,81920,363.11,400.00,1410,54
50794.39,100,51,45849,81920,330.77,400.00,1410,53
50799.45,100,50,45849,81920,339.52,400.00,1410,54
50804.51,100,51,45849,81920,316.80,400.00,1410,54
50809.56,100,50,45849,81920,356.15,400.00,1410,54
50814.61,100,51,45849,81920,256.85,400.00,1410,50
50819.67,100,57,45849,81920,273.54,400.00,1410,49
50824.72,100,60,45849,81920,283.83,400.00,1410,49
50829.77,100,59,45849,81920,262.02,400.00,1410,48
50834.82,100,49,45849,81920,345.28,400.00,1395,52
50839.87,100,52,45849,81920,383.38,400.00,1410,56
50844.93,100,60,45849,81920,302.00,400.00,1410,52
50849.99,100,51,45849,81920,361.31,400.00,1410,54
50855.05,100,51,45849,81920,337.15,400.00,1410,54
50860.1,97,68,45849,81920,328.99,400.00,1410,55
50865.15,100,51,45849,81920,325.94,400.00,1410,56
50870.24,100,53,45849,81920,265.01,400.00,1410,51
50875.31,100,58,45849,81920,280.82,400.00,1410,52
50880.36,100,60,45849,81920,287.75,400.00,1410,52
50885.41,100,64,45849,81920,296.86,400.00,1410,52
50890.47,100,49,45849,81920,338.00,400.00,1395,56
50895.53,100,44,45849,81920,384.30,400.00,1395,59
50900.58,97,47,45849,81920,371.32,400.00,1410,57
50905.64,100,50,45849,81920,313.22,400.00,1410,56
50910.69,100,48,45849,81920,345.55,400.00,1410,56
50915.75,95,48,45849,81920,380.39,400.00,1410,57
50920.81,100,59,45849,81920,119.04,400.00,1410,53
50925.87,100,55,45849,81920,267.51,400.00,1410,50
50930.92,100,61,45849,81920,289.57,400.00,1410,51
50935.98,100,65,45849,81920,295.66,400.00,1410,51
50941.04,100,67,45849,81920,307.12,400.00,1410,51
50946.09,100,54,45849,81920,396.10,400.00,1410,55
50951.15,100,44,45849,81920,368.27,400.00,1410,57
50956.21,100,62,45849,81920,394.49,400.00,1410,54
50961.27,100,51,45849,81920,325.62,400.00,1410,55
50966.33,100,51,45849,81920,330.59,400.00,1410,55
50971.39,94,48,45849,81920,351.96,400.00,1410,55
50976.45,100,51,45849,81920,360.97,400.00,1410,56
50981.5,100,56,45849,81920,272.14,400.00,1410,50
50986.56,100,59,45849,81920,282.45,400.00,1410,50
50991.62,100,61,45849,81920,287.10,400.00,1410,50
50996.68,100,63,45849,81920,290.76,400.00,1410,50
51001.74,100,59,45849,81920,374.22,400.00,1410,55
51006.8,100,49,45849,81920,408.30,400.00,1380,57
51011.86,94,46,45849,81920,409.40,400.00,1395,52
51016.91,94,48,45849,81920,357.57,400.00,1410,56
51021.97,100,51,45849,81920,352.73,400.00,1410,55
51027.03,100,52,45849,81920,344.47,400.00,1410,55
51032.09,100,52,45849,81920,264.09,400.00,1410,50
51037.19,100,58,45849,81920,282.45,400.00,1410,50
51042.25,100,61,45849,81920,285.83,400.00,1410,50
51047.3,100,59,45849,81920,272.79,400.00,1410,49
51052.36,100,54,45849,81920,362.95,400.00,1410,52
51057.42,100,57,45849,81920,314.63,400.00,1395,54
51062.47,100,61,45849,81920,380.50,400.00,1410,53
51067.53,100,50,45849,81920,348.28,400.00,1410,54
51072.59,100,51,45849,81920,341.73,400.00,1410,55
51077.65,100,52,45849,81920,315.76,400.00,1410,54
51082.7,100,51,45849,81920,360.35,400.00,1410,55
51087.76,100,53,45849,81920,266.05,400.00,1410,49
51092.82,100,57,45849,81920,278.15,400.00,1410,49
51097.88,100,60,45849,81920,279.41,400.00,1410,49
51102.94,15,9,45849,81920,291.36,400.00,1410,47
51107.99,100,49,45849,81920,340.42,400.00,1410,53
51113.05,100,44,45849,81920,317.35,400.00,1395,55
51118.11,100,51,45849,81920,310.92,400.00,1410,54
51123.16,100,51,45849,81920,353.02,400.00,1410,55
51128.22,94,47,45849,81920,369.63,400.00,1410,56
51133.28,100,51,45849,81920,348.39,400.00,1410,55
51138.38,94,47,45849,81920,365.64,400.00,1410,56
51143.43,100,54,45849,81920,266.54,400.00,1410,50
51148.49,100,57,45849,81920,277.27,400.00,1410,50
51153.55,100,60,45849,81920,278.48,400.00,1410,49
51158.61,100,61,45849,81920,279.80,400.00,1410,49
51163.67,100,49,45849,81920,358.96,400.00,1395,54
51168.73,100,44,45849,81920,375.58,400.00,1410,57
51173.78,100,51,45849,81920,354.44,400.00,1410,54
51178.84,100,49,45849,81920,321.83,400.00,1410,54
51183.9,94,46,45849,81920,331.64,400.00,1380,56
51188.96,100,51,45849,81920,320.63,400.00,1410,55
51194.02,100,51,45849,81920,257.96,400.00,1410,50
51199.08,100,56,45849,81920,267.75,400.00,1410,50
51204.14,100,60,45849,81920,281.88,400.00,1410,49
51209.19,100,62,45849,81920,288.32,400.00,1410,50
51214.25,0,0,45849,81920,342.72,400.00,1410,50
51219.34,100,61,45849,81920,386.09,400.00,1410,55
51224.4,4,2,45849,81920,351.57,400.00,1410,50
51229.46,100,51,45849,81920,352.04,400.00,1410,55
51234.52,94,47,45849,81920,379.45,400.00,1380,55
51239.58,100,51,45849,81920,312.94,400.00,1410,54
51244.64,97,77,45849,81920,328.23,400.00,1410,54
51249.69,100,53,45849,81920,264.24,400.00,1410,50
51254.77,100,56,45849,81920,272.70,400.00,1410,49
51259.83,100,53,45849,81920,236.82,400.00,1410,47
51264.88,100,53,45849,81920,234.68,400.00,1410,46
51269.94,100,49,45849,81920,362.73,400.00,1410,54
51275.0,100,36,45849,81920,378.49,400.00,1395,57
51280.06,100,51,45849,81920,330.87,400.00,1410,53
51285.12,100,49,45849,81920,277.40,400.00,1410,52
51290.18,94,48,45849,81920,359.29,400.00,1410,54
51295.23,100,50,45849,81920,320.14,400.00,1410,54
51300.29,100,51,45849,81920,263.46,400.00,1410,50
51305.35,100,58,45849,81920,276.73,400.00,1410,50
51310.41,100,56,45849,81920,257.30,400.00,1410,49
51315.47,100,59,45849,81920,264.40,400.00,1410,48
51320.53,100,55,45849,81920,359.56,400.00,1410,53
51325.59,100,45,45849,81920,373.29,400.00,1395,56
51330.65,100,50,45849,81920,338.89,400.00,1410,53
51335.71,97,78,45849,81920,313.86,400.00,1410,54
51340.76,94,48,45849,81920,359.57,400.00,1395,55
51345.81,100,51,45849,81920,347.16,400.00,1410,54
51350.87,97,78,45849,81920,324.15,400.00,1410,54
51355.92,100,55,45849,81920,272.31,400.00,1410,50
51360.98,100,60,45849,81920,282.91,400.00,1410,50
51366.04,100,63,45849,81920,299.28,400.00,1410,50
51371.09,100,65,45849,81920,297.76,400.00,1410,50
51376.15,100,54,45849,81920,357.12,400.00,1410,54
51381.2,100,37,45849,81920,322.03,400.00,1395,56
51386.25,100,51,45849,81920,305.92,400.00,1410,54
51391.31,100,51,45849,81920,320.77,400.00,1410,54
51396.36,100,49,45849,81920,358.00,400.00,1410,54
51401.42,100,51,45849,81920,347.99,400.00,1410,55
51406.47,98,75,45849,81920,369.19,400.00,1410,55
51411.53,100,54,45849,81920,263.54,400.00,1410,50
51416.58,100,57,45849,81920,268.39,400.00,1410,49
51421.63,100,59,45849,81920,268.39,400.00,1410,49
51426.69,100,58,45849,81920,258.97,400.00,1410,47
51431.74,100,50,45849,81920,351.31,400.00,1410,54
51436.8,100,37,45849,81920,294.14,400.00,1395,56
51441.85,100,51,45849,81920,323.48,400.00,1410,54
51446.9,100,52,45849,81920,236.88,400.00,1410,54
51451.95,100,51,45849,81920,327.40,400.00,1410,53
51457.0,100,50,45849,81920,279.27,400.00,1395,52
51462.06,100,53,45849,81920,265.33,400.00,1410,50
51467.11,71,42,45849,81920,88.82,400.00,1410,45
51472.16,100,64,45849,81920,292.62,400.00,1410,50
51477.22,100,63,45849,81920,287.15,400.00,1410,50
51482.27,100,55,45849,81920,343.16,400.00,1410,52
51487.32,100,50,45849,81920,412.13,400.00,1395,54
51492.37,90,45,45849,81920,367.13,400.00,1410,54
51497.42,100,51,45849,81920,349.19,400.00,1410,54
51502.47,97,68,45849,81920,325.62,400.00,1410,54
51507.53,94,47,45849,81920,363.81,400.00,1410,55
51512.57,100,51,45849,81920,348.33,400.00,1410,55
51517.63,100,53,45849,81920,266.31,400.00,1410,50
51522.68,100,60,45849,81920,287.45,400.00,1410,50
51527.74,100,62,45849,81920,289.90,400.00,1410,50
51532.8,100,65,45849,81920,302.62,400.00,1410,50
51537.86,100,55,45849,81920,355.88,400.00,1410,53
51542.91,100,45,45849,81920,392.10,400.00,1380,57
51547.97,100,51,45849,81920,359.20,400.00,1410,54
51553.03,100,49,45849,81920,279.90,400.00,1395,54
51558.08,100,52,45849,81920,342.84,400.00,1410,54
51563.14,100,51,45849,81920,358.27,400.00,1410,56
51568.19,77,38,45849,81920,216.26,400.00,1410,52
51573.25,100,53,45849,81920,263.27,400.00,1410,51
51578.3,100,59,45849,81920,280.22,400.00,1410,51
51583.36,100,57,45849,81920,270.83,400.00,1410,50
51588.42,100,61,45849,81920,272.90,400.00,1410,50
51593.48,100,55,45849,81920,369.19,400.00,1410,55
51598.53,99,44,45849,81920,384.23,400.00,1410,57
51603.59,100,51,45849,81920,334.35,400.00,1410,54
51608.68,100,54,45849,81920,353.89,400.00,1410,54
51613.77,100,52,45849,81920,292.90,400.00,1410,54
51618.83,100,51,45849,81920,346.36,400.00,1410,54
51623.88,100,50,45849,81920,261.45,400.00,1410,50
51628.94,100,57,45849,81920,273.26,400.00,1410,50
51634.0,100,61,45849,81920,285.86,400.00,1410,50
51639.05,100,62,45849,81920,290.44,400.00,1410,50
51644.11,100,61,45849,81920,90.68,400.00,1410,45
51649.17,100,49,45849,81920,436.73,400.00,1395,54
51654.23,100,49,45849,81920,403.60,400.00,1380,57
51659.29,94,46,45849,81920,310.35,400.00,1395,54
51664.35,100,50,45849,81920,335.30,400.00,1410,54
51669.4,94,48,45849,81920,358.78,400.00,1410,56
51674.46,100,52,45849,81920,338.08,400.00,1410,54
51679.52,100,53,45849,81920,266.21,400.00,1410,50
51684.57,100,60,45849,81920,281.84,400.00,1410,50
51689.63,100,63,45849,81920,289.57,400.00,1410,50
51694.69,100,66,45849,81920,301.15,400.00,1410,51
51699.75,100,58,45849,81920,374.45,400.00,1410,54
51704.81,100,49,45849,81920,302.04,400.00,1380,55
51709.86,97,78,45849,81920,369.39,400.00,1410,54
51714.92,100,51,45849,81920,372.69,400.00,1410,55
51719.99,100,51,45849,81920,365.09,400.00,1410,55
51725.04,97,67,45849,81920,323.83,400.00,1410,55
51730.1,100,51,45849,81920,349.31,400.00,1410,55
51735.16,100,53,45849,81920,263.79,400.00,1410,50
51740.21,100,58,45849,81920,273.63,400.00,1410,49
51745.27,100,59,45849,81920,278.48,400.00,1410,49
51750.33,100,60,45849,81920,274.52,400.00,1410,49
51755.39,100,60,45849,81920,361.20,400.00,1410,54
51760.45,100,44,45849,81920,481.12,400.00,1395,56
51765.5,100,51,45849,81920,368.11,400.00,1410,55
51770.55,100,50,45849,81920,370.02,400.00,1410,55
51775.61,100,49,45849,81920,279.53,400.00,1395,52
51780.67,100,51,45849,81920,357.25,400.00,1410,55
51785.72,100,50,45849,81920,255.96,400.00,1410,50
51790.78,100,57,45849,81920,273.91,400.00,1410,50
51795.84,100,60,45849,81920,280.63,400.00,1410,50
51800.9,100,63,45849,81920,295.92,400.00,1410,50
51805.96,100,64,45849,81920,293.51,400.00,1410,50
51811.05,100,50,45849,81920,395.39,400.00,1410,55
51816.11,100,45,45849,81920,400.29,400.00,1410,58
51821.21,97,80,45849,81920,308.37,400.00,1410,54
51826.32,100,56,45849,81920,398.17,400.00,1395,54
51831.38,94,47,45849,81920,279.27,400.00,1410,54
51836.5,100,57,45849,81920,346.02,400.00,1410,55
51841.56,100,50,45849,81920,251.44,400.00,1410,49
51846.62,100,55,45849,81920,266.93,400.00,1410,49
51851.68,100,59,45849,81920,278.56,400.00,1410,49
51856.74,100,59,45849,81920,268.79,400.00,1410,48
51861.8,100,54,45849,81920,355.28,400.00,1410,52
51866.86,100,55,45849,81920,363.75,400.00,1410,54
51871.91,97,44,45849,81920,352.09,400.00,1410,52
51876.97,100,51,45849,81920,316.46,400.00,1410,54
51882.03,97,64,45849,81920,357.99,400.00,1410,54
51887.08,100,51,45849,81920,328.82,400.00,1410,54
51892.14,100,51,45849,81920,325.76,400.00,1410,54
51897.23,100,53,45849,81920,266.98,400.00,1410,50
51902.29,100,59,45849,81920,282.24,400.00,1410,49
51907.34,100,63,45849,81920,295.67,400.00,1410,50
51912.4,100,67,45849,81920,306.38,400.00,1410,51
51917.46,100,61,45849,81920,381.37,400.00,1410,54
51922.52,100,45,45849,81920,403.05,400.00,1395,55
51927.57,67,33,45849,81920,355.73,400.00,1410,51
51932.63,100,51,45849,81920,370.17,400.00,1410,54
51937.69,94,47,45849,81920,233.14,400.00,1410,53
51942.75,100,51,45849,81920,333.62,400.00,1410,55
51947.81,100,62,45849,81920,328.38,400.00,1410,55
51952.87,100,53,45849,81920,264.52,400.00,1410,50
51957.93,100,56,45849,81920,263.32,400.00,1410,49
51962.99,100,58,45849,81920,264.96,400.00,1410,49
51968.05,100,60,45849,81920,274.70,400.00,1410,49
51973.1,100,50,45849,81920,350.37,400.00,1410,54
51978.16,100,36,45849,81920,384.30,400.00,1410,57
51983.23,100,50,45849,81920,349.41,400.00,1410,54
51988.28,100,50,45849,81920,312.88,400.00,1410,52
51993.34,100,51,45849,81920,332.58,400.00,1410,54
51998.4,100,51,45849,81920,327.14,400.00,1410,54
52003.45,100,50,45849,81920,257.11,400.00,1410,50
52008.51,100,56,45849,81920,277.79,400.00,1410,50
52013.56,100,58,45849,81920,271.71,400.00,1410,49
52018.62,100,58,45849,81920,268.33,400.00,1410,49
52023.67,14,7,45849,81920,341.99,400.00,1410,47
52028.73,100,54,45849,81920,345.04,400.00,1410,54
52033.78,100,45,45849,81920,382.58,400.00,1410,57
52038.83,97,78,45849,81920,303.81,400.00,1410,53
52043.89,100,50,45849,81920,336.21,400.00,1410,55
52048.94,100,50,45849,81920,303.20,400.00,1410,53
52054.0,100,50,45849,81920,329.26,400.00,1410,54
52059.05,100,53,45849,81920,265.33,400.00,1410,50
52064.11,100,59,45849,81920,282.64,400.00,1410,50
52069.16,100,64,45849,81920,293.81,400.00,1410,50
52074.21,100,65,45849,81920,301.37,400.00,1410,50
52079.27,100,55,45849,81920,380.99,400.00,1410,52
52084.32,100,55,45849,81920,360.76,400.00,1410,55
52089.37,16,7,45849,81920,358.86,400.00,1410,53
52094.43,94,47,45849,81920,263.54,400.00,1410,55
52099.48,100,50,45849,81920,333.16,400.00,1410,55
52104.54,94,47,45849,81920,287.78,400.00,1395,54
52109.59,100,51,45849,81920,373.43,400.00,1410,55
52114.65,100,53,45849,81920,264.79,400.00,1410,50
52119.7,100,54,45849,81920,260.82,400.00,1410,49
52124.76,100,54,45849,81920,249.88,400.00,1410,48
52129.81,100,58,45849,81920,258.37,400.00,1410,48
52134.87,100,50,45849,81920,352.57,400.00,1410,55
52139.92,100,46,45849,81920,471.48,400.00,1380,57
52144.98,100,52,45849,81920,366.48,400.00,1410,56
52150.03,100,51,45849,81920,292.59,400.00,1410,55
52155.08,97,80,45849,81920,340.47,400.00,1410,55
52160.13,97,68,45849,81920,352.64,400.00,1410,56
52165.19,100,53,45849,81920,266.86,400.00,1410,52
52170.24,100,56,45849,81920,279.56,400.00,1410,52
52175.29,100,59,45849,81920,282.91,400.00,1410,52
52180.35,100,62,45849,81920,290.80,400.00,1410,52
52185.4,100,55,45849,81920,368.27,400.00,1410,56
52190.47,100,39,45849,81920,373.11,400.00,1395,58
52195.57,97,76,45849,81920,331.04,400.00,1410,57
52200.63,94,50,45849,81920,274.42,400.00,1410,56
52205.68,100,50,45849,81920,368.60,400.00,1410,58
52210.74,97,62,45849,81920,358.86,400.00,1410,57
52215.8,100,51,45849,81920,328.32,400.00,1410,56
52220.86,100,53,45849,81920,269.90,400.00,1410,52
52225.91,100,60,45849,81920,280.82,400.00,1410,50
52230.97,100,63,45849,81920,293.81,400.00,1410,51
52236.03,100,63,45849,81920,289.57,400.00,1410,51
52241.09,100,50,45849,81920,403.70,400.00,1395,54
52246.14,100,48,45849,81920,392.97,400.00,1410,57
52251.2,100,49,45849,81920,293.81,400.00,1395,53
52256.26,100,51,45849,81920,354.95,400.00,1410,55
52261.31,94,47,45849,81920,359.79,400.00,1410,56
52266.37,97,74,45849,81920,326.53,400.00,1410,55
52271.43,100,51,45849,81920,342.72,400.00,1410,55
52276.51,100,51,45849,81920,262.11,400.00,1410,50
52281.57,100,58,45849,81920,279.41,400.00,1410,50
52286.63,100,62,45849,81920,293.20,400.00,1410,50
52291.7,100,63,45849,81920,296.89,400.00,1410,50
52296.76,0,0,45849,81920,87.08,400.00,1410,43
52301.82,100,55,45849,81920,372.25,400.00,1410,55
52306.87,100,45,45849,81920,391.68,400.00,1395,56
52311.93,97,71,45849,81920,319.53,400.00,1410,54
52316.99,100,51,45849,81920,314.51,400.00,1410,55
52322.04,100,51,45849,81920,348.23,400.00,1410,55
52327.1,97,79,45849,81920,334.52,400.00,1395,54
52332.16,100,52,45849,81920,265.67,400.00,1410,50
52337.22,100,57,45849,81920,275.29,400.00,1410,50
52342.27,100,59,45849,81920,277.27,400.00,1410,49
52347.33,100,60,45849,81920,272.37,400.00,1410,48
52352.41,100,54,45849,81920,361.61,400.00,1410,53
52357.46,100,45,45849,81920,387.09,400.00,1410,56
52362.52,100,49,45849,81920,376.96,400.00,1410,53
52367.59,100,51,45849,81920,232.81,400.00,1410,54
52372.64,100,51,45849,81920,310.02,400.00,1410,54
52377.71,97,65,45849,81920,339.85,400.00,1410,54
52382.77,100,51,45849,81920,268.08,400.00,1410,51
52387.85,100,56,45849,81920,273.46,400.00,1410,50
52392.91,100,60,45849,81920,287.42,400.00,1410,50
52398.02,100,62,45849,81920,290.17,400.00,1410,50
52403.08,100,65,45849,81920,295.65,400.00,1410,50
52408.16,100,55,45849,81920,356.58,400.00,1410,55
52413.24,100,45,45849,81920,391.43,400.00,1380,57
52418.33,100,51,45849,81920,323.83,400.00,1410,54
52423.4,100,65,45849,81920,370.99,400.00,1410,55
52428.46,100,51,45849,81920,306.31,400.00,1410,54
52433.51,97,79,45849,81920,342.95,400.00,1410,55
52438.57,57,36,45849,81920,254.30,400.00,1410,51
52443.62,93,51,45849,81920,268.02,400.00,1410,49
52448.68,100,61,45849,81920,289.87,400.00,1410,50
52453.74,100,64,45849,81920,302.05,400.00,1410,51
52458.8,6,4,45849,81920,88.11,400.00,1410,44
52463.85,100,56,45849,81920,448.95,400.00,1395,54
52468.92,100,49,45849,81920,297.46,400.00,1305,55
52474.08,100,51,45849,81920,372.53,400.00,1410,55
52479.18,96,47,45849,81920,367.99,400.00,1410,56
52484.26,94,52,45849,81920,369.25,400.00,1410,56
52489.38,97,80,45849,81920,344.50,400.00,1410,55
52494.45,100,51,45849,81920,207.39,400.00,1410,51
52499.5,100,54,45849,81920,268.94,400.00,1410,50
52504.56,100,60,45849,81920,286.53,400.00,1410,50
52509.62,100,62,45849,81920,288.88,400.00,1410,50
52514.67,100,64,45849,81920,295.05,400.00,1410,50
52519.73,100,55,45849,81920,363.66,400.00,1410,55
52524.79,100,45,45849,81920,365.38,400.00,1395,57
52529.85,94,47,45849,81920,370.34,400.00,1335,57
52534.91,100,51,45849,81920,361.47,400.00,1410,55
52539.97,97,71,45849,81920,351.80,400.00,1410,55
52545.03,99,62,45849,81920,329.05,400.00,1395,55
52550.09,100,51,45849,81920,259.57,400.00,1410,50
52555.14,100,57,45849,81920,273.07,400.00,1410,50
52560.2,100,62,45849,81920,290.76,400.00,1410,50
52565.26,100,66,45849,81920,303.63,400.00,1410,51
52570.32,100,69,45849,81920,313.42,400.00,1410,51
52575.38,100,61,45849,81920,389.95,400.00,1410,55
52580.44,100,49,45849,81920,332.41,400.00,1380,56
52585.51,100,49,45849,81920,368.79,400.00,1410,55
52590.57,93,46,45849,81920,403.85,400.00,1365,56
52595.63,100,48,45849,81920,331.83,400.00,1410,55
52600.69,100,53,45849,81920,282.17,400.00,1395,53
52605.75,100,53,45849,81920,264.90,400.00,1410,50
52610.82,100,58,45849,81920,279.52,400.00,1410,50
52615.88,100,62,45849,81920,289.57,400.00,1410,50
52620.95,100,65,45849,81920,297.80,400.00,1410,50
52626.01,49,24,45849,81920,428.66,400.00,1365,52
52631.07,100,48,45849,81920,367.45,400.00,1410,55
52636.14,0,0,45849,81920,88.18,400.00,1410,44
52641.2,100,50,45849,81920,328.40,400.00,1410,55
52646.26,94,46,45849,81920,375.86,400.00,1395,54
52651.33,100,50,45849,81920,330.27,400.00,1410,55
52656.4,100,48,45849,81920,352.60,400.00,1410,55
52661.49,100,53,45849,81920,265.33,400.00,1410,50
52666.55,100,58,45849,81920,280.51,400.00,1410,50
52671.61,100,61,45849,81920,279.88,400.00,1410,50
52676.67,100,59,45849,81920,269.86,400.00,1410,49
52681.73,100,61,45849,81920,465.72,400.00,1395,53
52686.8,100,37,45849,81920,371.97,400.00,1380,55
52691.86,100,50,45849,81920,300.80,400.00,1410,53
52696.92,100,59,45849,81920,278.66,400.00,1410,53
52701.99,100,52,45849,81920,291.12,400.00,1410,54
52707.08,100,51,45849,81920,331.04,400.00,1410,55
52712.14,100,49,45849,81920,248.43,400.00,1410,50
52717.2,100,56,45849,81920,269.63,400.00,1410,50
52722.27,100,58,45849,81920,276.86,400.00,1410,49
52727.33,100,63,45849,81920,286.85,400.00,1410,50
52732.4,100,66,45849,81920,296.55,400.00,1410,50
52737.46,100,57,45849,81920,392.70,400.00,1410,55
52742.57,100,45,45849,81920,390.85,400.00,1410,58
52747.68,100,50,45849,81920,365.77,400.00,1410,55
52752.75,97,79,45849,81920,316.47,400.00,1410,55
52757.81,100,50,45849,81920,374.24,400.00,1410,56
52762.87,100,50,45849,81920,343.72,400.00,1410,54
52767.98,100,51,45849,81920,262.94,400.00,1410,50
52773.05,100,57,45849,81920,274.78,400.00,1410,50
52778.11,100,61,45849,81920,283.86,400.00,1410,50
52783.17,100,62,45849,81920,285.65,400.00,1410,50
52788.24,0,0,45849,81920,86.01,400.00,1410,42
52793.3,100,49,45849,81920,325.27,400.00,1395,55
52798.37,100,37,45849,81920,262.67,400.00,1395,55
52803.43,97,66,45849,81920,408.99,400.00,1410,54
52808.49,100,51,45849,81920,348.23,400.00,1410,55
52813.56,100,51,45849,81920,352.79,400.00,1410,55
52818.62,97,78,45849,81920,331.02,400.00,1410,55
52823.68,100,53,45849,81920,266.31,400.00,1410,50
52828.74,100,59,45849,81920,286.58,400.00,1410,50
52833.81,100,63,45849,81920,292.59,400.00,1410,50
52838.87,100,64,45849,81920,295.34,400.00,1410,50
52843.94,100,57,45849,81920,378.15,400.00,1410,54
52849.01,100,52,45849,81920,407.37,400.00,1380,57
52854.07,97,78,45849,81920,359.42,400.00,1410,54
52859.14,89,45,45849,81920,365.77,400.00,1410,56
52864.2,100,51,45849,81920,341.29,400.00,1410,55
52869.26,97,62,45849,81920,295.93,400.00,1395,55
52874.33,100,51,45849,81920,363.65,400.00,1410,55
52879.4,100,53,45849,81920,267.51,400.00,1410,50
52884.46,100,60,45849,81920,281.46,400.00,1410,50
52889.53,100,60,45849,81920,274.18,400.00,1410,49
52894.67,100,59,45849,81920,270.27,400.00,1410,49
52899.73,100,57,45849,81920,311.37,400.00,1380,53
52904.8,100,45,45849,81920,402.37,400.00,1395,57
52909.87,100,51,45849,81920,309.52,400.00,1410,54
52914.95,97,62,45849,81920,357.63,400.00,1410,54
52920.01,100,51,45849,81920,312.24,400.00,1410,55
52925.08,100,51,45849,81920,356.11,400.00,1410,55
52930.14,100,50,45849,81920,257.51,400.00,1410,50
52935.2,100,56,45849,81920,274.14,400.00,1410,50
52940.27,100,59,45849,81920,273.54,400.00,1410,49
52945.34,100,57,45849,81920,261.09,400.00,1410,48
52950.41,100,51,45849,81920,359.48,400.00,1410,52
52955.47,100,50,45849,81920,353.52,400.00,1410,55
52960.54,78,38,45849,81920,362.81,400.00,1410,55
52965.61,100,51,45849,81920,338.10,400.00,1410,54
52970.68,98,71,45849,81920,337.17,400.00,1410,54
52975.74,100,49,45849,81920,367.45,400.00,1410,56
52980.84,100,51,45849,81920,331.12,400.00,1410,54
52985.91,100,53,45849,81920,264.14,400.00,1410,50
52991.03,100,59,45849,81920,278.07,400.00,1410,50
52996.21,100,63,45849,81920,292.63,400.00,1410,50
53001.28,100,63,45849,81920,290.50,400.00,1410,50
53006.34,100,55,45849,81920,361.91,400.00,1410,53
53011.41,100,45,45849,81920,377.88,400.00,1410,56
53016.48,100,56,45849,81920,338.78,400.00,1410,53
53021.55,95,47,45849,81920,370.61,400.00,1410,55
53026.62,100,50,45849,81920,357.96,400.00,1410,55
53031.68,100,49,45849,81920,282.90,400.00,1380,54
53036.75,100,51,45849,81920,357.40,400.00,1410,55
53041.82,100,54,45849,81920,266.86,400.00,1410,50
53046.88,100,60,45849,81920,284.76,400.00,1410,50
53051.95,100,62,45849,81920,289.00,400.00,1410,50
53057.02,100,63,45849,81920,291.37,400.00,1410,50
53062.08,100,49,45849,81920,376.33,400.00,1410,54
53067.15,100,36,45849,81920,394.00,400.00,1365,56
53072.22,100,49,45849,81920,363.29,400.00,1410,56
53077.28,100,50,45849,81920,351.99,400.00,1410,55
53082.34,100,50,45849,81920,358.67,400.00,1410,55
53087.43,97,71,45849,81920,353.57,400.00,1410,55
53092.49,100,50,45849,81920,144.17,400.00,1410,50
53097.56,100,55,45849,81920,266.21,400.00,1410,50
53102.62,14,8,45849,81920,219.30,400.00,1410,46
53107.69,100,58,45849,81920,265.94,400.00,1410,49
53112.76,39,23,45849,81920,87.21,400.00,1410,43
53117.82,100,60,45849,81920,385.23,400.00,1365,55
53122.89,100,46,45849,81920,341.25,400.00,1380,56
53127.96,97,78,45849,81920,321.95,400.00,1410,54
53133.03,94,47,45849,81920,302.35,400.00,1410,54
53138.09,100,52,45849,81920,347.07,400.00,1410,55
53143.16,97,65,45849,81920,314.46,400.00,1410,54
53148.23,100,52,45849,81920,256.58,400.00,1410,50
53153.29,100,56,45849,81920,267.46,400.00,1410,49
53158.37,100,55,45849,81920,249.88,400.00,1410,48
53163.44,100,51,45849,81920,222.49,400.00,1410,46
53168.5,100,55,45849,81920,361.91,400.00,1410,54
53173.57,100,45,45849,81920,388.02,400.00,1395,55
53178.63,100,50,45849,81920,353.23,400.00,1410,54
53183.7,100,48,45849,81920,305.46,400.00,1410,53
53188.77,100,51,45849,81920,309.42,400.00,1410,53
53193.84,100,51,45849,81920,339.25,400.00,1410,53
53198.9,100,50,45849,81920,256.58,400.00,1410,49
53203.98,100,57,45849,81920,277.75,400.00,1410,49
53209.09,100,61,45849,81920,291.10,400.00,1410,50
53214.15,100,65,45849,81920,298.08,400.00,1410,50
53219.22,100,67,45849,81920,306.85,400.00,1410,51
53224.29,99,54,45849,81920,356.75,400.00,1410,55
53229.35,100,44,45849,81920,322.90,400.00,1410,57
53234.42,97,79,45849,81920,316.86,400.00,1395,54
53239.49,100,51,45849,81920,357.81,400.00,1410,55
53244.59,100,52,45849,81920,348.36,400.00,1410,55
53249.74,100,51,45849,81920,362.66,400.00,1410,55
53254.87,100,50,45849,81920,257.77,400.00,1410,50
53259.94,100,56,45849,81920,272.01,400.00,1410,50
53265.0,100,58,45849,81920,266.86,400.00,1410,50
53270.07,100,59,45849,81920,272.26,400.00,1410,49
53275.15,0,0,45849,81920,89.01,400.00,1410,47
53280.22,100,49,45849,81920,375.22,400.00,1410,55
53285.28,100,44,45849,81920,384.30,400.00,1395,58
53290.35,97,78,45849,81920,356.89,400.00,1410,54
53295.42,94,46,45849,81920,370.98,400.00,1410,55
53300.49,100,51,45849,81920,352.41,400.00,1410,55
53305.56,100,49,45849,81920,328.99,400.00,1410,55
53310.62,100,52,45849,81920,264.24,400.00,1410,50
53315.69,100,59,45849,81920,284.16,400.00,1410,50
53320.76,100,62,45849,81920,289.00,400.00,1410,50
53325.82,100,64,45849,81920,291.69,400.00,1410,51
53330.92,100,54,45849,81920,357.40,400.00,1410,53
53335.99,100,53,45849,81920,367.35,400.00,1380,56
53341.13,41,20,45849,81920,358.27,400.00,1410,55
53346.19,100,51,45849,81920,358.86,400.00,1410,55
53351.26,100,55,45849,81920,272.90,400.00,1395,52
53356.32,100,51,45849,81920,358.00,400.00,1410,55
53361.39,100,49,45849,81920,322.89,400.00,1395,54
53366.45,100,53,45849,81920,264.47,400.00,1410,50
53371.52,100,57,45849,81920,271.42,400.00,1410,50
53376.58,100,60,45849,81920,88.14,400.00,1410,46
53381.64,100,60,45849,81920,273.22,400.00,1410,49
53386.71,100,55,45849,81920,365.50,400.00,1410,54
53391.77,100,45,45849,81920,390.58,400.00,1410,57
53396.84,100,51,45849,81920,352.20,400.00,1410,55
53401.9,94,47,45849,81920,378.47,400.00,1410,56
53406.96,100,51,45849,81920,303.82,400.00,1410,54
53412.02,97,73,45849,81920,373.92,400.00,1410,55
53417.09,100,51,45849,81920,327.38,400.00,1410,55
53422.15,100,53,45849,81920,265.98,400.00,1410,50
53427.21,0,0,45849,81920,89.07,400.00,1410,44
53432.3,100,60,45849,81920,283.22,400.00,1410,50
53437.36,100,63,45849,81920,294.11,400.00,1410,50
53442.43,100,48,45849,81920,371.20,400.00,1410,54
53447.49,100,44,45849,81920,373.65,400.00,1410,57
53452.55,100,51,45849,81920,358.49,400.00,1410,54
53457.61,100,51,45849,81920,289.57,400.00,1410,53
53462.68,100,51,45849,81920,358.82,400.00,1365,54
53467.75,97,71,45849,81920,346.72,400.00,1410,54
53472.81,100,50,45849,81920,341.29,400.00,1410,55
53477.88,100,50,45849,81920,258.10,400.00,1410,50
53482.98,100,55,45849,81920,265.06,400.00,1410,49
53488.04,100,57,45849,81920,256.91,400.00,1410,49
53493.1,100,55,45849,81920,251.73,400.00,1410,48
53498.16,100,55,45849,81920,360.39,400.00,1410,53
53503.22,100,45,45849,81920,386.02,400.00,1410,56
53508.3,100,51,45849,81920,310.18,400.00,1410,54
53513.37,94,47,45849,81920,362.46,400.00,1410,55
53518.44,100,50,45849,81920,321.04,400.00,1410,54
53523.5,100,51,45849,81920,238.43,400.00,1395,52
53528.57,100,51,45849,81920,313.16,400.00,1410,54
53533.63,100,52,45849,81920,258.10,400.00,1410,49
53538.7,100,58,45849,81920,276.89,400.00,1410,49
53543.77,100,60,45849,81920,282.02,400.00,1410,49
53548.83,100,64,45849,81920,293.21,400.00,1410,50
53553.89,100,55,45849,81920,364.25,400.00,1395,53
53558.96,100,49,45849,81920,369.68,400.00,1380,56
53564.02,100,51,45849,81920,354.26,400.00,1410,54
53569.09,100,66,45849,81920,343.40,400.00,1410,55
53574.16,94,48,45849,81920,366.69,400.00,1410,56
53579.22,100,51,45849,81920,361.54,400.00,1410,55
53584.29,97,77,45849,81920,320.71,400.00,1395,55
53589.35,100,55,45849,81920,270.22,400.00,1410,50
53594.42,100,59,45849,81920,284.44,400.00,1410,50
53599.48,100,62,45849,81920,286.85,400.00,1410,50
53604.55,100,63,45849,81920,291.42,400.00,1410,50
53609.61,100,61,45849,81920,382.78,400.00,1410,55
53614.68,100,49,45849,81920,409.31,400.00,1395,57
53619.75,97,78,45849,81920,361.09,400.00,1410,54
53624.81,100,49,45849,81920,358.64,400.00,1395,56
53629.88,100,51,45849,81920,361.91,400.00,1410,55
53634.95,100,50,45849,81920,388.27,400.00,1410,54
53640.02,100,50,45849,81920,351.09,400.00,1410,55
53645.08,100,55,45849,81920,265.60,400.00,1410,49
53650.15,100,56,45849,81920,259.51,400.00,1410,49
53655.21,100,54,45849,81920,248.19,400.00,1410,48
53660.28,97,55,45849,81920,364.35,400.00,1410,50
53665.34,100,54,45849,81920,358.49,400.00,1410,55
53670.42,100,44,45849,81920,119.66,400.00,1410,53
53675.5,100,51,45849,81920,346.38,400.00,1410,54
53680.58,97,79,45849,81920,320.24,400.00,1410,54
53685.73,94,48,45849,81920,380.39,400.00,1410,55
53690.81,100,51,45849,81920,347.16,400.00,1410,54
53695.88,100,53,45849,81920,268.71,400.00,1410,50
53700.94,100,59,45849,81920,285.95,400.00,1410,50
53706.01,100,62,45849,81920,290.82,400.00,1410,50
53711.08,100,63,45849,81920,295.64,400.00,1410,50
53716.14,100,50,45849,81920,353.43,400.00,1410,53
53721.21,100,40,45849,81920,323.22,400.00,1410,56
53726.31,100,51,45849,81920,364.63,400.00,1410,54
53731.38,100,49,45849,81920,290.77,400.00,1395,54
53736.44,100,51,45849,81920,312.33,400.00,1410,55
53741.51,100,52,45849,81920,348.12,400.00,1410,55
53746.6,100,50,45849,81920,347.43,400.00,1410,55
53751.67,100,54,45849,81920,267.46,400.00,1410,50
53756.74,100,56,45849,81920,268.33,400.00,1410,49
53761.81,100,57,45849,81920,261.63,400.00,1410,48
53766.9,100,56,45849,81920,251.14,400.00,1410,45
53771.97,100,57,45849,81920,381.05,400.00,1410,55
53777.05,100,44,45849,81920,401.76,400.00,1395,51
53782.18,99,66,45849,81920,327.82,400.00,1410,54
53787.24,100,50,45849,81920,301.14,400.00,1410,55
53792.3,100,51,45849,81920,327.23,400.00,1410,54
53797.37,100,49,45849,81920,218.12,400.00,1395,52
53802.44,100,52,45849,81920,264.41,400.00,1410,50
53807.51,100,59,45849,81920,285.36,400.00,1410,50
53812.57,100,62,45849,81920,295.67,400.00,1410,50
53817.64,100,65,45849,81920,301.08,400.00,1410,51
53822.71,100,50,45849,81920,367.61,400.00,1410,51
53827.78,100,61,45849,81920,387.63,400.00,1395,54
53832.84,80,41,45849,81920,90.30,400.00,1410,51
53837.91,100,51,45849,81920,358.27,400.00,1410,55
53842.98,97,68,45849,81920,353.76,400.00,1410,55
53848.04,100,51,45849,81920,357.12,400.00,1410,53
53853.11,97,66,45849,81920,365.23,400.00,1410,55
53858.18,100,53,45849,81920,267.19,400.00,1410,50
53863.36,100,57,45849,81920,272.91,400.00,1410,50
53868.46,100,60,45849,81920,280.19,400.00,1410,50
53873.53,100,62,45849,81920,287.75,400.00,1410,50
53878.59,100,55,45849,81920,374.95,400.00,1410,54
53883.66,100,44,45849,81920,363.26,400.00,1365,57
53888.73,100,51,45849,81920,366.74,400.00,1410,55
53893.85,100,51,45849,81920,306.01,400.00,1410,54
53898.92,100,51,45849,81920,343.01,400.00,1410,54
53903.99,94,47,45849,81920,361.54,400.00,1410,56
53909.06,100,51,45849,81920,365.23,400.00,1410,55
53914.12,100,56,45849,81920,271.11,400.00,1410,50
53919.19,100,60,45849,81920,285.60,400.00,1410,50
53924.26,100,65,45849,81920,303.32,400.00,1410,51
53929.32,100,67,45849,81920,306.07,400.00,1410,51
53934.39,100,50,45849,81920,360.72,400.00,1410,55
53939.45,100,37,45849,81920,368.18,400.00,1395,57
53944.52,100,51,45849,81920,335.57,400.00,1410,55
53949.65,100,53,45849,81920,282.04,400.00,1395,52
53954.71,100,50,45849,81920,372.89,400.00,1410,55
53959.78,100,50,45849,81920,328.06,400.00,1410,55
53964.84,100,49,45849,81920,250.47,400.00,1410,51
53969.91,100,56,45849,81920,277.47,400.00,1410,50
53974.98,100,60,45849,81920,281.38,400.00,1410,50
53980.04,100,62,45849,81920,287.75,400.00,1410,50
53985.11,100,64,45849,81920,296.24,400.00,1410,50
53990.17,100,49,45849,81920,362.51,400.00,1410,55
53995.24,100,45,45849,81920,380.39,400.00,1395,56
54000.3,100,51,45849,81920,350.71,400.00,1410,55
54005.37,100,49,45849,81920,316.80,400.00,1410,54
54010.43,100,51,45849,81920,345.55,400.00,1410,56
54015.5,100,64,45849,81920,332.24,400.00,1410,56
54020.56,100,51,45849,81920,258.16,400.00,1410,50
54025.68,100,58,45849,81920,271.42,400.00,1410,50
54030.77,100,60,45849,81920,281.75,400.00,1410,50
54035.83,100,64,45849,81920,291.42,400.00,1410,50
54040.9,0,0,45849,81920,85.69,400.00,1410,42
54045.99,100,55,45849,81920,357.90,400.00,1410,55
54051.05,100,36,45849,81920,99.02,400.00,1410,53
54056.15,100,52,45849,81920,337.65,400.00,1410,54
54061.21,100,49,45849,81920,288.70,400.00,1410,54
54066.3,94,47,45849,81920,363.65,400.00,1410,55
54071.37,100,51,45849,81920,350.35,400.00,1410,55
54076.43,100,52,45849,81920,262.07,400.00,1410,50
54081.49,100,57,45849,81920,275.06,400.00,1410,50
54086.56,100,59,45849,81920,277.18,400.00,1410,49
54091.63,100,60,45849,81920,281.42,400.00,1410,49
54096.69,100,55,45849,81920,361.54,400.00,1410,54
54101.75,100,40,45849,81920,364.85,400.00,1395,56
54106.81,100,51,45849,81920,368.22,400.00,1410,55
54111.88,97,48,45849,81920,377.28,400.00,1410,55
54116.94,100,52,45849,81920,321.69,400.00,1410,54
54122.02,98,79,45849,81920,375.76,400.00,1410,55
54127.09,66,40,45849,81920,261.14,400.00,1410,51
54132.15,100,56,45849,81920,277.78,400.00,1410,50
54137.21,100,61,45849,81920,290.47,400.00,1410,50
54142.27,100,62,45849,81920,295.66,400.00,1410,50
54147.33,100,66,45849,81920,297.45,400.00,1410,50
54152.4,100,50,45849,81920,368.81,400.00,1410,55
54157.47,100,36,45849,81920,392.30,400.00,1410,57
54162.53,100,48,45849,81920,397.53,400.00,1410,54
54167.68,100,51,45849,81920,254.19,400.00,1410,55
54172.8,100,50,45849,81920,330.10,400.00,1410,55
54177.92,100,51,45849,81920,353.99,400.00,1410,55
54182.99,100,50,45849,81920,258.76,400.00,1410,50
54188.08,100,57,45849,81920,272.06,400.00,1410,50
54193.15,100,62,45849,81920,291.39,400.00,1410,50
54198.26,100,65,45849,81920,296.87,400.00,1410,51
54203.33,100,67,45849,81920,301.70,400.00,1410,51
54208.4,100,61,45849,81920,378.15,400.00,1365,56
54213.46,100,37,45849,81920,299.86,400.00,1380,56
54218.52,100,51,45849,81920,337.97,400.00,1410,55
54223.59,97,70,45849,81920,372.72,400.00,1395,54
54228.66,100,50,45849,81920,307.73,400.00,1410,55
54233.72,100,51,45849,81920,345.52,400.00,1410,55
54238.83,100,52,45849,81920,266.26,400.00,1410,50
54243.9,100,57,45849,81920,275.81,400.00,1410,50
54248.96,100,60,45849,81920,281.62,400.00,1410,50
54254.1,100,64,45849,81920,287.39,400.00,1410,50
54259.16,100,55,45849,81920,354.89,400.00,1410,52
54264.23,100,50,45849,81920,301.41,400.00,1395,55
54269.3,100,49,45849,81920,371.75,400.00,1395,54
54274.36,100,53,45849,81920,354.16,400.00,1410,55
54279.43,94,47,45849,81920,371.16,400.00,1410,56
54284.5,100,51,45849,81920,324.75,400.00,1410,55
54289.56,100,50,45849,81920,282.64,400.00,1410,53
54294.63,100,54,45849,81920,268.70,400.00,1410,50
54299.69,100,59,45849,81920,282.33,400.00,1410,50
54304.76,100,61,45849,81920,286.26,400.00,1410,50
54309.82,100,63,45849,81920,284.76,400.00,1410,49
54314.88,100,55,45849,81920,361.64,400.00,1410,54
54319.95,100,45,45849,81920,409.98,400.00,1380,57
54325.1,94,47,45849,81920,383.10,400.00,1410,55
54330.24,100,50,45849,81920,355.68,400.00,1410,54
54335.38,98,66,45849,81920,322.28,400.00,1410,55
54340.52,97,67,45849,81920,351.49,400.00,1410,55
54345.59,100,51,45849,81920,110.38,400.00,1410,51
54350.67,100,56,45849,81920,275.53,400.00,1410,50
54355.78,100,60,45849,81920,287.39,400.00,1410,50
54360.91,100,61,45849,81920,286.44,400.00,1410,50
54366.01,100,38,45849,81920,387.70,400.00,1410,56
54378.8,100,50,45849,81920,349.43,400.00,1410,55
54383.86,97,79,45849,81920,355.19,400.00,1410,55
54388.92,94,47,45849,81920,358.13,400.00,1410,56
54393.97,94,50,45849,81920,372.46,400.00,1410,56
54399.04,100,50,45849,81920,358.23,400.00,1410,55
54404.1,100,55,45849,81920,274.19,400.00,1410,50
54409.17,100,61,45849,81920,286.81,400.00,1410,50
54414.23,100,64,45849,81920,297.16,400.00,1410,50
54419.3,100,63,45849,81920,288.33,400.00,1410,50
54424.37,100,54,45849,81920,374.56,400.00,1410,54
54429.48,100,36,45849,81920,363.62,400.00,1410,56
54434.54,100,51,45849,81920,338.16,400.00,1410,54
54439.64,97,77,45849,81920,354.95,400.00,1410,54
54444.7,100,51,45849,81920,332.25,400.00,1410,55
54449.76,100,58,45849,81920,367.05,400.00,1410,55
54454.82,98,50,45849,81920,388.42,400.00,1410,56
54459.92,100,55,45849,81920,270.05,400.00,1410,50
54464.99,100,59,45849,81920,281.37,400.00,1410,50
54470.09,100,61,45849,81920,287.14,400.00,1410,50
54475.19,100,64,45849,81920,296.58,400.00,1410,50
54480.25,100,54,45849,81920,377.98,400.00,1395,54
54485.31,100,44,45849,81920,357.82,400.00,1395,56
54490.37,94,55,45849,81920,271.77,400.00,1410,55
54495.43,100,51,45849,81920,355.05,400.00,1410,55
54500.49,100,52,45849,81920,286.77,400.00,1410,52
54505.55,100,50,45849,81920,324.03,400.00,1410,53
54510.61,100,50,45849,81920,259.77,400.00,1410,51
54515.67,100,57,45849,81920,276.52,400.00,1410,50
54520.73,100,61,45849,81920,285.58,400.00,1410,50
54525.81,100,63,45849,81920,294.10,400.00,1410,50
54530.87,100,64,45849,81920,294.11,400.00,1410,50
54535.93,100,53,45849,81920,352.45,400.00,1410,55
54540.98,100,45,45849,81920,382.25,400.00,1410,57
54546.04,100,51,45849,81920,323.36,400.00,1410,54
54551.1,100,51,45849,81920,338.83,400.00,1410,55
54556.16,94,47,45849,81920,470.54,400.00,1395,54
54561.23,100,50,45849,81920,357.25,400.00,1410,55
54566.28,0,0,45849,81920,71.45,400.00,1155,41
54571.38,0,0,45849,81920,69.85,400.00,1155,38
