t,utilization.gpu,utilization.memory,memory.used,memory.total,power.draw,power.limit,clocks.sm,temperature.gpu
0.0,0,0,0,81920,61.82,400.00,210,28
10.03,3,0,7209,81920,74.67,400.00,1275,28
20.05,0,0,7357,81920,73.01,400.00,1275,28
30.08,0,0,23529,81920,73.01,400.00,1275,28
40.1,100,60,23669,81920,274.01,400.00,1410,40
50.13,100,67,23669,81920,300.88,400.00,1410,44
60.16,100,49,45605,81920,370.65,400.00,1365,52
70.24,96,48,45747,81920,366.56,400.00,1410,53
80.27,100,50,45747,81920,344.23,400.00,1410,52
90.3,100,54,45777,81920,273.18,400.00,1410,49
100.33,100,64,45777,81920,303.08,400.00,1410,50
110.36,100,50,45795,81920,462.23,400.00,1395,53
120.38,100,50,45845,81920,430.83,400.00,1395,54
130.41,100,51,45845,81920,341.21,400.00,1410,55
140.44,100,50,45845,81920,321.97,400.00,1410,56
150.47,100,61,45845,81920,296.25,400.00,1410,52
160.5,100,68,45845,81920,314.67,400.00,1410,53
170.53,100,49,45845,81920,330.11,400.00,1395,58
180.55,100,50,45845,81920,336.64,400.00,1410,58
190.58,100,51,45845,81920,340.15,400.00,1410,58
200.61,100,55,45845,81920,273.72,400.00,1410,53
210.64,100,58,45845,81920,278.35,400.00,1410,52
220.66,100,50,45845,81920,374.15,400.00,1350,58
230.69,100,51,45845,81920,346.91,400.00,1410,56
240.72,96,48,45845,81920,373.91,400.00,1410,58
250.74,100,53,45845,81920,274.25,400.00,1410,53
260.77,100,64,45845,81920,308.96,400.00,1410,53
270.8,100,54,45845,81920,361.16,400.00,1410,56
280.83,98,78,45845,81920,334.73,400.00,1410,57
290.85,98,79,45851,81920,353.57,400.00,1410,58
300.88,100,50,45851,81920,338.78,400.00,1410,59
310.9,100,56,45851,81920,280.25,400.00,1410,53
320.93,100,60,45851,81920,281.83,400.00,1410,52
330.96,100,36,45851,81920,353.86,400.00,1380,60
340.99,100,51,45851,81920,365.20,400.00,1410,59
351.01,100,49,45851,81920,370.89,400.00,1410,58
361.04,100,57,45851,81920,292.45,400.00,1410,54
371.07,72,48,45851,81920,314.49,400.00,1410,54
381.09,100,54,45851,81920,460.62,400.00,1395,58
391.12,100,50,45851,81920,378.18,400.00,1410,58
401.15,98,75,45851,81920,276.00,400.00,1410,58
411.18,100,53,45851,81920,278.10,400.00,1410,53
421.2,100,61,45851,81920,293.23,400.00,1410,53
431.23,100,57,45851,81920,391.68,400.00,1395,56
441.26,98,78,45851,81920,377.02,400.00,1410,57
451.28,100,50,45851,81920,346.02,400.00,1410,58
461.31,96,48,45851,81920,380.60,400.00,1410,59
471.34,100,59,45851,81920,292.94,400.00,1410,53
481.37,100,67,45851,81920,312.39,400.00,1410,54
491.4,100,43,45851,81920,418.04,400.00,1380,59
501.43,99,60,45851,81920,453.58,400.00,1410,58
511.45,100,50,45851,81920,334.44,400.00,1410,58
521.48,100,53,45851,81920,275.08,400.00,1410,53
531.51,100,64,45851,81920,302.79,400.00,1410,54
541.54,100,50,45851,81920,368.75,400.00,1410,57
551.57,100,62,45851,81920,362.41,400.00,1410,57
561.59,100,49,45851,81920,298.73,400.00,1395,55
571.62,100,50,45851,81920,286.49,400.00,1395,57
581.65,100,56,45851,81920,287.33,400.00,1410,53
591.68,100,61,45851,81920,280.49,400.00,1410,51
601.71,100,54,45851,81920,399.65,400.00,1380,59
611.74,100,50,45851,81920,359.27,400.00,1410,57
621.76,100,50,45851,81920,377.42,400.00,1410,57
631.79,97,64,45851,81920,304.98,400.00,1410,56
641.82,100,58,45851,81920,287.57,400.00,1410,52
651.85,100,66,45851,81920,310.86,400.00,1410,52
661.87,100,54,45851,81920,367.52,400.00,1365,56
671.9,100,50,45851,81920,368.46,400.00,1410,56
681.93,100,50,45851,81920,356.00,400.00,1410,56
691.96,100,52,45851,81920,270.45,400.00,1410,52
701.98,100,61,45851,81920,292.45,400.00,1410,52
712.01,100,49,45851,81920,310.57,400.00,1395,54
722.04,15,8,45851,81920,370.89,400.00,1410,56
732.07,100,51,45851,81920,362.23,400.00,1410,57
742.09,98,50,45851,81920,329.81,400.00,1410,57
752.12,100,58,45851,81920,278.89,400.00,1410,51
762.15,100,67,45851,81920,314.67,400.00,1410,52
772.17,100,55,45851,81920,488.98,400.00,1380,57
782.21,100,50,45851,81920,331.47,400.00,1410,56
792.24,100,50,45851,81920,328.74,400.00,1410,56
802.26,100,52,45851,81920,272.10,400.00,1410,51
812.29,100,63,45851,81920,297.91,400.00,1410,52
822.32,70,34,45851,81920,363.88,400.00,1410,51
832.35,100,35,45851,81920,373.61,400.00,1410,59
842.37,100,50,45851,81920,358.85,400.00,1410,56
852.4,96,48,45851,81920,314.91,400.00,1410,56
862.43,100,58,45851,81920,287.86,400.00,1410,51
872.45,100,67,45851,81920,308.20,400.00,1410,52
882.48,100,61,45851,81920,383.93,400.00,1395,55
892.51,100,50,45851,81920,357.90,400.00,1410,56
902.54,96,48,45851,81920,380.14,400.00,1410,57
912.57,100,53,45851,81920,272.64,400.00,1410,51
922.59,100,57,45851,81920,271.03,400.00,1410,50
932.62,100,55,45851,81920,355.76,400.00,1410,55
942.65,100,50,45851,81920,386.37,400.00,1410,56
952.68,100,50,45851,81920,354.93,400.00,1410,55
962.7,100,51,45851,81920,264.79,400.00,1410,51
972.73,100,59,45851,81920,282.98,400.00,1410,50
982.76,14,6,45851,81920,357.65,400.00,1410,51
992.78,100,37,45851,81920,96.17,400.00,1410,51
1002.81,96,47,45851,81920,379.85,400.00,1410,57
1012.84,97,67,45851,81920,381.50,400.00,1410,56
1022.87,100,59,45851,81920,292.74,400.00,1410,51
1032.9,100,64,45851,81920,299.52,400.00,1410,52
1042.92,100,50,45851,81920,373.61,400.00,1365,56
1052.95,100,51,45851,81920,316.56,400.00,1410,56
1062.98,98,79,45851,81920,332.99,400.00,1410,57
1073.0,100,54,45851,81920,275.62,400.00,1410,52
1083.03,100,60,45851,81920,286.99,400.00,1410,51
1093.06,100,49,45851,81920,363.88,400.00,1410,56
1103.09,100,51,45851,81920,334.44,400.00,1410,56
1113.12,100,49,45851,81920,354.64,400.00,1410,57
1123.15,52,35,45851,81920,231.91,400.00,1410,54
1133.17,100,58,45851,81920,286.45,400.00,1410,51
1143.2,0,0,45851,81920,363.88,400.00,1410,52
1153.25,24,17,45851,81920,97.00,400.00,1410,50
1163.33,100,51,45851,81920,335.42,400.00,1410,57
1173.36,100,50,45851,81920,344.91,400.00,1410,57
1183.38,100,59,45851,81920,283.73,400.00,1410,53
1193.41,100,63,45851,81920,292.20,400.00,1410,53
1203.44,100,36,45851,81920,392.84,400.00,1410,61
1213.47,100,50,45851,81920,340.15,400.00,1410,59
1223.49,100,55,45851,81920,351.14,400.00,1410,59
1233.52,100,54,45851,81920,276.45,400.00,1410,55
1243.55,100,61,45851,81920,296.84,400.00,1410,55
1253.58,100,54,45851,81920,392.60,400.00,1410,60
1263.61,100,51,45851,81920,378.24,400.00,1410,60
1273.63,100,57,45851,81920,404.23,400.00,1410,60
1283.66,100,49,45851,81920,266.40,400.00,1410,57
1293.69,100,62,45851,81920,300.05,400.00,1410,56
1303.72,100,65,45851,81920,303.50,400.00,1410,56
1313.74,100,37,45851,81920,395.03,400.00,1395,63
1323.77,100,50,45851,81920,343.65,400.00,1410,60
1333.8,100,56,45851,81920,356.29,400.00,1410,61
1343.83,100,57,45851,81920,280.17,400.00,1410,55
1353.86,100,65,45851,81920,308.20,400.00,1410,55
1363.89,100,49,45851,81920,475.77,400.00,1395,60
1373.91,96,47,45851,81920,386.37,400.00,1410,61
1383.95,100,63,45851,81920,399.36,400.00,1410,61
1393.97,90,45,45851,81920,265.57,400.00,1410,54
1404.0,100,62,45851,81920,297.81,400.00,1410,55
1414.03,100,68,45851,81920,316.03,400.00,1410,55
1424.06,100,36,45851,81920,389.63,400.00,1365,63
1434.08,98,66,45851,81920,382.81,400.00,1410,59
1444.11,100,50,45851,81920,342.72,400.00,1410,60
1454.14,100,58,45851,81920,286.20,400.00,1410,54
1464.17,100,66,45851,81920,309.21,400.00,1410,55
1474.19,99,54,45851,81920,385.83,400.00,1410,59
1484.22,98,78,45851,81920,377.71,400.00,1410,59
1494.25,100,50,45851,81920,363.06,400.00,1410,60
1504.28,100,52,45851,81920,274.25,400.00,1410,54
1514.31,100,59,45851,81920,287.77,400.00,1410,53
1524.33,100,48,45851,81920,366.96,400.00,1410,57
1534.36,98,69,45851,81920,357.36,400.00,1410,57
1544.39,100,54,45851,81920,343.01,400.00,1395,58
1554.42,100,49,45851,81920,232.16,400.00,1395,56
1564.45,100,58,45851,81920,169.10,400.00,1410,53
1574.48,100,62,45851,81920,296.74,400.00,1410,53
1584.5,100,49,45851,81920,401.17,400.00,1365,60
1594.53,100,51,45851,81920,362.52,400.00,1410,58
1604.56,100,57,45851,81920,362.51,400.00,1410,58
1614.59,100,55,45851,81920,280.76,400.00,1410,53
1624.62,100,65,45851,81920,305.99,400.00,1410,53
1634.65,100,62,45851,81920,380.99,400.00,1395,57
1644.68,97,48,45851,81920,341.96,400.00,1395,56
1654.71,98,78,45851,81920,361.28,400.00,1410,58
1664.74,100,65,45851,81920,348.83,400.00,1410,58
1674.76,100,60,45851,81920,289.92,400.00,1410,53
1684.82,100,68,45851,81920,307.87,400.00,1410,52
1694.85,100,42,45851,81920,391.20,400.00,1410,58
1704.88,98,62,45851,81920,369.92,400.00,1395,56
1714.91,100,51,45851,81920,361.97,400.00,1410,56
1724.93,100,56,45851,81920,274.98,400.00,1410,50
1734.96,100,60,45851,81920,282.09,400.00,1410,49
1744.99,100,55,45851,81920,341.94,400.00,1410,54
1755.03,96,48,45851,81920,358.19,400.00,1410,55
1765.05,98,80,45851,81920,325.69,400.00,1410,55
1775.08,100,52,45851,81920,268.30,400.00,1410,51
1785.11,100,60,45851,81920,284.56,400.00,1410,51
1795.14,100,53,45851,81920,298.96,400.00,1395,55
1805.17,100,50,45851,81920,278.69,400.00,1410,55
1815.2,98,74,45851,81920,356.01,400.00,1410,56
1825.23,100,50,45851,81920,353.03,400.00,1410,57
1835.26,100,58,45851,81920,282.99,400.00,1410,51
1845.29,100,63,45851,81920,295.85,400.00,1410,51
1855.32,100,47,45851,81920,379.03,400.00,1410,58
1865.35,100,50,45851,81920,378.30,400.00,1410,56
1875.38,97,48,45851,81920,382.26,400.00,1395,54
1885.4,100,55,45851,81920,271.48,400.00,1410,50
1895.43,100,62,45851,81920,293.65,400.00,1410,49
1905.46,100,49,45851,81920,307.98,400.00,1410,53
1915.49,100,51,45851,81920,360.09,400.00,1410,53
1925.52,97,48,45851,81920,363.13,400.00,1410,53
1935.55,100,49,45851,81920,260.93,400.00,1410,48
1945.58,100,55,45851,81920,258.29,400.00,1410,46
1955.61,100,60,45851,81920,453.13,400.00,1395,50
1965.63,100,50,45851,81920,325.77,400.00,1410,50
1975.66,96,47,45851,81920,366.50,400.00,1410,52
1985.69,100,51,45851,81920,327.05,400.00,1410,52
1995.73,100,60,45851,81920,277.34,400.00,1410,46
2005.75,100,64,45851,81920,290.42,400.00,1410,46
2015.78,100,45,45851,81920,384.14,400.00,1410,53
2025.81,100,50,45851,81920,357.40,400.00,1410,52
2035.84,100,50,45851,81920,370.59,400.00,1410,51
2045.87,100,56,45851,81920,271.08,400.00,1410,46
2055.9,100,64,45851,81920,295.05,400.00,1410,46
2065.93,100,58,45851,81920,369.29,400.00,1395,50
2075.95,98,73,45851,81920,251.27,400.00,1410,50
2085.98,100,51,45851,81920,354.99,400.00,1410,51
2096.01,100,51,45851,81920,258.21,400.00,1410,46
2106.04,100,61,45851,81920,279.96,400.00,1410,45
2116.07,100,50,45851,81920,337.66,400.00,1380,47
2126.1,100,50,45851,81920,342.24,400.00,1410,50
2136.13,98,78,45851,81920,285.11,400.00,1410,51
2146.16,100,50,45851,81920,352.05,400.00,1410,50
2156.19,100,60,45851,81920,284.87,400.00,1410,46
2166.22,100,66,45851,81920,296.17,400.00,1410,46
2176.25,100,49,45851,81920,404.59,400.00,1380,53
2186.27,100,49,45851,81920,375.07,400.00,1395,49
2196.3,100,52,45851,81920,376.77,400.00,1410,51
2206.33,100,55,45851,81920,270.15,400.00,1410,46
2216.36,100,62,45851,81920,277.13,400.00,1410,45
2226.39,100,49,45851,81920,363.59,400.00,1395,50
2236.42,100,50,45851,81920,379.71,400.00,1410,52
2246.45,96,48,45851,81920,385.89,400.00,1395,52
2256.48,100,50,45851,81920,256.48,400.00,1410,47
2266.53,100,58,45851,81920,268.75,400.00,1410,45
2276.55,100,60,45851,81920,273.58,400.00,1410,45
2286.58,100,44,45851,81920,389.41,400.00,1410,54
2296.61,100,50,45851,81920,304.82,400.00,1410,50
2306.64,100,50,45851,81920,316.50,400.00,1410,51
2316.66,100,55,45851,81920,258.27,400.00,1410,45
2326.69,100,60,45851,81920,275.78,400.00,1410,45
2336.72,100,45,45851,81920,373.77,400.00,1410,53
2346.74,100,51,45851,81920,336.57,400.00,1410,50
2356.77,100,50,45851,81920,319.07,400.00,1410,51
2366.8,100,55,45851,81920,262.34,400.00,1410,46
2376.83,100,58,45851,81920,264.92,400.00,1410,45
2386.86,100,54,45851,81920,325.23,400.00,1395,50
2396.88,100,49,45851,81920,358.22,400.00,1410,50
2406.91,100,51,45851,81920,337.82,400.00,1410,51
2416.94,100,50,45851,81920,252.93,400.00,1410,46
2426.97,100,60,45851,81920,276.81,400.00,1410,46
2437.0,0,0,45851,81920,88.15,400.00,1410,39
2447.02,100,49,45851,81920,405.47,400.00,1410,54
2457.05,100,51,45851,81920,304.86,400.00,1410,51
2467.08,100,50,45851,81920,360.73,400.00,1410,52
2477.1,100,57,45851,81920,274.32,400.00,1410,46
2487.13,100,64,45851,81920,291.04,400.00,1410,46
2497.16,100,57,45851,81920,392.26,400.00,1365,52
2507.18,98,79,45851,81920,350.41,400.00,1410,51
2517.21,100,50,45851,81920,349.76,400.00,1410,52
2527.25,100,52,45851,81920,261.29,400.00,1410,46
2537.27,100,60,45851,81920,277.46,400.00,1410,45
2547.3,100,54,45851,81920,348.82,400.00,1410,49
2557.33,100,50,45851,81920,370.69,400.00,1410,51
2567.36,96,48,45851,81920,369.14,400.00,1410,51
2577.39,100,49,45851,81920,325.08,400.00,1410,50
2587.42,100,60,45851,81920,281.76,400.00,1410,45
2597.45,100,67,45851,81920,300.52,400.00,1410,45
2607.48,100,45,45851,81920,315.55,400.00,1395,51
2617.51,96,52,45851,81920,363.70,400.00,1410,51
2627.54,100,49,45851,81920,288.10,400.00,1410,50
2637.57,100,56,45851,81920,262.81,400.00,1410,45
2647.6,100,61,45851,81920,274.08,400.00,1410,44
2657.62,100,61,45851,81920,352.29,400.00,1410,49
2667.65,100,50,45851,81920,274.64,400.00,1395,48
2677.69,100,50,45851,81920,342.32,400.00,1410,50
2687.72,100,51,45851,81920,252.69,400.00,1410,44
2697.75,100,60,45851,81920,276.49,400.00,1410,44
2707.77,100,57,45851,81920,374.39,400.00,1410,47
2717.81,18,9,45851,81920,354.99,400.00,1410,47
2727.84,100,51,45851,81920,285.11,400.00,1410,48
2737.87,100,51,45851,81920,336.46,400.00,1410,48
2747.91,100,57,45851,81920,268.96,400.00,1410,43
2757.93,100,63,45851,81920,283.47,400.00,1410,44
2767.96,100,49,45851,81920,316.82,400.00,1380,49
2777.99,100,51,45851,81920,352.70,400.00,1410,49
2788.02,100,50,45851,81920,336.50,400.00,1410,49
2798.05,84,46,45851,81920,260.69,400.00,1410,43
2808.08,100,63,45851,81920,289.55,400.00,1410,44
2818.11,100,50,45851,81920,361.97,400.00,1410,48
2828.14,97,48,45851,81920,362.50,400.00,1410,51
2838.17,98,69,45851,81920,358.77,400.00,1410,49
2848.2,94,48,45851,81920,225.98,400.00,1410,46
2858.23,100,58,45851,81920,262.57,400.00,1410,43
2868.25,100,63,45851,81920,278.69,400.00,1410,43
2878.28,100,48,45851,81920,366.26,400.00,1350,51
2888.32,99,65,45851,81920,329.90,400.00,1410,48
2898.35,100,51,45851,81920,363.24,400.00,1410,50
2908.38,100,59,45851,81920,277.39,400.00,1410,44
2918.41,100,63,45851,81920,282.91,400.00,1410,44
2928.43,100,47,45851,81920,368.38,400.00,1410,50
2938.46,100,50,45851,81920,355.30,400.00,1410,48
2948.49,96,50,45851,81920,384.67,400.00,1410,50
2958.53,100,54,45851,81920,263.20,400.00,1410,44
2968.56,100,60,45851,81920,274.21,400.00,1410,43
2978.58,100,49,45851,81920,330.14,400.00,1395,47
2988.61,97,48,45851,81920,338.77,400.00,1410,49
2998.64,96,49,45851,81920,361.29,400.00,1410,49
3008.67,96,47,45851,81920,366.79,400.00,1410,50
3018.7,100,58,45851,81920,261.77,400.00,1410,43
3028.73,100,65,45851,81920,289.40,400.00,1410,44
3038.76,100,49,45851,81920,375.89,400.00,1410,51
3048.79,100,49,45851,81920,351.64,400.00,1365,49
3058.82,100,52,45851,81920,352.99,400.00,1410,49
3068.86,100,55,45851,81920,266.96,400.00,1410,44
3078.89,98,63,45851,81920,289.65,400.00,1410,44
3088.91,100,55,45851,81920,410.17,400.00,1410,50
3098.95,100,49,45851,81920,235.93,400.00,1395,47
3108.98,100,59,45851,81920,353.64,400.00,1410,51
3119.01,100,50,45851,81920,362.50,400.00,1410,50
3129.04,100,58,45851,81920,271.48,400.00,1410,44
3139.07,100,61,45851,81920,267.90,400.00,1410,44
3149.1,100,41,45851,81920,482.57,400.00,1365,51
3159.15,100,50,45851,81920,361.39,400.00,1410,50
3169.18,100,51,45851,81920,353.53,400.00,1410,50
3179.2,100,56,45851,81920,263.41,400.00,1410,45
3189.23,100,58,45851,81920,263.85,400.00,1410,44
3199.26,100,50,45851,81920,369.20,400.00,1410,50
3209.29,98,78,45851,81920,321.03,400.00,1410,50
3219.32,100,50,45851,81920,351.53,400.00,1410,50
3229.35,100,52,45851,81920,259.33,400.00,1410,45
3239.38,100,60,45851,81920,274.61,400.00,1410,45
3249.41,100,49,45851,81920,351.68,400.00,1410,49
3259.43,100,57,45851,81920,289.69,400.00,1410,49
3269.46,100,50,45851,81920,316.26,400.00,1410,51
3279.49,96,48,45851,81920,357.19,400.00,1410,52
3289.52,100,59,45851,81920,281.56,400.00,1410,46
3299.55,100,66,45851,81920,299.46,400.00,1410,47
3309.57,100,36,45851,81920,404.30,400.00,1410,54
3319.6,100,51,45851,81920,346.94,400.00,1410,53
3329.63,100,50,45851,81920,389.40,400.00,1410,54
3339.66,100,55,45851,81920,268.26,400.00,1410,48
3349.69,100,62,45851,81920,298.56,400.00,1410,48
3359.72,100,55,45851,81920,359.58,400.00,1410,53
3369.75,100,50,45851,81920,370.02,400.00,1380,53
3379.78,100,66,45851,81920,351.12,400.00,1410,53
3389.81,100,50,45851,81920,257.16,400.00,1410,49
3399.84,100,56,45851,81920,260.93,400.00,1410,47
3409.87,100,56,45851,81920,372.94,400.00,1410,51
3419.89,100,49,45851,81920,331.18,400.00,1410,53
3429.93,100,49,45851,81920,377.95,400.00,1395,53
3439.96,100,50,45851,81920,341.11,400.00,1410,54
3449.98,100,60,45851,81920,291.86,400.00,1410,51
3460.01,100,64,45851,81920,292.70,400.00,1410,52
3470.04,100,40,45851,81920,383.73,400.00,1395,60
3480.06,100,50,45851,81920,370.65,400.00,1410,58
3490.09,100,51,45851,81920,360.96,400.00,1410,58
3500.12,100,55,45851,81920,276.96,400.00,1410,54
3510.15,100,60,45851,81920,282.36,400.00,1410,53
3520.18,100,54,45851,81920,373.37,400.00,1410,58
3530.21,100,50,45851,81920,350.85,400.00,1410,58
3540.24,100,51,45851,81920,377.77,400.00,1410,59
3550.27,100,52,45851,81920,270.41,400.00,1410,54
3560.29,100,60,45851,81920,290.18,400.00,1410,53
3570.32,100,49,45851,81920,340.07,400.00,1395,54
3580.35,100,64,45851,81920,360.66,400.00,1410,57
3590.38,96,47,45851,81920,227.60,400.00,1410,57
3600.41,100,50,45851,81920,373.39,400.00,1395,56
3610.44,100,59,45851,81920,283.77,400.00,1410,51
3620.47,100,62,45851,81920,289.69,400.00,1410,50
3630.5,100,49,45851,81920,408.84,400.00,1410,57
3640.53,96,48,45851,81920,376.88,400.00,1410,56
3650.56,98,80,45851,81920,283.23,400.00,1380,56
3660.59,100,54,45851,81920,275.62,400.00,1410,51
3670.61,100,60,45851,81920,282.16,400.00,1410,51
3680.64,100,57,45851,81920,359.27,400.00,1410,56
3690.67,100,60,45851,81920,381.93,400.00,1410,58
3700.7,96,48,45851,81920,377.77,400.00,1380,58
3710.73,100,51,45851,81920,263.10,400.00,1410,52
3720.77,100,58,45851,81920,272.19,400.00,1410,51
3730.79,100,54,45851,81920,357.40,400.00,1410,54
3740.82,100,51,45851,81920,357.93,400.00,1410,56
3750.85,100,48,45851,81920,365.72,400.00,1380,54
3760.88,100,51,45851,81920,352.88,400.00,1410,56
3770.91,100,61,45851,81920,291.87,400.00,1410,50
3780.94,100,67,45851,81920,306.11,400.00,1410,50
3790.97,100,49,45851,81920,343.06,400.00,1395,55
3801.0,100,51,45851,81920,332.41,400.00,1410,53
3811.03,100,52,45851,81920,288.44,400.00,1410,53
3821.06,100,55,45851,81920,268.21,400.00,1410,48
3831.09,100,61,45851,81920,284.67,400.00,1410,47
3841.12,100,55,45851,81920,347.89,400.00,1410,52
3851.14,96,50,45851,81920,368.67,400.00,1410,53
3861.17,100,56,45851,81920,326.14,400.00,1410,51
3871.2,100,52,45851,81920,263.94,400.00,1410,47
3881.23,100,63,45851,81920,294.14,400.00,1410,47
3891.26,77,53,45851,81920,89.51,400.00,1410,41
3901.28,100,45,45851,81920,378.94,400.00,1410,54
3911.31,100,50,45851,81920,361.57,400.00,1410,52
3921.34,100,50,45851,81920,486.15,400.00,1380,52
3931.37,100,56,45851,81920,277.16,400.00,1410,45
3941.41,100,64,45851,81920,284.47,400.00,1410,45
3951.43,100,36,45851,81920,393.85,400.00,1410,52
3961.46,100,50,45851,81920,276.52,400.00,1395,49
3971.49,100,66,45851,81920,324.94,400.00,1410,51
3981.52,100,53,45851,81920,260.16,400.00,1410,45
3991.55,100,62,45851,81920,285.69,400.00,1410,45
4001.57,100,50,45851,81920,317.03,400.00,1395,49
4011.61,100,52,45851,81920,334.15,400.00,1410,49
4021.64,100,67,45851,81920,324.11,400.00,1410,50
4031.66,96,48,45851,81920,367.42,400.00,1410,52
4041.69,100,58,45851,81920,274.42,400.00,1410,45
4051.72,100,64,45851,81920,286.46,400.00,1410,45
4061.75,100,48,45851,81920,434.66,400.00,1380,49
4071.78,96,46,45851,81920,356.87,400.00,1410,51
4081.81,98,62,45851,81920,334.72,400.00,1395,49
4091.84,100,52,45851,81920,258.06,400.00,1410,44
4101.87,100,61,45851,81920,286.26,400.00,1410,44
4111.9,100,55,45851,81920,351.88,400.00,1410,47
4121.93,100,51,45851,81920,312.36,400.00,1410,49
4131.96,100,50,45851,81920,339.56,400.00,1410,50
4141.99,100,59,45851,81920,374.89,400.00,1410,51
4152.02,100,55,45851,81920,245.95,400.00,1410,42
4162.05,100,52,45851,81920,418.22,400.00,1410,48
4172.08,100,50,45851,81920,302.98,400.00,1410,49
4182.11,97,49,45851,81920,368.38,400.00,1410,50
4192.14,98,78,45851,81920,341.16,400.00,1410,48
4202.17,100,57,45851,81920,268.86,400.00,1410,44
4212.2,100,61,45851,81920,273.39,400.00,1410,44
4222.23,100,44,45851,81920,439.18,400.00,1395,52
4232.26,96,48,45851,81920,370.78,400.00,1410,51
4242.28,100,49,45851,81920,303.87,400.00,1410,49
4252.31,100,57,45851,81920,276.19,400.00,1410,45
4262.34,100,62,45851,81920,281.60,400.00,1410,45
4272.37,100,50,45851,81920,355.12,400.00,1410,50
4282.4,100,50,45851,81920,354.46,400.00,1410,50
4292.43,100,50,45851,81920,244.57,400.00,1410,51
4302.46,100,53,45851,81920,261.75,400.00,1410,46
4312.49,100,63,45851,81920,286.95,400.00,1410,46
4322.52,100,61,45851,81920,379.65,400.00,1410,48
4332.55,100,62,45851,81920,338.09,400.00,1395,50
4342.58,98,79,45851,81920,364.41,400.00,1410,51
4352.61,96,48,45851,81920,374.44,400.00,1410,53
4362.64,100,57,45851,81920,262.59,400.00,1410,45
4372.67,100,61,45851,81920,280.08,400.00,1410,45
4382.7,100,45,45851,81920,382.34,400.00,1410,54
4392.73,100,50,45851,81920,322.67,400.00,1410,50
4402.76,100,51,45851,81920,328.11,400.00,1410,50
4412.79,100,55,45851,81920,264.98,400.00,1410,46
4422.81,100,60,45851,81920,274.32,400.00,1410,45
4432.84,100,49,45851,81920,359.92,400.00,1365,50
4442.87,100,51,45851,81920,337.27,400.00,1410,51
4452.9,100,51,45851,81920,319.68,400.00,1410,51
4462.92,100,50,45851,81920,254.22,400.00,1410,46
4472.95,100,61,45851,81920,287.28,400.00,1410,46
4482.99,100,67,45851,81920,303.87,400.00,1410,47
4493.01,100,43,45851,81920,386.26,400.00,1410,54
4503.04,95,47,45851,81920,363.17,400.00,1410,52
4513.07,100,49,45851,81920,292.60,400.00,1410,50
4523.1,100,56,45851,81920,268.77,400.00,1410,46
4533.13,100,56,45851,81920,249.44,400.00,1410,44
4543.16,100,36,45851,81920,336.43,400.00,1395,52
4553.19,96,47,45851,81920,364.41,400.00,1410,53
4563.22,98,63,45851,81920,316.13,400.00,1410,50
4573.25,100,53,45851,81920,266.05,400.00,1410,46
4583.28,100,62,45851,81920,288.34,400.00,1410,46
4593.31,100,49,45851,81920,374.65,400.00,1410,50
4603.34,100,51,45851,81920,363.82,400.00,1410,51
4613.36,96,52,45851,81920,389.65,400.00,1410,53
4623.39,100,51,45851,81920,338.32,400.00,1410,51
4633.42,100,58,45851,81920,276.39,400.00,1410,46
4643.45,100,62,45851,81920,278.08,400.00,1410,45
4653.48,100,49,45851,81920,367.46,400.00,1410,53
4663.51,100,50,45851,81920,349.07,400.00,1410,51
4673.54,96,48,45851,81920,366.26,400.00,1410,52
4683.57,100,56,45851,81920,273.54,400.00,1410,45
4693.6,100,55,45851,81920,250.98,400.00,1410,43
4703.65,100,36,45851,81920,364.09,400.00,1395,51
4713.67,100,50,45851,81920,315.92,400.00,1410,49
4723.7,100,50,45851,81920,314.17,400.00,1410,49
4733.73,100,54,45851,81920,261.54,400.00,1410,44
4743.76,100,61,45851,81920,279.55,400.00,1410,44
4753.79,100,56,45851,81920,369.63,400.00,1410,49
4763.82,96,47,45851,81920,375.65,400.00,1410,50
4773.85,100,50,45851,81920,344.11,400.00,1410,49
4783.88,100,50,45851,81920,258.89,400.00,1410,45
4793.91,100,60,45851,81920,273.15,400.00,1410,44
4803.94,0,0,45851,81920,360.76,400.00,1410,44
4813.97,100,45,45851,81920,369.24,400.00,1410,52
4823.99,100,50,45851,81920,344.82,400.00,1410,50
4834.02,100,50,45851,81920,360.83,400.00,1410,50
4844.05,100,55,45851,81920,261.75,400.00,1410,43
4854.08,100,60,45851,81920,263.73,400.00,1410,42
4864.11,100,45,45851,81920,489.58,400.00,1410,50
4874.14,100,50,45851,81920,319.15,400.00,1410,49
4884.16,100,50,45851,81920,342.13,400.00,1410,49
4894.19,100,54,45851,81920,266.89,400.00,1410,44
4904.22,100,61,45851,81920,280.77,400.00,1410,43
4914.28,100,54,45851,81920,349.89,400.00,1410,48
4924.31,100,58,45851,81920,340.89,400.00,1410,48
4934.34,100,50,45851,81920,351.52,400.00,1410,49
4944.37,100,51,45851,81920,335.27,400.00,1410,49
4954.4,100,58,45851,81920,274.72,400.00,1410,43
4964.42,100,61,45851,81920,266.80,400.00,1410,42
4974.46,100,44,45851,81920,383.77,400.00,1395,50
4984.49,100,49,45851,81920,296.00,400.00,1410,47
4994.51,100,50,45851,81920,344.25,400.00,1410,49
5004.54,100,58,45851,81920,276.73,400.00,1410,44
5014.57,100,66,45851,81920,297.59,400.00,1410,44
5024.6,100,55,45851,81920,351.23,400.00,1410,49
5034.63,100,50,45851,81920,334.59,400.00,1410,48
5044.66,98,75,45851,81920,331.33,400.00,1410,49
5054.69,100,49,45851,81920,256.10,400.00,1410,45
5064.72,100,61,45851,81920,90.68,400.00,1410,41
5074.75,100,67,45851,81920,301.17,400.00,1410,44
5084.78,100,37,45851,81920,303.58,400.00,1395,51
5094.81,100,49,45851,81920,327.20,400.00,1410,49
5104.83,100,60,45851,81920,317.48,400.00,1395,49
5114.86,100,56,45851,81920,266.26,400.00,1410,44
5124.89,100,61,45851,81920,275.49,400.00,1410,43
5134.92,100,57,45851,81920,294.47,400.00,1395,49
5144.94,98,79,45851,81920,352.82,400.00,1410,48
5154.97,100,50,45851,81920,347.35,400.00,1410,49
5165.0,100,53,45851,81920,264.79,400.00,1410,44
5175.03,100,60,45851,81920,280.58,400.00,1410,44
5185.06,100,50,45851,81920,349.89,400.00,1410,47
5195.09,100,51,45851,81920,349.35,400.00,1410,49
5205.12,100,51,45851,81920,358.10,400.00,1410,49
5215.14,100,51,45851,81920,312.48,400.00,1410,49
5225.17,100,57,45851,81920,274.72,400.00,1410,44
5235.2,100,63,45851,81920,285.24,400.00,1410,44
5245.24,100,44,45851,81920,383.77,400.00,1350,52
5255.27,100,49,45851,81920,268.26,400.00,1395,47
5265.3,98,69,45851,81920,321.41,400.00,1410,50
5275.33,100,53,45851,81920,263.42,400.00,1410,44
5285.36,100,61,45851,81920,278.89,400.00,1410,44
5295.38,100,54,45851,81920,353.44,400.00,1410,49
5305.41,98,79,45851,81920,314.49,400.00,1410,51
5315.44,100,51,45851,81920,363.77,400.00,1410,53
5325.47,93,48,45851,81920,256.36,400.00,1410,50
5335.5,100,59,45851,81920,281.62,400.00,1410,48
5345.53,100,61,45851,81920,271.81,400.00,1410,48
5355.55,100,45,45851,81920,369.42,400.00,1410,57
5365.58,100,51,45851,81920,345.02,400.00,1410,55
5375.61,100,50,45851,81920,360.33,400.00,1410,56
5385.63,100,57,45851,81920,273.72,400.00,1410,50
5395.66,100,62,45851,81920,283.73,400.00,1410,50
5405.69,100,44,45851,81920,410.27,400.00,1410,58
5415.72,98,79,45851,81920,348.70,400.00,1410,55
5425.74,100,51,45851,81920,369.58,400.00,1410,57
5435.77,100,53,45851,81920,262.04,400.00,1410,50
5445.8,100,60,45851,81920,283.19,400.00,1410,50
5455.83,100,49,45851,81920,347.33,400.00,1395,54
5465.85,96,48,45851,81920,363.85,400.00,1410,56
5475.88,98,48,45851,81920,366.16,400.00,1410,57
5485.91,96,47,45851,81920,353.04,400.00,1395,55
5495.94,100,59,45851,81920,280.77,400.00,1410,50
5505.97,100,64,45851,81920,293.65,400.00,1410,50
5516.0,100,37,45851,81920,359.78,400.00,1395,55
5526.02,100,50,45851,81920,330.14,400.00,1410,54
5536.05,96,48,45851,81920,363.85,400.00,1410,55
5546.08,100,54,45851,81920,265.82,400.00,1410,49
5556.11,100,60,45851,81920,286.46,400.00,1410,48
5566.14,100,54,45851,81920,368.04,400.00,1410,53
5576.17,100,50,45851,81920,328.55,400.00,1410,53
5586.2,100,50,45851,81920,330.72,400.00,1410,53
5596.22,93,47,45851,81920,348.54,400.00,1410,49
5606.26,100,58,45851,81920,270.85,400.00,1410,46
5616.29,100,60,45851,81920,274.10,400.00,1410,45
5626.31,100,36,45851,81920,306.28,400.00,1395,53
5636.34,100,50,45851,81920,339.94,400.00,1410,51
5646.37,96,48,45851,81920,358.88,400.00,1410,52
5656.4,100,56,45851,81920,275.78,400.00,1410,46
5666.43,100,62,45851,81920,278.93,400.00,1410,46
5676.46,100,49,45851,81920,370.54,400.00,1350,53
5686.49,100,47,45851,81920,286.13,400.00,1410,51
5696.52,96,47,45851,81920,288.29,400.00,1395,50
5706.55,100,52,45851,81920,263.42,400.00,1410,46
5716.58,100,62,45851,81920,290.67,400.00,1410,46
5726.61,100,55,45851,81920,317.48,400.00,1365,48
5736.7,100,46,45851,81920,325.61,400.00,1395,50
5746.72,96,47,45851,81920,360.09,400.00,1410,51
5756.75,100,49,45851,81920,341.43,400.00,1410,51
5766.78,100,55,45851,81920,268.43,400.00,1410,45
5776.81,45,28,45851,81920,291.29,400.00,1410,44
5786.84,100,54,45851,81920,330.96,400.00,1395,49
5796.87,100,50,45851,81920,324.64,400.00,1410,50
5806.9,100,49,45851,81920,479.63,400.00,1395,48
5816.93,100,49,45851,81920,250.22,400.00,1410,46
5826.96,100,59,45851,81920,274.08,400.00,1410,45
5836.99,100,55,45851,81920,245.67,400.00,1410,43
5847.01,100,46,45851,81920,392.50,400.00,1395,53
5857.04,100,50,45851,81920,344.64,400.00,1410,50
5867.07,100,51,45851,81920,319.15,400.00,1410,50
5877.1,100,57,45851,81920,277.55,400.00,1410,45
5887.13,100,66,45851,81920,299.39,400.00,1410,45
5897.16,100,49,45851,81920,326.22,400.00,1410,50
5907.19,96,47,45851,81920,373.54,400.00,1380,50
5917.22,100,50,45851,81920,327.73,400.00,1410,50
5927.25,100,52,45851,81920,262.04,400.00,1410,45
5937.28,100,58,45851,81920,267.49,400.00,1410,44
5947.31,100,54,45851,81920,341.83,400.00,1410,48
5957.34,100,60,45851,81920,341.13,400.00,1410,49
5967.37,100,50,45851,81920,312.65,400.00,1410,49
5977.4,96,47,45851,81920,360.66,400.00,1410,49
5987.43,100,56,45851,81920,262.88,400.00,1410,43
5997.46,100,61,45851,81920,271.69,400.00,1410,43
6007.48,100,54,45851,81920,358.22,400.00,1410,48
6017.51,100,49,45851,81920,314.41,400.00,1410,48
6027.54,100,50,45851,81920,355.40,400.00,1410,48
6037.57,100,51,45851,81920,253.46,400.00,1410,44
6047.6,100,62,45851,81920,280.58,400.00,1410,43
6057.63,100,68,45851,81920,301.99,400.00,1410,44
6067.65,100,45,45851,81920,371.89,400.00,1410,51
6077.68,100,48,45851,81920,327.35,400.00,1410,47
6087.71,100,50,45851,81920,363.17,400.00,1410,49
6097.74,100,56,45851,81920,258.81,400.00,1410,43
6107.77,100,61,45851,81920,271.69,400.00,1410,42
6117.8,100,44,45851,81920,345.88,400.00,1395,48
6127.82,96,48,45851,81920,368.71,400.00,1365,50
6137.85,100,50,45851,81920,341.26,400.00,1410,48
6147.88,100,55,45851,81920,262.81,400.00,1410,43
6157.91,100,60,45851,81920,272.30,400.00,1410,43
6167.94,100,54,45851,81920,350.70,400.00,1410,48
6177.97,100,59,45851,81920,359.58,400.00,1410,48
6188.0,100,50,45851,81920,344.93,400.00,1410,48
6198.03,100,49,45851,81920,249.28,400.00,1410,44
6208.06,100,55,45851,81920,262.79,400.00,1410,42
6218.09,100,56,45851,81920,356.23,400.00,1410,45
6228.11,52,32,45851,81920,357.27,400.00,1410,49
6238.14,98,63,45851,81920,357.93,400.00,1410,46
6248.17,98,79,45851,81920,339.43,400.00,1410,48
6258.2,100,59,45851,81920,273.78,400.00,1410,43
6268.23,39,25,45851,81920,279.55,400.00,1410,42
6278.26,100,49,45851,81920,344.94,400.00,1380,49
6288.29,98,74,45851,81920,396.37,400.00,1410,48
6298.32,100,50,45851,81920,338.77,400.00,1410,49
6308.34,100,55,45851,81920,261.23,400.00,1410,43
6318.37,100,63,45851,81920,285.40,400.00,1410,43
6328.4,100,55,45851,81920,353.64,400.00,1410,47
6338.43,100,51,45851,81920,317.27,400.00,1410,48
6348.46,100,54,45851,81920,325.61,400.00,1410,49
6358.49,100,50,45851,81920,221.97,400.00,1410,45
6368.53,100,58,45851,81920,268.46,400.00,1410,43
6378.56,100,63,45851,81920,281.97,400.00,1410,43
6388.59,100,44,45851,81920,355.29,400.00,1410,51
6398.62,100,50,45851,81920,317.56,400.00,1410,48
6408.65,100,50,45851,81920,353.77,400.00,1410,49
6418.68,100,58,45851,81920,277.55,400.00,1410,44
6428.71,100,66,45851,81920,298.23,400.00,1410,44
6438.74,100,61,45851,81920,377.53,400.00,1410,50
6448.77,95,64,45851,81920,277.16,400.00,1410,48
6458.8,98,78,45851,81920,364.62,400.00,1410,50
6468.82,100,53,45851,81920,263.33,400.00,1410,45
6478.85,100,64,45851,81920,293.94,400.00,1410,45
6488.88,85,42,45851,81920,359.57,400.00,1410,46
6498.91,15,14,45851,81920,362.82,400.00,1410,49
6508.95,100,51,45851,81920,331.49,400.00,1410,51
6518.97,100,50,45851,81920,329.61,400.00,1410,51
6529.0,100,59,45851,81920,274.32,400.00,1410,45
6539.03,100,65,45851,81920,288.54,400.00,1410,45
6549.06,100,49,45851,81920,407.34,400.00,1380,53
6559.09,96,54,45851,81920,288.83,400.00,1410,51
6569.12,100,50,45851,81920,371.51,400.00,1410,52
6579.15,100,53,45851,81920,256.86,400.00,1410,46
6589.18,100,58,45851,81920,268.84,400.00,1410,45
6599.21,100,55,45851,81920,364.83,400.00,1410,51
6609.24,100,51,45851,81920,336.61,400.00,1410,51
6619.27,100,50,45851,81920,295.29,400.00,1410,51
6629.29,100,53,45851,81920,263.33,400.00,1410,47
6639.32,100,60,45851,81920,280.58,400.00,1410,47
6649.35,100,49,45851,81920,355.94,400.00,1410,51
6659.39,100,50,45851,81920,373.77,400.00,1410,52
6669.42,95,47,45851,81920,438.84,400.00,1410,54
6679.45,100,50,45851,81920,351.76,400.00,1410,54
6689.48,100,58,45851,81920,272.64,400.00,1410,47
6699.51,100,61,45851,81920,279.22,400.00,1410,47
6709.54,100,45,45851,81920,390.39,400.00,1410,56
6719.57,96,48,45851,81920,366.89,400.00,1410,55
6729.6,100,58,45851,81920,385.20,400.00,1410,53
6739.62,100,56,45851,81920,271.57,400.00,1410,47
6749.65,100,56,45851,81920,253.99,400.00,1410,45
6759.68,100,39,45851,81920,384.75,400.00,1395,54
6769.71,100,51,45851,81920,302.22,400.00,1410,51
6779.74,100,50,45851,81920,340.47,400.00,1410,51
6789.76,100,53,45851,81920,261.77,400.00,1410,46
6799.79,100,60,45851,81920,272.43,400.00,1410,46
6809.82,100,53,45851,81920,334.09,400.00,1410,51
6819.85,100,51,45851,81920,356.58,400.00,1410,52
6829.88,98,64,45851,81920,265.62,400.00,1410,50
6839.9,100,50,45851,81920,256.47,400.00,1410,46
6849.93,100,58,45851,81920,270.13,400.00,1410,45
6859.96,0,0,45851,81920,87.81,400.00,1410,39
6869.99,100,38,45851,81920,380.91,400.00,1410,54
6880.02,100,49,45851,81920,324.11,400.00,1410,51
6890.05,100,50,45851,81920,338.99,400.00,1410,50
6900.08,100,56,45851,81920,270.63,400.00,1410,45
6910.11,94,58,45851,81920,281.93,400.00,1410,44
6920.14,100,50,45851,81920,369.24,400.00,1410,52
6930.16,98,78,45851,81920,363.24,400.00,1410,50
6940.19,100,50,45851,81920,361.89,400.00,1410,51
6950.22,100,53,45851,81920,268.24,400.00,1410,45
6960.25,100,61,45851,81920,282.49,400.00,1410,45
6970.28,100,49,45851,81920,350.82,400.00,1410,49
6980.31,96,48,45851,81920,365.33,400.00,1395,51
6990.35,98,78,45851,81920,343.65,400.00,1410,50
7000.38,100,51,45851,81920,318.55,400.00,1410,50
7010.4,100,56,45851,81920,266.06,400.00,1410,44
7020.43,100,62,45851,81920,271.40,400.00,1410,43
7030.46,100,44,45851,81920,471.35,400.00,1395,51
7040.49,100,52,45851,81920,332.17,400.00,1410,50
7050.52,100,50,45851,81920,321.94,400.00,1410,49
7060.55,100,57,45851,81920,272.75,400.00,1410,44
7070.58,100,64,45851,81920,287.24,400.00,1410,44
7080.61,100,54,45851,81920,331.40,400.00,1380,49
7090.63,98,68,45851,81920,356.88,400.00,1410,50
7100.67,100,51,45851,81920,356.36,400.00,1410,50
7110.7,100,52,45851,81920,260.48,400.00,1410,45
7120.73,100,58,45851,81920,261.52,400.00,1410,43
7130.75,100,48,45851,81920,365.44,400.00,1395,48
7140.78,100,50,45851,81920,351.88,400.00,1410,50
7150.81,100,50,45851,81920,292.72,400.00,1410,48
7160.84,100,50,45851,81920,256.40,400.00,1410,45
7170.87,100,57,45851,81920,257.97,400.00,1410,43
7180.9,0,0,45851,81920,87.51,400.00,1410,38
7190.93,100,37,45851,81920,351.76,400.00,1410,52
7200.95,100,50,45851,81920,313.35,400.00,1410,49
7210.98,96,48,45851,81920,361.97,400.00,1410,51
7221.01,100,55,45851,81920,259.33,400.00,1410,44
7231.04,100,59,45851,81920,268.46,400.00,1410,43
7241.07,100,36,45851,81920,386.87,400.00,1335,53
7251.1,100,51,45851,81920,337.56,400.00,1410,49
7261.13,100,49,45851,81920,369.77,400.00,1395,49
7271.16,91,50,45851,81920,258.00,400.00,1410,43
7281.19,100,65,45851,81920,289.36,400.00,1410,45
7291.22,100,49,45851,81920,351.36,400.00,1410,49
7301.24,100,50,45851,81920,349.11,400.00,1410,50
7311.27,96,48,45851,81920,366.43,400.00,1410,51
7321.3,100,48,45851,81920,252.98,400.00,1410,46
7331.33,100,60,45851,81920,281.14,400.00,1410,45
7341.36,100,64,45851,81920,295.02,400.00,1410,45
7351.39,100,44,45851,81920,390.02,400.00,1335,52
7361.42,98,69,45851,81920,356.58,400.00,1410,50
7371.45,100,55,45851,81920,322.47,400.00,1410,50
7381.48,100,54,45851,81920,262.57,400.00,1410,44
7391.51,100,59,45851,81920,264.47,400.00,1410,43
7401.54,100,50,45851,81920,369.34,400.00,1365,49
7411.56,96,48,45851,81920,359.92,400.00,1410,50
7421.59,98,81,45851,81920,406.99,400.00,1395,50
7431.62,100,52,45851,81920,258.81,400.00,1410,45
7441.65,100,56,45851,81920,259.64,400.00,1410,43
7451.68,100,49,45851,81920,362.00,400.00,1410,49
7461.71,100,50,45851,81920,345.46,400.00,1410,49
7471.74,98,77,45851,81920,390.98,400.00,1410,49
7481.77,100,50,45851,81920,255.64,400.00,1410,45
7491.8,100,57,45851,81920,257.23,400.00,1410,43
7501.82,100,49,45851,81920,309.70,400.00,1395,47
7511.85,100,50,45851,81920,338.97,400.00,1410,49
7521.88,100,51,45851,81920,360.62,400.00,1410,50
7531.91,98,78,45851,81920,346.79,400.00,1410,49
7541.93,100,60,45851,81920,282.66,400.00,1410,45
7551.96,100,64,45851,81920,284.25,400.00,1410,45
7561.99,100,44,45851,81920,376.33,400.00,1410,52
7572.02,96,47,45851,81920,376.18,400.00,1410,51
7582.05,100,51,45851,81920,361.69,400.00,1410,50
7592.08,100,54,45851,81920,263.03,400.00,1410,45
7602.1,100,61,45851,81920,278.16,400.00,1410,45
7612.13,100,48,45851,81920,468.66,400.00,1335,51
7622.17,100,50,45851,81920,248.33,400.00,1410,50
7632.19,100,50,45851,81920,323.07,400.00,1410,51
7642.22,56,37,45851,81920,260.09,400.00,1410,47
7652.25,100,59,45851,81920,275.17,400.00,1410,45
7662.28,100,62,45851,81920,90.01,400.00,1410,42
7672.31,100,49,45851,81920,403.06,400.00,1395,53
7682.34,100,50,45851,81920,360.12,400.00,1410,51
7692.37,97,78,45851,81920,284.18,400.00,1395,50
7702.4,100,56,45851,81920,264.47,400.00,1410,45
7712.43,100,63,45851,81920,288.34,400.00,1410,45
7722.48,100,44,45851,81920,393.32,400.00,1395,52
7732.51,100,50,45851,81920,274.10,400.00,1410,50
7742.53,96,47,45851,81920,356.48,400.00,1410,53
7752.57,66,35,45851,81920,264.85,400.00,1410,45
7762.6,100,59,45851,81920,275.92,400.00,1410,45
7772.62,100,49,45851,81920,354.70,400.00,1410,50
7782.65,98,78,45851,81920,408.05,400.00,1395,50
7792.68,100,51,45851,81920,314.00,400.00,1410,50
7802.71,100,51,45851,81920,131.23,400.00,1410,48
7812.75,100,57,45851,81920,268.36,400.00,1410,45
7822.78,100,60,45851,81920,272.19,400.00,1410,44
7832.81,100,49,45851,81920,402.89,400.00,1365,54
7842.84,100,51,45851,81920,311.12,400.00,1410,50
7852.87,96,47,45851,81920,402.59,400.00,1395,52
7862.91,100,56,45851,81920,269.21,400.00,1410,45
7872.94,100,52,45851,81920,217.94,400.00,1410,42
7882.96,100,45,45851,81920,388.05,400.00,1410,53
7892.99,100,51,45851,81920,342.75,400.00,1410,50
7903.03,100,49,45851,81920,369.14,400.00,1410,52
7913.06,100,56,45851,81920,269.30,400.00,1410,45
7923.08,100,61,45851,81920,274.72,400.00,1410,45
7933.11,100,49,45851,81920,338.48,400.00,1410,50
7943.14,98,78,45851,81920,312.16,400.00,1410,50
7953.17,100,51,45851,81920,343.04,400.00,1410,51
7963.2,100,53,45851,81920,262.36,400.00,1410,46
7973.23,100,61,45851,81920,278.52,400.00,1410,45
7983.25,100,53,45851,81920,355.17,400.00,1410,48
7993.28,98,80,45851,81920,307.18,400.00,1410,50
8003.31,100,52,45851,81920,356.06,400.00,1410,51
8013.34,100,51,45851,81920,319.37,400.00,1410,51
8023.37,100,57,45851,81920,266.05,400.00,1410,45
8033.4,100,63,45851,81920,287.28,400.00,1410,45
8043.43,100,49,45851,81920,331.64,400.00,1395,52
8053.45,100,50,45851,81920,312.08,400.00,1410,50
8063.48,96,48,45851,81920,323.88,400.00,1410,50
8073.51,100,54,45851,81920,267.42,400.00,1410,45
8083.54,100,57,45851,81920,268.46,400.00,1410,43
8093.57,100,61,45851,81920,367.42,400.00,1410,50
8103.6,100,63,45851,81920,307.82,400.00,1410,49
8113.63,98,78,45851,81920,343.04,400.00,1395,49
8123.65,100,51,45851,81920,254.28,400.00,1410,43
8133.68,100,59,45851,81920,273.89,400.00,1410,43
8143.71,100,55,45851,81920,327.49,400.00,1410,45
8153.74,83,41,45851,81920,232.74,400.00,1410,46
8163.77,98,73,45851,81920,315.30,400.00,1410,48
8173.8,100,50,45851,81920,371.95,400.00,1410,50
8183.83,100,58,45851,81920,272.86,400.00,1410,43
8193.86,100,61,45851,81920,266.36,400.00,1410,43
8203.89,100,49,45851,81920,386.79,400.00,1335,52
8213.92,100,53,45851,81920,353.11,400.00,1410,49
8223.95,100,50,45851,81920,356.58,400.00,1410,49
8233.97,100,55,45851,81920,257.97,400.00,1410,43
8244.0,100,61,45851,81920,275.43,400.00,1410,43
8254.03,100,61,45851,81920,329.61,400.00,1395,48
8264.06,100,51,45851,81920,347.89,400.00,1410,48
8274.09,100,49,45851,81920,374.70,400.00,1410,50
8284.12,100,51,45851,81920,258.30,400.00,1410,44
8294.15,100,56,45851,81920,254.28,400.00,1410,42
8304.18,100,63,45851,81920,374.74,400.00,1380,49
8314.21,98,80,45851,81920,359.80,400.00,1410,49
8324.24,100,50,45851,81920,333.37,400.00,1410,48
8334.26,100,49,45851,81920,249.92,400.00,1410,45
8344.3,100,56,45851,81920,257.98,400.00,1410,42
8354.33,7,5,45851,81920,87.95,400.00,1410,37
8364.35,100,44,45851,81920,333.37,400.00,1395,50
8374.38,100,57,45851,81920,316.21,400.00,1410,48
8384.41,100,50,45851,81920,323.42,400.00,1410,49
8394.44,100,56,45851,81920,269.52,400.00,1410,43
8404.47,100,63,45851,81920,285.60,400.00,1410,43
8414.5,100,51,45851,81920,339.30,400.00,1410,49
8424.53,98,78,45851,81920,305.46,400.00,1410,48
8434.56,100,50,45851,81920,342.93,400.00,1410,49
8444.59,100,52,45851,81920,257.16,400.00,1410,44
8454.62,100,64,45851,81920,291.63,400.00,1410,44
8464.65,100,55,45851,81920,362.53,400.00,1410,46
8474.68,70,34,45851,81920,90.33,400.00,1410,47
8484.7,96,48,45851,81920,359.28,400.00,1410,50
8494.73,98,67,45851,81920,325.99,400.00,1410,49
8504.76,100,57,45851,81920,272.30,400.00,1410,44
8514.79,100,62,45851,81920,283.80,400.00,1410,44
8524.82,100,36,45851,81920,369.72,400.00,1410,51
8534.85,95,48,45851,81920,369.63,400.00,1380,50
8544.88,100,59,45851,81920,345.98,400.00,1410,51
8554.9,100,55,45851,81920,270.41,400.00,1410,45
8564.93,100,64,45851,81920,290.52,400.00,1410,45
8574.96,100,55,45851,81920,331.06,400.00,1410,49
8584.99,100,49,45851,81920,360.65,400.00,1410,50
8595.02,100,51,45851,81920,361.60,400.00,1410,51
8605.05,60,36,45851,81920,253.45,400.00,1410,47
8615.08,50,29,45851,81920,274.40,400.00,1410,44
8625.11,100,63,45851,81920,280.25,400.00,1410,45
8635.13,100,39,45851,81920,387.61,400.00,1410,53
8645.16,98,80,45851,81920,322.10,400.00,1410,50
8655.19,100,59,45851,81920,347.47,400.00,1410,51
8665.22,100,58,45851,81920,265.62,400.00,1410,46
8675.25,100,62,45851,81920,285.24,400.00,1410,46
8685.28,100,50,45851,81920,365.44,400.00,1410,51
8695.31,100,71,45851,81920,353.77,400.00,1410,52
8705.34,100,50,45851,81920,356.64,400.00,1410,52
8715.37,100,52,45851,81920,263.63,400.00,1410,47
8725.4,100,56,45851,81920,263.95,400.00,1410,45
8735.43,100,55,45851,81920,354.99,400.00,1410,51
8745.46,100,51,45851,81920,339.70,400.00,1410,51
8755.48,100,50,45851,81920,342.78,400.00,1410,52
8765.51,77,41,45851,81920,256.10,400.00,1410,48
8775.54,100,59,45851,81920,275.99,400.00,1410,47
8785.57,100,62,45851,81920,269.52,400.00,1410,46
8795.59,100,45,45851,81920,385.44,400.00,1395,54
8805.62,100,70,45851,81920,368.08,400.00,1410,54
8815.65,100,51,45851,81920,343.31,400.00,1410,53
8825.68,100,56,45851,81920,269.21,400.00,1410,47
8835.71,100,59,45851,81920,273.05,400.00,1410,47
8845.74,99,44,45851,81920,463.03,400.00,1395,53
8855.82,100,50,45851,81920,325.31,400.00,1410,53
8865.85,100,49,45851,81920,308.17,400.00,1410,52
8875.87,100,55,45851,81920,268.24,400.00,1410,47
8885.9,100,60,45851,81920,275.67,400.00,1410,47
8895.93,100,55,45851,81920,367.74,400.00,1410,52
8905.96,100,50,45851,81920,317.77,400.00,1410,52
8915.99,100,50,45851,81920,256.17,400.00,1410,52
8926.02,81,45,45851,81920,256.93,400.00,1410,48
8936.05,100,60,45851,81920,282.90,400.00,1410,46
8946.08,100,65,45851,81920,293.46,400.00,1410,46
8956.1,100,45,45851,81920,469.76,400.00,1335,55
8966.13,100,49,45851,81920,354.88,400.00,1410,51
8976.16,100,50,45851,81920,346.52,400.00,1410,51
8986.19,100,55,45851,81920,270.63,400.00,1410,46
8996.21,100,60,45851,81920,276.60,400.00,1410,43
9006.24,100,49,45851,81920,363.43,400.00,1410,50
9016.27,100,51,45851,81920,341.55,400.00,1410,50
9026.3,100,51,45851,81920,334.44,400.00,1410,50
9036.33,100,51,45851,81920,258.88,400.00,1410,45
9046.36,100,60,45851,81920,284.38,400.00,1410,45
9056.39,53,26,45851,81920,314.78,400.00,1410,46
9066.42,100,41,45851,81920,395.06,400.00,1395,52
9076.45,100,50,45851,81920,352.99,400.00,1410,50
9086.48,96,52,45851,81920,374.31,400.00,1410,51
9096.51,100,54,45851,81920,246.98,400.00,1410,44
9106.54,100,56,45851,81920,243.70,400.00,1410,42
9116.57,100,45,45851,81920,337.00,400.00,1395,51
9126.6,98,68,45851,81920,347.76,400.00,1410,49
9136.63,100,51,45851,81920,292.11,400.00,1410,49
9146.66,100,57,45851,81920,272.65,400.00,1410,45
9156.68,100,65,45851,81920,300.46,400.00,1410,45
9166.71,100,61,45851,81920,372.95,400.00,1410,50
9176.74,100,50,45851,81920,303.93,400.00,1410,49
9186.77,100,53,45851,81920,356.34,400.00,1410,50
9196.81,100,52,45851,81920,261.54,400.00,1410,45
9206.84,100,60,45851,81920,275.99,400.00,1410,44
9216.87,100,54,45851,81920,343.70,400.00,1410,48
9226.89,100,53,45851,81920,356.77,400.00,1365,47
9236.98,98,80,45851,81920,352.06,400.00,1410,50
9247.01,100,50,45851,81920,348.58,400.00,1410,50
9257.04,100,57,45851,81920,271.48,400.00,1410,44
9267.07,100,56,45851,81920,246.16,400.00,1410,42
9277.1,100,36,45851,81920,491.17,400.00,1395,51
9287.13,100,66,45851,81920,344.14,400.00,1410,49
9297.16,100,50,45851,81920,330.39,400.00,1410,49
9307.19,100,55,45851,81920,270.15,400.00,1410,44
9317.22,100,64,45851,81920,295.21,400.00,1410,45
9327.25,100,55,45851,81920,305.11,400.00,1395,49
9337.28,100,50,45851,81920,368.67,400.00,1410,50
9347.31,100,50,45851,81920,353.11,400.00,1410,50
9357.34,100,51,45851,81920,257.98,400.00,1410,45
9367.37,100,55,45851,81920,243.50,400.00,1410,42
9377.4,100,50,45851,81920,335.40,400.00,1410,48
9387.43,98,78,45851,81920,341.85,400.00,1410,49
9397.46,100,50,45851,81920,299.11,400.00,1410,48
9407.48,100,50,45851,81920,321.25,400.00,1410,49
9417.51,100,58,45851,81920,265.53,400.00,1410,43
9427.54,100,60,45851,81920,272.43,400.00,1410,43
9437.57,100,47,45851,81920,395.20,400.00,1365,51
9447.6,100,50,45851,81920,306.52,400.00,1410,48
9457.63,100,50,45851,81920,386.02,400.00,1335,51
9467.66,100,55,45851,81920,260.69,400.00,1410,43
9477.69,100,60,45851,81920,275.78,400.00,1410,43
9487.72,100,49,45851,81920,327.88,400.00,1395,48
9497.75,98,79,45851,81920,337.03,400.00,1410,49
9507.78,98,67,45851,81920,350.83,400.00,1410,48
9517.8,100,50,45851,81920,257.76,400.00,1410,45
9527.83,100,62,45851,81920,287.22,400.00,1410,44
9537.86,100,68,45851,81920,300.46,400.00,1410,45
9547.89,100,37,45851,81920,361.39,400.00,1410,52
9557.91,100,51,45851,81920,350.01,400.00,1410,50
9567.94,100,50,45851,81920,321.32,400.00,1410,50
9577.97,100,57,45851,81920,269.38,400.00,1410,44
9588.0,100,66,45851,81920,301.81,400.00,1410,45
9598.02,100,57,45851,81920,362.50,400.00,1410,49
9608.05,98,66,45851,81920,348.29,400.00,1395,49
9618.08,100,62,45851,81920,323.51,400.00,1410,50
9628.1,100,51,45851,81920,258.36,400.00,1410,45
9638.13,100,61,45851,81920,284.05,400.00,1410,45
9648.15,86,57,45851,81920,291.87,400.00,1410,42
9658.18,100,37,45851,81920,308.88,400.00,1410,52
9668.21,100,50,45851,81920,341.32,400.00,1410,50
9678.24,100,51,45851,81920,366.39,400.00,1410,51
9688.27,100,55,45851,81920,262.59,400.00,1410,44
9698.29,100,61,45851,81920,271.16,400.00,1410,44
9708.32,100,45,45851,81920,373.19,400.00,1410,52
9718.35,98,72,45851,81920,387.45,400.00,1410,50
9728.38,100,51,45851,81920,359.19,400.00,1410,50
9738.41,100,53,45851,81920,259.64,400.00,1410,45
9748.44,100,62,45851,81920,281.02,400.00,1410,45
9758.47,100,61,45851,81920,321.85,400.00,1395,50
9768.5,100,50,45851,81920,308.33,400.00,1410,50
9778.53,100,50,45851,81920,321.25,400.00,1410,51
9788.56,100,49,45851,81920,253.99,400.00,1410,47
9798.59,100,61,45851,81920,286.89,400.00,1410,46
9808.62,100,65,45851,81920,293.13,400.00,1410,46
9818.65,100,46,45851,81920,396.08,400.00,1365,52
9828.68,100,51,45851,81920,333.51,400.00,1410,50
9838.71,100,50,45851,81920,366.07,400.00,1410,52
9848.74,100,55,45851,81920,267.71,400.00,1410,46
9858.77,100,59,45851,81920,260.48,400.00,1410,44
9868.8,100,53,45851,81920,345.88,400.00,1410,51
9878.83,100,51,45851,81920,326.75,400.00,1410,51
9888.86,100,50,45851,81920,307.53,400.00,1410,50
9898.89,100,52,45851,81920,257.00,400.00,1410,45
9908.91,100,57,45851,81920,264.23,400.00,1410,44
9918.94,100,61,45851,81920,374.54,400.00,1410,50
9928.97,100,49,45851,81920,272.86,400.00,1395,48
9939.0,100,50,45851,81920,345.48,400.00,1410,50
9949.02,100,51,45851,81920,253.39,400.00,1410,46
9959.05,100,57,45851,81920,257.16,400.00,1410,44
9969.08,100,55,45851,81920,351.47,400.00,1410,50
9979.12,100,49,45851,81920,346.52,400.00,1410,50
9989.15,100,54,45851,81920,341.16,400.00,1410,50
9999.17,100,59,45851,81920,175.29,400.00,1410,47
10009.2,100,58,45851,81920,270.13,400.00,1410,45
10019.23,100,60,45851,81920,273.29,400.00,1410,45
10029.26,100,44,45851,81920,376.27,400.00,1410,53
10039.29,100,50,45851,81920,332.21,400.00,1410,51
10049.33,100,50,45851,81920,320.50,400.00,1410,51
10059.36,100,54,45851,81920,254.52,400.00,1410,45
10069.38,100,56,45851,81920,251.51,400.00,1410,43
10079.41,100,36,45851,81920,332.02,400.00,1395,52
10089.44,100,50,45851,81920,331.49,400.00,1410,50
10099.47,100,49,45851,81920,387.45,400.00,1395,49
10109.5,100,54,45851,81920,260.40,400.00,1410,44
10119.53,100,60,45851,81920,271.19,400.00,1410,44
10129.56,100,49,45851,81920,359.48,400.00,1410,50
10139.59,100,59,45851,81920,356.06,400.00,1410,50
10149.62,100,50,45851,81920,328.90,400.00,1410,50
10159.67,100,51,45851,81920,260.38,400.00,1410,45
10169.69,100,60,45851,81920,279.22,400.00,1410,44
10179.72,95,47,45851,81920,352.29,400.00,1410,45
10189.76,100,45,45851,81920,356.35,400.00,1395,52
10199.79,100,52,45851,81920,338.88,400.00,1410,49
10209.81,100,50,45851,81920,321.70,400.00,1410,50
10219.84,100,53,45851,81920,253.69,400.00,1410,44
10229.87,100,58,45851,81920,264.16,400.00,1410,43
10239.9,100,49,45851,81920,360.62,400.00,1410,49
10249.93,100,50,45851,81920,362.00,400.00,1410,50
10259.96,100,50,45851,81920,314.08,400.00,1395,47
10269.99,100,52,45851,81920,257.76,400.00,1410,44
10280.02,100,60,45851,81920,278.40,400.00,1410,44
10290.05,10,5,45851,81920,331.79,400.00,1410,43
10300.08,100,45,45851,81920,108.82,400.00,1395,47
10310.11,100,50,45851,81920,334.15,400.00,1410,49
10320.14,100,50,45851,81920,345.86,400.00,1410,50
10330.17,100,55,45851,81920,258.89,400.00,1410,43
10340.2,100,56,45851,81920,252.40,400.00,1410,42
10350.23,100,37,45851,81920,383.24,400.00,1410,51
10360.26,100,49,45851,81920,370.06,400.00,1410,49
10370.29,96,77,45851,81920,307.98,400.00,1410,49
10380.32,59,31,45851,81920,252.10,400.00,1410,42
10390.34,100,54,45851,81920,239.44,400.00,1410,41
10400.37,100,51,45851,81920,394.21,400.00,1395,50
10410.4,100,50,45851,81920,324.64,400.00,1410,46
10420.43,100,51,45851,81920,344.54,400.00,1410,48
10430.46,100,55,45851,81920,460.62,400.00,1365,48
10440.5,100,58,45851,81920,264.45,400.00,1410,43
10450.53,100,56,45851,81920,243.25,400.00,1410,41
10460.56,100,45,45851,81920,352.71,400.00,1410,50
10470.59,96,48,45851,81920,350.82,400.00,1410,49
10480.62,98,78,45851,81920,348.83,400.00,1410,48
10490.65,100,58,45851,81920,277.37,400.00,1410,43
10500.68,100,61,45851,81920,283.89,400.00,1410,43
10510.71,100,49,45851,81920,360.41,400.00,1410,49
10520.74,100,50,45851,81920,314.90,400.00,1410,48
10530.76,100,50,45851,81920,348.82,400.00,1410,49
10540.79,100,51,45851,81920,251.04,400.00,1410,44
10550.82,100,60,45851,81920,277.90,400.00,1410,43
10560.85,2,1,45851,81920,350.41,400.00,1410,44
10570.87,100,38,45851,81920,399.48,400.00,1410,52
10580.9,100,51,45851,81920,300.11,400.00,1410,49
10590.93,96,48,45851,81920,374.25,400.00,1410,51
10600.96,100,54,45851,81920,258.29,400.00,1410,43
10610.99,100,61,45851,81920,267.09,400.00,1410,43
10621.02,100,45,45851,81920,390.09,400.00,1350,53
10631.05,100,50,45851,81920,338.09,400.00,1410,49
10641.08,96,49,45851,81920,366.93,400.00,1410,50
10651.11,100,54,45851,81920,253.45,400.00,1410,44
10661.13,100,57,45851,81920,269.28,400.00,1410,43
10671.16,100,47,45851,81920,455.54,400.00,1380,49
10681.19,100,62,45851,81920,323.20,400.00,1410,49
10691.22,100,50,45851,81920,310.57,400.00,1410,50
10701.25,100,50,45851,81920,257.76,400.00,1410,45
10711.28,100,58,45851,81920,265.75,400.00,1410,44
10721.31,0,0,45851,81920,87.09,400.00,1410,41
10731.34,21,10,45851,81920,357.59,400.00,1410,49
10741.39,100,50,45851,81920,227.36,400.00,1395,48
10751.42,100,50,45851,81920,298.74,400.00,1410,49
10761.45,100,56,45851,81920,262.07,400.00,1410,44
10771.48,100,59,45851,81920,265.44,400.00,1410,44
10781.51,100,36,45851,81920,379.27,400.00,1410,53
10791.54,100,52,45851,81920,322.38,400.00,1410,51
10801.56,100,49,45851,81920,279.71,400.00,1395,50
10811.59,100,55,45851,81920,258.51,400.00,1410,45
10821.62,100,62,45851,81920,283.23,400.00,1410,46
10831.65,100,54,45851,81920,370.39,400.00,1395,51
10841.68,100,49,45851,81920,297.07,400.00,1410,52
10851.71,98,66,45851,81920,372.67,400.00,1410,53
10861.74,100,50,45851,81920,263.03,400.00,1410,48
10871.78,100,56,45851,81920,271.69,400.00,1410,46
10881.8,100,57,45851,81920,369.72,400.00,1410,50
10891.83,100,49,45851,81920,313.64,400.00,1395,50
10901.87,100,51,45851,81920,341.45,400.00,1410,52
10911.9,100,50,45851,81920,308.70,400.00,1410,52
10921.93,100,59,45851,81920,285.40,400.00,1410,48
10931.96,100,63,45851,81920,295.29,400.00,1410,48
10941.99,100,47,45851,81920,313.18,400.00,1395,53
10952.01,100,50,45851,81920,237.06,400.00,1410,53
10962.04,100,50,45851,81920,360.24,400.00,1410,52
10972.07,100,53,45851,81920,259.58,400.00,1410,46
10982.1,100,58,45851,81920,267.42,400.00,1410,45
10992.13,100,48,45851,81920,345.31,400.00,1410,51
11002.16,96,48,45851,81920,364.20,400.00,1410,52
11012.19,100,54,45851,81920,287.66,400.00,1410,51
11022.22,100,50,45851,81920,258.06,400.00,1410,47
11032.24,100,58,45851,81920,266.05,400.00,1410,45
11042.27,100,64,45851,81920,88.58,400.00,1410,40
11052.3,100,45,45851,81920,371.95,400.00,1395,53
11062.33,100,51,45851,81920,309.94,400.00,1410,50
11072.36,100,50,45851,81920,368.60,400.00,1410,51
11082.39,100,56,45851,81920,269.04,400.00,1410,45
11092.42,100,60,45851,81920,263.92,400.00,1410,44
11102.45,100,44,45851,81920,383.40,400.00,1410,52
11112.48,98,79,45851,81920,332.70,400.00,1410,50
11122.51,100,51,45851,81920,347.48,400.00,1410,50
11132.54,100,54,45851,81920,263.95,400.00,1410,45
11142.57,100,59,45851,81920,271.48,400.00,1410,44
11152.6,100,55,45851,81920,343.58,400.00,1410,49
11162.63,96,49,45851,81920,350.70,400.00,1410,50
11172.65,98,79,45851,81920,294.68,400.00,1410,49
11182.68,100,50,45851,81920,250.22,400.00,1410,45
11192.71,100,59,45851,81920,269.28,400.00,1410,44
11202.74,0,0,45851,81920,87.19,400.00,1410,38
11212.76,67,35,45851,81920,91.93,400.00,1410,44
11222.79,98,48,45851,81920,279.58,400.00,1410,47
11232.83,100,50,45851,81920,320.03,400.00,1410,50
11242.86,100,58,45851,81920,270.00,400.00,1410,44
11252.88,100,62,45851,81920,276.07,400.00,1410,44
11262.91,100,49,45851,81920,406.99,400.00,1380,52
11272.94,100,49,45851,81920,279.14,400.00,1395,47
11282.97,100,50,45851,81920,363.67,400.00,1410,50
11293.0,100,54,45851,81920,263.34,400.00,1410,44
11303.03,100,63,45851,81920,282.17,400.00,1410,44
11313.06,100,49,45851,81920,364.38,400.00,1410,50
11323.09,96,48,45851,81920,370.15,400.00,1410,50
11333.12,100,50,45851,81920,286.55,400.00,1410,47
11343.15,62,32,45851,81920,254.22,400.00,1410,44
11353.18,100,54,45851,81920,243.22,400.00,1410,42
11363.21,100,55,45851,81920,354.57,400.00,1410,48
11373.24,100,50,45851,81920,292.98,400.00,1410,48
11383.27,100,49,45851,81920,357.83,400.00,1365,48
11393.3,100,50,45851,81920,257.76,400.00,1410,44
11403.32,100,56,45851,81920,253.16,400.00,1410,43
11413.35,14,7,45851,81920,351.23,400.00,1410,45
11423.43,60,30,45851,81920,348.83,400.00,1410,49
11433.53,100,49,45851,81920,270.34,400.00,1395,47
11443.56,100,50,45851,81920,349.11,400.00,1410,49
11453.59,100,55,45851,81920,257.76,400.00,1410,43
11463.61,100,61,45851,81920,269.93,400.00,1410,42
11473.64,100,45,45851,81920,369.96,400.00,1410,51
11483.67,100,49,45851,81920,295.02,400.00,1410,48
11493.7,100,50,45851,81920,325.93,400.00,1410,48
11503.73,100,54,45851,81920,259.33,400.00,1410,43
11513.76,100,58,45851,81920,254.23,400.00,1410,42
11523.79,99,54,45851,81920,358.35,400.00,1410,49
11533.82,100,50,45851,81920,345.88,400.00,1410,49
11543.85,100,49,45851,81920,262.38,400.00,1410,48
11553.88,100,53,45851,81920,252.10,400.00,1410,43
11563.91,100,54,45851,81920,239.20,400.00,1410,41
11573.94,100,55,45851,81920,395.13,400.00,1410,48
11583.97,100,50,45851,81920,359.30,400.00,1410,49
11594.0,100,50,45851,81920,271.50,400.00,1395,46
11604.02,100,52,45851,81920,259.94,400.00,1410,44
11614.05,100,55,45851,81920,248.33,400.00,1410,42
11624.08,100,49,45851,81920,352.99,400.00,1410,48
11634.11,96,48,45851,81920,362.40,400.00,1410,48
11644.14,99,49,45851,81920,352.17,400.00,1350,51
11654.17,100,51,45851,81920,293.94,400.00,1410,48
11664.2,100,55,45851,81920,242.79,400.00,1410,42
11674.23,100,55,45851,81920,356.47,400.00,1410,47
11684.26,100,51,45851,81920,308.16,400.00,1410,49
11694.29,100,51,45851,81920,281.84,400.00,1410,48
11704.32,100,50,45851,81920,320.88,400.00,1410,47
11714.35,100,55,45851,81920,248.09,400.00,1410,42
11724.38,100,57,45851,81920,252.87,400.00,1410,42
11734.4,100,44,45851,81920,351.36,400.00,1410,52
11744.43,100,50,45851,81920,304.22,400.00,1410,49
11754.46,100,50,45851,81920,314.90,400.00,1410,47
11764.49,100,54,45851,81920,245.95,400.00,1410,43
11774.52,100,59,45851,81920,259.33,400.00,1410,43
11784.55,100,45,45851,81920,483.70,400.00,1410,52
11794.57,98,76,45851,81920,314.00,400.00,1410,48
11804.61,100,51,45851,81920,359.07,400.00,1410,51
11814.63,100,53,45851,81920,244.56,400.00,1410,43
11824.66,100,56,45851,81920,254.51,400.00,1410,43
11834.69,100,36,45851,81920,313.35,400.00,1380,51
11844.72,100,50,45851,81920,306.64,400.00,1410,49
11854.75,100,50,45851,81920,288.10,400.00,1410,49
11864.78,100,54,45851,81920,252.93,400.00,1410,44
11874.81,100,56,45851,81920,249.11,400.00,1410,43
11884.83,100,49,45851,81920,348.71,400.00,1410,50
11894.86,96,48,45851,81920,372.04,400.00,1410,52
11904.89,98,78,45851,81920,308.52,400.00,1410,50
11914.92,100,52,45851,81920,256.93,400.00,1410,45
11924.95,100,54,45851,81920,244.57,400.00,1410,43
11934.98,100,49,45851,81920,364.41,400.00,1410,50
11945.01,100,49,45851,81920,228.69,400.00,1395,48
11955.04,100,63,45851,81920,326.00,400.00,1410,50
11965.07,100,50,45851,81920,260.62,400.00,1410,46
11975.1,100,56,45851,81920,257.23,400.00,1410,43
11985.12,100,59,45851,81920,339.67,400.00,1410,49
11995.15,100,50,45851,81920,337.53,400.00,1410,50
12005.18,96,48,45851,81920,369.03,400.00,1410,51
12015.21,98,79,45851,81920,284.02,400.00,1410,50
12025.24,100,58,45851,81920,270.02,400.00,1410,45
12035.27,100,59,45851,81920,267.64,400.00,1410,44
12045.3,100,36,45851,81920,363.27,400.00,1410,53
12055.33,96,47,45851,81920,300.15,400.00,1410,51
12065.36,100,49,45851,81920,279.46,400.00,1395,48
12075.39,100,55,45851,81920,266.65,400.00,1410,45
12085.42,100,60,45851,81920,275.17,400.00,1410,45
12095.45,100,50,45851,81920,370.26,400.00,1410,50
12105.48,96,48,45851,81920,360.93,400.00,1410,51
12115.51,100,51,45851,81920,351.40,400.00,1395,50
12125.53,13,0,45851,81920,88.98,400.00,1410,41
12135.56,100,54,45851,81920,243.46,400.00,1410,43
12145.59,100,55,45851,81920,353.12,400.00,1410,48
12155.62,100,54,45851,81920,285.00,400.00,1410,49
12165.65,100,50,45851,81920,293.61,400.00,1410,49
12175.68,100,50,45851,81920,322.47,400.00,1410,49
12185.71,100,56,45851,81920,270.87,400.00,1410,45
12195.74,100,59,45851,81920,274.64,400.00,1410,44
12205.77,100,36,45851,81920,380.91,400.00,1410,52
12215.8,100,50,45851,81920,322.07,400.00,1410,50
12225.83,100,50,45851,81920,330.43,400.00,1410,50
12235.86,100,52,45851,81920,250.21,400.00,1410,44
12245.88,100,52,45851,81920,229.77,400.00,1410,41
12255.91,100,37,45851,81920,379.11,400.00,1410,51
12265.94,100,50,45851,81920,321.19,400.00,1410,49
12275.97,100,50,45851,81920,306.18,400.00,1410,49
12286.0,100,54,45851,81920,255.10,400.00,1410,43
12296.03,100,54,45851,81920,237.06,400.00,1410,41
12306.06,100,55,45851,81920,367.03,400.00,1410,49
12316.08,100,51,45851,81920,287.91,400.00,1410,47
12326.11,100,50,45851,81920,357.29,400.00,1410,49
12336.14,100,53,45851,81920,256.11,400.00,1410,43
12346.17,100,58,45851,81920,266.58,400.00,1410,43
12356.2,100,49,45851,81920,342.78,400.00,1410,48
12366.22,100,49,45851,81920,339.43,400.00,1410,48
12376.25,100,60,45851,81920,289.69,400.00,1410,48
12386.28,100,50,45851,81920,249.39,400.00,1410,44
12396.31,100,54,45851,81920,240.83,400.00,1410,41
12406.34,100,54,45851,81920,357.40,400.00,1410,47
12416.37,100,50,45851,81920,327.64,400.00,1410,47
12426.4,100,50,45851,81920,314.04,400.00,1410,47
12436.43,100,50,45851,81920,301.63,400.00,1410,48
12446.46,100,53,45851,81920,234.06,400.00,1410,41
12456.49,100,54,45851,81920,319.37,400.00,1395,43
12466.52,100,36,45851,81920,319.30,400.00,1395,45
12476.55,100,49,45851,81920,285.60,400.00,1395,46
12486.58,100,50,45851,81920,334.48,400.00,1410,47
12496.61,47,26,45851,81920,256.10,400.00,1410,42
12506.63,100,58,45851,81920,262.89,400.00,1410,42
12516.67,100,45,45851,81920,365.44,400.00,1410,50
12526.7,100,50,45851,81920,342.51,400.00,1410,48
12536.72,100,51,45851,81920,323.05,400.00,1410,48
12546.75,100,54,45851,81920,268.24,400.00,1410,43
12556.78,100,57,45851,81920,253.45,400.00,1410,42
12566.81,100,58,45851,81920,462.51,400.00,1380,50
12576.84,96,48,45851,81920,360.12,400.00,1410,49
12586.87,96,47,45851,81920,354.47,400.00,1410,49
12596.9,100,51,45851,81920,253.16,400.00,1410,43
12606.92,100,49,45851,81920,213.35,400.00,1410,39
12616.95,100,50,45851,81920,369.63,400.00,1395,46
12626.99,100,50,45851,81920,313.27,400.00,1410,46
12637.01,100,50,45851,81920,282.82,400.00,1410,47
12647.04,100,51,45851,81920,256.39,400.00,1410,43
12657.07,100,54,45851,81920,244.52,400.00,1410,41
12667.1,100,63,45851,81920,365.58,400.00,1410,48
12677.13,100,51,45851,81920,316.21,400.00,1410,47
12687.16,100,51,45851,81920,267.71,400.00,1410,47
12697.18,100,49,45851,81920,250.98,400.00,1410,44
12707.22,100,54,45851,81920,234.04,400.00,1410,41
12717.24,100,56,45851,81920,327.73,400.00,1395,47
12727.3,98,73,45851,81920,236.25,400.00,1410,46
12737.33,100,54,45851,81920,305.71,400.00,1410,48
12747.36,100,52,45851,81920,298.21,400.00,1410,48
12757.39,100,57,45851,81920,268.67,400.00,1410,44
12767.42,100,60,45851,81920,273.26,400.00,1410,44
12777.45,100,44,45851,81920,386.26,400.00,1380,51
12787.48,96,47,45851,81920,359.28,400.00,1410,51
12797.51,98,65,45851,81920,319.44,400.00,1410,51
12807.54,100,53,45851,81920,248.86,400.00,1410,44
12817.57,100,58,45851,81920,252.10,400.00,1410,43
12827.59,100,44,45851,81920,378.59,400.00,1410,52
12837.62,100,50,45851,81920,291.04,400.00,1410,48
12847.66,100,67,45851,81920,369.10,400.00,1410,51
12857.68,100,53,45851,81920,241.67,400.00,1410,44
12867.71,100,52,45851,81920,232.73,400.00,1410,42
12877.74,100,44,45851,81920,357.93,400.00,1410,53
12887.77,96,48,45851,81920,362.64,400.00,1410,51
12897.8,98,71,45851,81920,295.52,400.00,1410,50
12907.83,100,53,45851,81920,254.75,400.00,1410,45
12917.86,100,57,45851,81920,268.67,400.00,1410,45
12927.89,100,49,45851,81920,322.29,400.00,1410,52
12937.92,98,75,45851,81920,371.51,400.00,1410,52
12947.94,98,80,45851,81920,319.81,400.00,1410,52
12957.97,100,52,45851,81920,258.29,400.00,1410,47
12968.0,100,54,45851,81920,241.08,400.00,1410,44
12978.03,100,50,45851,81920,373.00,400.00,1410,52
12988.06,100,50,45851,81920,342.04,400.00,1410,52
12998.09,100,50,45851,81920,297.97,400.00,1410,52
13008.12,100,51,45851,81920,254.80,400.00,1410,48
13018.15,100,52,45851,81920,233.79,400.00,1410,44
13028.17,100,49,45851,81920,357.11,400.00,1410,52
13038.2,100,49,45851,81920,271.26,400.00,1395,51
13048.23,100,66,45851,81920,384.06,400.00,1410,53
13058.26,100,51,45851,81920,256.18,400.00,1410,48
13068.29,100,57,45851,81920,261.46,400.00,1410,46
13078.32,100,54,45851,81920,365.97,400.00,1410,52
13088.35,99,50,45851,81920,369.00,400.00,1410,53
13098.38,98,78,45851,81920,330.91,400.00,1410,52
13108.41,100,50,45851,81920,319.28,400.00,1410,53
13118.44,100,54,45851,81920,242.96,400.00,1410,45
13128.46,100,55,45851,81920,331.10,400.00,1395,50
13138.5,100,51,45851,81920,323.42,400.00,1410,52
13148.53,100,50,45851,81920,325.46,400.00,1410,51
13158.55,100,50,45851,81920,333.62,400.00,1410,51
13168.58,100,44,45851,81920,91.05,400.00,1410,43
13178.61,74,36,45851,81920,348.16,400.00,1410,49
13188.64,100,53,45851,81920,238.14,400.00,1410,44
13198.67,100,57,45851,81920,253.38,400.00,1410,44
13208.7,100,45,45851,81920,390.40,400.00,1410,54
13218.73,96,48,45851,81920,352.17,400.00,1410,52
13228.76,98,82,45851,81920,382.17,400.00,1410,52
13238.79,100,53,45851,81920,252.34,400.00,1410,46
13248.82,100,52,45851,81920,231.09,400.00,1410,43
13258.85,100,36,45851,81920,335.79,400.00,1395,53
13268.88,100,50,45851,81920,271.48,400.00,1395,50
13278.92,96,48,45851,81920,356.23,400.00,1410,52
13288.95,57,30,45851,81920,249.93,400.00,1410,45
13298.98,100,49,45851,81920,214.84,400.00,1410,42
13309.0,100,52,45851,81920,343.59,400.00,1380,50
13319.04,100,48,45851,81920,280.90,400.00,1395,47
13329.07,100,51,45851,81920,322.16,400.00,1410,49
13339.1,100,52,45851,81920,257.23,400.00,1410,45
13349.13,100,55,45851,81920,240.27,400.00,1410,42
13359.16,100,54,45851,81920,345.88,400.00,1410,49
13369.19,100,48,45851,81920,307.51,400.00,1410,48
13379.21,100,50,45851,81920,339.97,400.00,1410,49
13389.24,23,0,45851,81920,87.51,400.00,1410,38
13399.27,100,55,45851,81920,240.54,400.00,1410,42
13409.3,100,50,45851,81920,363.46,400.00,1410,48
13419.33,98,78,45851,81920,354.06,400.00,1410,48
13429.35,100,66,45851,81920,337.00,400.00,1410,48
13439.38,100,51,45851,81920,298.23,400.00,1410,49
13449.41,100,54,45851,81920,250.69,400.00,1410,43
13459.44,100,58,45851,81920,258.27,400.00,1410,42
13469.47,100,45,45851,81920,382.87,400.00,1410,52
13479.5,100,65,45851,81920,325.86,400.00,1410,48
13489.53,100,50,45851,81920,338.09,400.00,1410,48
13499.56,100,50,45851,81920,211.18,400.00,1410,40
13509.59,100,45,45851,81920,213.39,400.00,1410,39
13519.62,100,36,45851,81920,371.08,400.00,1410,51
13529.65,100,49,45851,81920,348.70,400.00,1410,48
13539.67,100,54,45851,81920,283.56,400.00,1410,47
13549.7,100,54,45851,81920,253.46,400.00,1410,42
13559.73,100,60,45851,81920,259.87,400.00,1410,42
13569.76,100,36,45851,81920,417.57,400.00,1395,49
13579.79,100,51,45851,81920,344.78,400.00,1410,48
13589.82,100,51,45851,81920,329.90,400.00,1410,49
13599.85,100,52,45851,81920,248.62,400.00,1410,43
13609.88,100,44,45851,81920,213.84,400.00,1410,39
13619.91,100,56,45851,81920,365.44,400.00,1410,49
13629.93,100,49,45851,81920,336.07,400.00,1410,48
13639.97,98,72,45851,81920,325.99,400.00,1410,47
13650.0,100,52,45851,81920,258.43,400.00,1410,44
13660.02,99,57,45851,81920,258.36,400.00,1410,43
13670.05,100,61,45851,81920,375.80,400.00,1410,49
13680.08,96,47,45851,81920,367.03,400.00,1410,51
13690.11,100,49,45851,81920,365.15,400.00,1410,52
13700.15,99,48,45851,81920,234.32,400.00,1395,48
13710.18,100,54,45851,81920,252.04,400.00,1410,45
13720.21,39,22,45851,81920,89.27,400.00,1410,40
13730.24,100,36,45851,81920,372.33,400.00,1410,54
13740.27,98,78,45851,81920,299.74,400.00,1410,50
13750.3,98,78,45851,81920,273.71,400.00,1410,51
13760.32,100,49,45851,81920,254.81,400.00,1410,48
13770.35,100,53,45851,81920,332.02,400.00,1410,50
13780.38,96,55,45851,81920,328.84,400.00,1410,51
13790.41,100,54,45851,81920,258.81,400.00,1410,46
13800.44,100,58,45851,81920,273.89,400.00,1410,46
13810.47,99,49,45851,81920,370.92,400.00,1410,53
13820.5,100,50,45851,81920,361.36,400.00,1410,53
13830.53,100,50,45851,81920,336.75,400.00,1410,52
13840.56,100,51,45851,81920,261.54,400.00,1410,48
13850.59,100,53,45851,81920,238.38,400.00,1410,45
13860.62,100,53,45851,81920,348.17,400.00,1395,52
13870.64,100,50,45851,81920,318.30,400.00,1410,52
13880.67,100,50,45851,81920,333.76,400.00,1410,52
13890.7,100,50,45851,81920,290.18,400.00,1410,52
13900.73,100,52,45851,81920,222.24,400.00,1410,45
13910.76,100,54,45851,81920,354.58,400.00,1410,52
13920.79,96,48,45851,81920,367.15,400.00,1410,54
13930.85,100,49,45851,81920,369.10,400.00,1395,52
13940.88,100,52,45851,81920,234.88,400.00,1395,50
13950.91,100,52,45851,81920,239.73,400.00,1410,45
13960.94,100,55,45851,81920,347.48,400.00,1410,51
13970.97,100,49,45851,81920,288.49,400.00,1410,50
13981.0,100,49,45851,81920,253.76,400.00,1395,50
13991.04,100,49,45851,81920,369.10,400.00,1380,52
14001.07,100,56,45851,81920,269.59,400.00,1410,46
14011.09,100,56,45851,81920,246.45,400.00,1410,44
14021.12,100,44,45851,81920,378.56,400.00,1410,53
14031.15,100,51,45851,81920,336.36,400.00,1410,51
14041.18,100,50,45851,81920,296.03,400.00,1410,50
14051.21,100,52,45851,81920,250.51,400.00,1410,44
14061.24,100,58,45851,81920,263.95,400.00,1410,43
14071.27,100,54,45851,81920,316.50,400.00,1410,49
14081.3,100,51,45851,81920,308.70,400.00,1410,48
14091.33,100,51,45851,81920,341.45,400.00,1410,49
14101.36,100,51,45851,81920,250.22,400.00,1410,44
14111.39,100,54,45851,81920,233.55,400.00,1410,41
14121.42,100,55,45851,81920,352.47,400.00,1410,49
14131.45,96,49,45851,81920,354.88,400.00,1410,50
14141.48,100,50,45851,81920,270.65,400.00,1410,48
14151.5,100,50,45851,81920,252.63,400.00,1410,44
14161.53,100,55,45851,81920,248.82,400.00,1410,42
14171.56,100,56,45851,81920,364.91,400.00,1410,47
14181.59,100,50,45851,81920,347.75,400.00,1410,48
14191.62,96,55,45851,81920,366.19,400.00,1410,50
14201.65,57,37,45851,81920,242.96,400.00,1410,45
14211.68,23,13,45851,81920,246.93,400.00,1410,41
14221.71,100,55,45851,81920,343.19,400.00,1410,46
14231.73,100,56,45851,81920,331.20,400.00,1410,47
14241.77,100,50,45851,81920,289.84,400.00,1410,47
14251.8,96,48,45851,81920,352.59,400.00,1410,49
14261.82,100,55,45851,81920,253.10,400.00,1410,42
14271.85,100,57,45851,81920,251.57,400.00,1410,41
14281.88,100,36,45851,81920,383.15,400.00,1410,52
14291.91,96,48,45851,81920,366.01,400.00,1410,50
14301.94,100,48,45851,81920,368.17,400.00,1410,46
14311.97,100,54,45851,81920,242.39,400.00,1410,42
14321.99,100,56,45851,81920,241.61,400.00,1410,41
14332.02,100,44,45851,81920,382.95,400.00,1410,51
14342.05,63,31,45851,81920,356.34,400.00,1410,48
14352.08,98,79,45851,81920,336.46,400.00,1410,47
14362.11,100,54,45851,81920,253.16,400.00,1410,42
14372.14,100,55,45851,81920,245.63,400.00,1410,41
14382.17,100,36,45851,81920,350.41,400.00,1350,49
14392.21,98,78,45851,81920,341.26,400.00,1410,48
14402.23,100,50,45851,81920,315.59,400.00,1410,48
14412.26,100,54,45851,81920,257.76,400.00,1410,43
14422.29,100,57,45851,81920,259.64,400.00,1410,42
14432.32,100,55,45851,81920,350.01,400.00,1410,49
14442.35,100,50,45851,81920,292.30,400.00,1410,49
14452.37,100,49,45851,81920,322.10,400.00,1410,49
14462.4,100,51,45851,81920,233.00,400.00,1410,43
14472.48,100,54,45851,81920,239.69,400.00,1410,41
14482.51,100,55,45851,81920,380.71,400.00,1410,50
14492.54,100,51,45851,81920,299.58,400.00,1410,49
14502.57,100,51,45851,81920,337.29,400.00,1410,50
14512.59,100,52,45851,81920,258.21,400.00,1410,46
14522.62,100,60,45851,81920,279.71,400.00,1410,46
14532.65,78,45,45851,81920,340.87,400.00,1395,47
14542.68,100,45,45851,81920,460.35,400.00,1320,55
14552.71,100,51,45851,81920,315.23,400.00,1410,53
14562.74,96,48,45851,81920,343.06,400.00,1410,54
14572.77,100,54,45851,81920,253.16,400.00,1410,46
14582.8,100,54,45851,81920,233.55,400.00,1410,44
14592.83,100,44,45851,81920,347.89,400.00,1395,53
14602.86,100,51,45851,81920,330.96,400.00,1410,52
14612.88,100,51,45851,81920,311.83,400.00,1410,52
14622.91,100,53,45851,81920,91.26,400.00,1410,44
14632.94,100,53,45851,81920,237.84,400.00,1410,44
14642.97,100,44,45851,81920,388.58,400.00,1410,55
14653.0,100,50,45851,81920,312.45,400.00,1410,52
14663.03,100,50,45851,81920,316.42,400.00,1410,53
14673.07,100,52,45851,81920,255.10,400.00,1410,47
14683.09,100,49,45851,81920,211.71,400.00,1410,43
14693.12,100,37,45851,81920,386.10,400.00,1410,54
14703.15,100,50,45851,81920,290.67,400.00,1410,52
14713.18,98,71,45851,81920,286.73,400.00,1410,52
14723.21,100,52,45851,81920,238.09,400.00,1410,46
14733.24,100,44,45851,81920,217.93,400.00,1410,43
14743.27,100,44,45851,81920,376.71,400.00,1410,55
14753.3,99,61,45851,81920,295.50,400.00,1410,51
14763.33,100,50,45851,81920,308.88,400.00,1410,52
14773.36,100,53,45851,81920,238.88,400.00,1410,46
14783.39,100,44,45851,81920,214.12,400.00,1410,43
14793.41,100,45,45851,81920,388.14,400.00,1410,55
14803.44,100,51,45851,81920,311.64,400.00,1410,52
14813.47,100,51,45851,81920,336.57,400.00,1410,51
14823.5,100,54,45851,81920,252.87,400.00,1410,45
14833.53,100,55,45851,81920,243.25,400.00,1410,43
14843.55,100,44,45851,81920,377.06,400.00,1410,52
14853.59,100,50,45851,81920,333.91,400.00,1410,48
14863.61,96,47,45851,81920,371.65,400.00,1410,51
14873.64,100,52,45851,81920,253.40,400.00,1410,44
14883.67,100,58,45851,81920,255.81,400.00,1410,43
14893.71,100,55,45851,81920,341.84,400.00,1410,49
14903.73,100,57,45851,81920,341.29,400.00,1395,49
14913.76,100,50,45851,81920,303.46,400.00,1410,48
14923.79,100,50,45851,81920,252.84,400.00,1410,45
14933.82,100,55,45851,81920,246.40,400.00,1410,42
14943.84,100,49,45851,81920,330.82,400.00,1410,48
14953.87,100,50,45851,81920,277.58,400.00,1395,47
14963.9,98,80,45851,81920,298.93,400.00,1410,48
14973.93,100,51,45851,81920,327.43,400.00,1410,48
14983.96,100,54,45851,81920,243.74,400.00,1410,42
14993.99,100,49,45851,81920,319.84,400.00,1410,46
15004.02,100,36,45851,81920,372.57,400.00,1380,53
15014.05,100,50,45851,81920,324.70,400.00,1410,48
15024.07,100,51,45851,81920,312.98,400.00,1410,48
15034.1,100,49,45851,81920,209.33,400.00,1410,41
15044.13,100,45,45851,81920,213.06,400.00,1410,39
15054.16,100,37,45851,81920,357.70,400.00,1410,50
15064.19,100,51,45851,81920,324.73,400.00,1410,47
15074.22,100,50,45851,81920,198.51,400.00,1410,47
15084.25,100,52,45851,81920,239.98,400.00,1410,42
15094.28,100,55,45851,81920,237.84,400.00,1410,40
15104.31,100,44,45851,81920,364.97,400.00,1395,50
15114.33,100,48,45851,81920,304.40,400.00,1410,47
15124.36,100,50,45851,81920,329.17,400.00,1410,48
15134.39,100,54,45851,81920,263.92,400.00,1410,43
15144.42,100,59,45851,81920,266.65,400.00,1410,43
15154.45,100,55,45851,81920,332.41,400.00,1410,49
15164.48,98,78,45851,81920,319.90,400.00,1410,49
15174.51,96,47,45851,81920,351.94,400.00,1410,49
15184.54,58,37,45851,81920,254.52,400.00,1410,45
15194.57,100,51,45851,81920,216.86,400.00,1410,40
15204.59,100,55,45851,81920,352.05,400.00,1410,47
15214.62,100,50,45851,81920,277.66,400.00,1410,47
15224.66,100,50,45851,81920,284.58,400.00,1410,47
15234.69,100,51,45851,81920,320.66,400.00,1410,48
15244.71,100,55,45851,81920,251.80,400.00,1410,42
15254.74,51,31,45851,81920,88.36,400.00,1410,39
15264.77,100,45,45851,81920,396.61,400.00,1365,50
15274.8,96,48,45851,81920,376.77,400.00,1380,51
15284.83,100,51,45851,81920,306.46,400.00,1410,49
15294.86,100,53,45851,81920,239.72,400.00,1410,43
15304.89,100,52,45851,81920,227.60,400.00,1410,41
15314.92,100,45,45851,81920,361.18,400.00,1410,52
15324.95,100,50,45851,81920,335.40,400.00,1395,49
15335.0,98,79,45851,81920,300.34,400.00,1410,50
15345.03,82,44,45851,81920,243.46,400.00,1410,45
15355.06,100,52,45851,81920,234.35,400.00,1410,43
15365.09,100,45,45851,81920,370.26,400.00,1410,54
15375.12,100,51,45851,81920,308.06,400.00,1410,51
15385.15,100,51,45851,81920,307.24,400.00,1410,51
15395.17,100,52,45851,81920,253.99,400.00,1410,46
15405.2,100,50,45851,81920,217.94,400.00,1410,42
15415.23,100,37,45851,81920,388.87,400.00,1410,54
15425.26,98,68,45851,81920,306.99,400.00,1410,51
15435.29,100,50,45851,81920,321.54,400.00,1410,51
15445.32,100,53,45851,81920,254.74,400.00,1410,47
15455.34,100,49,45851,81920,217.66,400.00,1410,43
15465.37,100,44,45851,81920,369.48,400.00,1410,54
15475.4,98,78,45851,81920,306.18,400.00,1410,51
15485.43,100,50,45851,81920,289.50,400.00,1410,51
15495.46,100,53,45851,81920,249.20,400.00,1410,47
15505.49,100,57,45851,81920,253.69,400.00,1410,46
15515.52,100,54,45851,81920,353.35,400.00,1410,53
15525.55,100,50,45851,81920,307.18,400.00,1410,53
15535.57,100,51,45851,81920,353.41,400.00,1410,53
15545.6,100,53,45851,81920,261.29,400.00,1410,48
15555.63,100,52,45851,81920,228.15,400.00,1410,44
15565.66,100,55,45851,81920,316.05,400.00,1395,53
15575.69,100,50,45851,81920,340.17,400.00,1410,52
15585.72,96,47,45851,81920,253.99,400.00,1410,53
15595.75,100,52,45851,81920,258.60,400.00,1410,47
15605.78,100,55,45851,81920,248.86,400.00,1410,45
15615.81,100,54,45851,81920,355.71,400.00,1410,52
15625.84,100,49,45851,81920,316.66,400.00,1410,51
15635.86,100,50,45851,81920,291.77,400.00,1410,49
15645.89,100,51,45851,81920,261.54,400.00,1410,46
15655.92,92,52,45851,81920,262.28,400.00,1410,43
15665.95,100,55,45851,81920,352.47,400.00,1410,49
15675.98,100,51,45851,81920,323.51,400.00,1410,49
15686.01,100,50,45851,81920,362.24,400.00,1410,50
15696.03,100,49,45851,81920,351.00,400.00,1410,49
15706.1,100,56,45851,81920,257.38,400.00,1410,43
15716.13,100,56,45851,81920,238.91,400.00,1410,41
15726.16,100,46,45851,81920,372.76,400.00,1410,52
15736.19,98,77,45851,81920,304.58,400.00,1410,49
15746.22,100,49,45851,81920,314.90,400.00,1410,49
15756.24,100,52,45851,81920,228.98,400.00,1410,42
15766.27,100,51,45851,81920,222.24,400.00,1410,40
15776.3,100,45,45851,81920,368.74,400.00,1395,51
15786.33,96,47,45851,81920,282.30,400.00,1410,50
15796.37,100,50,45851,81920,301.16,400.00,1410,48
15806.39,100,53,45851,81920,240.76,400.00,1410,42
15816.42,100,52,45851,81920,221.43,400.00,1410,40
15826.45,100,45,45851,81920,360.32,400.00,1410,52
15836.48,100,50,45851,81920,299.28,400.00,1410,48
15846.51,100,50,45851,81920,364.28,400.00,1410,49
15856.54,100,54,45851,81920,241.93,400.00,1410,42
15866.58,100,52,45851,81920,222.49,400.00,1410,40
15876.61,100,45,45851,81920,375.07,400.00,1410,51
15886.63,98,78,45851,81920,324.26,400.00,1410,47
15896.66,100,51,45851,81920,327.00,400.00,1410,48
15906.69,100,53,45851,81920,254.28,400.00,1410,43
15916.72,100,54,45851,81920,237.06,400.00,1410,41
15926.75,100,44,45851,81920,374.63,400.00,1410,50
15936.78,96,47,45851,81920,353.93,400.00,1410,49
15946.81,100,49,45851,81920,363.48,400.00,1380,49
15956.84,100,52,45851,81920,257.52,400.00,1410,42
15966.87,100,54,45851,81920,239.19,400.00,1410,40
15976.9,100,49,45851,81920,464.65,400.00,1395,47
15986.93,100,49,45851,81920,357.11,400.00,1410,48
15996.95,96,47,45851,81920,316.82,400.00,1395,47
16006.98,100,49,45851,81920,256.17,400.00,1410,44
16017.01,100,52,45851,81920,226.51,400.00,1410,40
16027.04,100,55,45851,81920,354.99,400.00,1410,48
16037.07,100,50,45851,81920,319.97,400.00,1410,47
16047.1,100,49,45851,81920,359.70,400.00,1410,48
16057.13,59,36,45851,81920,255.28,400.00,1410,45
16067.15,100,53,45851,81920,233.80,400.00,1410,41
16077.18,99,54,45851,81920,341.03,400.00,1410,48
16087.21,100,51,45851,81920,317.48,400.00,1410,48
16097.24,100,51,45851,81920,304.93,400.00,1410,47
16107.27,100,51,45851,81920,296.03,400.00,1410,48
16117.3,100,54,45851,81920,238.39,400.00,1410,42
16127.33,43,23,45851,81920,87.09,400.00,1410,37
16137.36,100,45,45851,81920,375.89,400.00,1410,52
16147.39,100,50,45851,81920,344.11,400.00,1410,49
16157.41,96,48,45851,81920,349.60,400.00,1410,49
16167.45,100,56,45851,81920,267.93,400.00,1410,45
16177.48,100,58,45851,81920,269.84,400.00,1410,45
16187.51,100,49,45851,81920,455.78,400.00,1395,53
16197.53,100,52,45851,81920,413.31,400.00,1410,51
16207.56,100,49,45851,81920,325.02,400.00,1410,51
16217.59,100,53,45851,81920,267.11,400.00,1410,47
16227.62,100,52,45851,81920,320.35,400.00,1410,51
16237.65,98,68,45851,81920,335.11,400.00,1410,51
16247.68,100,51,45851,81920,253.69,400.00,1410,47
16257.71,100,55,45851,81920,240.54,400.00,1410,45
16267.74,99,54,45851,81920,324.73,400.00,1395,52
16277.77,98,79,45851,81920,307.06,400.00,1410,51
16287.8,100,50,45851,81920,334.29,400.00,1410,51
16297.82,100,50,45851,81920,263.42,400.00,1410,48
16307.86,100,57,45851,81920,261.46,400.00,1410,47
16317.89,100,55,45851,81920,341.16,400.00,1410,51
16327.91,100,50,45851,81920,341.45,400.00,1410,52
16337.94,100,50,45851,81920,307.17,400.00,1410,52
16347.97,100,51,45851,81920,322.31,400.00,1410,53
16358.0,100,53,45851,81920,238.70,400.00,1410,46
16368.03,31,15,45851,81920,349.89,400.00,1410,49
16378.06,100,44,45851,81920,358.24,400.00,1410,56
16388.08,98,78,45851,81920,295.16,400.00,1410,53
16398.11,98,77,45851,81920,293.80,400.00,1410,52
16408.14,100,53,45851,81920,249.93,400.00,1410,47
16418.17,100,50,45851,81920,218.71,400.00,1410,44
16428.2,100,42,45851,81920,364.12,400.00,1395,55
16438.23,100,50,45851,81920,302.16,400.00,1410,51
16448.26,100,50,45851,81920,359.58,400.00,1410,52
16458.29,100,53,45851,81920,254.28,400.00,1410,46
16468.32,100,57,45851,81920,262.65,400.00,1410,45
16478.35,100,44,45851,81920,377.59,400.00,1410,53
16488.38,100,51,45851,81920,308.88,400.00,1410,50
16498.4,98,75,45851,81920,294.52,400.00,1410,49
16508.43,100,52,45851,81920,255.64,400.00,1410,44
16518.46,100,49,45851,81920,211.75,400.00,1410,40
16528.5,100,51,45851,81920,353.12,400.00,1410,50
16538.52,100,50,45851,81920,334.05,400.00,1410,48
16548.55,96,47,45851,81920,344.48,400.00,1410,49
16558.58,62,33,45851,81920,249.11,400.00,1410,43
16568.61,100,59,45851,81920,258.74,400.00,1410,43
16578.63,100,49,45851,81920,307.10,400.00,1395,48
16588.66,98,78,45851,81920,295.47,400.00,1410,48
16598.69,100,51,45851,81920,321.33,400.00,1410,49
16608.72,100,50,45851,81920,337.29,400.00,1410,49
16618.75,100,54,45851,81920,247.27,400.00,1410,42
16628.78,53,26,45851,81920,344.01,400.00,1410,43
16638.8,82,38,45851,81920,90.47,400.00,1410,44
16648.83,100,49,45851,81920,252.40,400.00,1395,46
16658.86,100,50,45851,81920,300.34,400.00,1410,48
16668.89,100,44,45851,81920,210.89,400.00,1410,40
16678.92,99,48,45851,81920,375.41,400.00,1410,50
16688.95,96,48,45851,81920,345.04,400.00,1410,47
16698.97,100,48,45851,81920,211.13,400.00,1410,40
16709.0,100,44,45851,81920,431.75,400.00,1410,50
16719.03,100,52,45851,81920,208.22,400.00,1410,47
16729.06,100,53,45851,81920,258.59,400.00,1410,43
16739.09,100,58,45851,81920,267.82,400.00,1410,42
16749.11,100,49,45851,81920,354.70,400.00,1410,48
16759.15,100,50,45851,81920,348.17,400.00,1410,49
16769.18,100,59,45851,81920,371.12,400.00,1410,50
16779.21,100,51,45851,81920,244.28,400.00,1410,43
16789.24,100,57,45851,81920,256.63,400.00,1410,42
16799.27,100,50,45851,81920,348.95,400.00,1410,48
16809.29,98,77,45851,81920,280.58,400.00,1410,48
16819.32,98,79,45851,81920,338.45,400.00,1410,48
16829.35,100,50,45851,81920,253.16,400.00,1410,44
16839.38,100,53,45851,81920,235.67,400.00,1410,41
16849.41,100,55,45851,81920,355.52,400.00,1410,48
16859.44,99,62,45851,81920,342.24,400.00,1410,47
16869.47,100,50,45851,81920,315.89,400.00,1410,48
16879.5,100,50,45851,81920,302.86,400.00,1410,48
16889.53,100,54,45851,81920,245.38,400.00,1410,42
16899.55,100,55,45851,81920,349.11,400.00,1410,46
16909.59,65,32,45851,81920,349.07,400.00,1410,48
16919.61,100,50,45851,81920,338.74,400.00,1395,50
16929.64,98,78,45851,81920,290.08,400.00,1410,48
16939.67,100,51,45851,81920,214.66,400.00,1410,41
16949.7,93,47,45851,81920,86.02,400.00,1410,36
16959.73,100,37,45851,81920,393.64,400.00,1410,52
16969.76,100,51,45851,81920,337.39,400.00,1410,49
16979.79,100,50,45851,81920,362.24,400.00,1410,50
16989.82,100,51,45851,81920,225.19,400.00,1410,43
16999.84,100,44,45851,81920,377.15,400.00,1410,52
17009.87,100,51,45851,81920,335.97,400.00,1410,50
17019.9,45,23,45851,81920,262.04,400.00,1410,46
17029.93,100,52,45851,81920,225.73,400.00,1410,43
17039.96,100,55,45851,81920,343.72,400.00,1410,51
17049.99,100,49,45851,81920,308.98,400.00,1395,50
17060.02,100,50,45851,81920,321.25,400.00,1410,51
17070.05,100,52,45851,81920,256.40,400.00,1410,47
17080.08,100,55,45851,81920,249.63,400.00,1410,45
17090.11,100,55,45851,81920,375.65,400.00,1410,52
17100.14,96,48,45851,81920,363.17,400.00,1410,53
17110.16,100,50,45851,81920,327.91,400.00,1410,52
17120.19,100,51,45851,81920,261.29,400.00,1410,48
17130.22,100,54,45851,81920,241.33,400.00,1410,45
17140.25,100,51,45851,81920,325.02,400.00,1410,51
17150.28,100,50,45851,81920,293.47,400.00,1410,52
17160.31,100,50,45851,81920,344.53,400.00,1410,52
17170.34,79,40,45851,81920,92.76,400.00,1410,45
17180.37,100,55,45851,81920,245.42,400.00,1410,45
17190.4,100,52,45851,81920,301.75,400.00,1380,50
17200.43,98,74,45851,81920,344.91,400.00,1410,53
17210.45,100,50,45851,81920,292.74,400.00,1410,52
17220.48,100,51,45851,81920,324.49,400.00,1410,53
17230.51,100,54,45851,81920,262.95,400.00,1410,47
17240.54,100,60,45851,81920,269.78,400.00,1410,47
17250.57,100,45,45851,81920,312.12,400.00,1410,55
17260.6,100,50,45851,81920,299.99,400.00,1410,51
17270.63,96,48,45851,81920,356.77,400.00,1410,52
17280.66,99,53,45851,81920,236.79,400.00,1410,44
17290.69,100,56,45851,81920,246.30,400.00,1410,43
17300.71,100,40,45851,81920,375.41,400.00,1410,53
17310.74,100,51,45851,81920,343.70,400.00,1410,49
17320.77,100,51,45851,81920,210.36,400.00,1410,48
17330.8,100,52,45851,81920,234.60,400.00,1410,43
17340.83,100,52,45851,81920,224.94,400.00,1410,40
17350.86,100,45,45851,81920,369.24,400.00,1410,52
17360.88,100,51,45851,81920,288.58,400.00,1410,48
17370.91,100,51,45851,81920,340.34,400.00,1410,48
17380.94,100,54,45851,81920,254.75,400.00,1410,43
17390.97,100,50,45851,81920,212.61,400.00,1410,40
17401.0,100,45,45851,81920,352.47,400.00,1395,50
17411.03,100,50,45851,81920,353.53,400.00,1410,49
17421.06,100,51,45851,81920,293.32,400.00,1410,48
17431.09,100,53,45851,81920,255.80,400.00,1410,43
17441.11,100,56,45851,81920,248.33,400.00,1410,41
17451.14,99,54,45851,81920,388.87,400.00,1410,50
17461.17,98,67,45851,81920,359.82,400.00,1410,49
17471.2,98,70,45851,81920,285.73,400.00,1410,48
17481.23,100,51,45851,81920,254.45,400.00,1410,44
17491.25,100,44,45851,81920,210.11,400.00,1410,39
17501.28,100,55,45851,81920,360.44,400.00,1410,48
17511.31,100,50,45851,81920,328.11,400.00,1410,47
17521.34,100,50,45851,81920,287.91,400.00,1410,47
17531.37,100,51,45851,81920,249.15,400.00,1410,42
17541.4,100,47,45851,81920,322.67,400.00,1410,46
17551.43,100,53,45851,81920,246.57,400.00,1410,42
17561.46,100,55,45851,81920,243.98,400.00,1410,41
17571.49,100,45,45851,81920,363.98,400.00,1410,50
17581.52,100,53,45851,81920,312.89,400.00,1410,47
17591.54,100,50,45851,81920,293.51,400.00,1410,47
17601.57,100,44,45851,81920,211.99,400.00,1410,41
17611.6,100,49,45851,81920,248.82,400.00,1410,43
17621.63,100,54,45851,81920,235.15,400.00,1410,40
17631.66,100,49,45851,81920,348.82,400.00,1410,47
17641.69,100,52,45851,81920,276.10,400.00,1395,44
17651.79,96,79,45851,81920,317.64,400.00,1410,47
17661.82,98,79,45851,81920,314.94,400.00,1410,47
17671.85,100,44,45851,81920,210.36,400.00,1410,39
17681.89,100,51,45851,81920,350.58,400.00,1410,45
17691.91,98,78,45851,81920,315.14,400.00,1410,47
17701.94,100,50,45851,81920,331.92,400.00,1410,47
17711.97,100,50,45851,81920,359.38,400.00,1410,49
17722.0,100,53,45851,81920,232.44,400.00,1410,41
17732.03,100,49,45851,81920,344.01,400.00,1410,44
17742.05,100,36,45851,81920,360.86,400.00,1410,52
17752.08,100,50,45851,81920,363.03,400.00,1410,50
17762.11,100,51,45851,81920,323.95,400.00,1410,48
17772.14,100,52,45851,81920,244.07,400.00,1410,43
17782.17,100,50,45851,81920,215.20,400.00,1410,40
17792.2,100,45,45851,81920,380.00,400.00,1410,52
17802.23,100,51,45851,81920,371.05,400.00,1410,51
17812.26,100,49,45851,81920,226.80,400.00,1395,48
17822.29,100,53,45851,81920,254.45,400.00,1410,45
17832.32,100,57,45851,81920,262.89,400.00,1410,45
17842.35,100,49,45851,81920,368.38,400.00,1410,52
17852.37,96,47,45851,81920,379.18,400.00,1410,53
17862.41,100,50,45851,81920,285.00,400.00,1410,52
17872.44,100,52,45851,81920,262.07,400.00,1410,48
17882.47,100,54,45851,81920,247.27,400.00,1410,45
17892.49,100,49,45851,81920,372.42,400.00,1395,51
17902.52,96,47,45851,81920,356.00,400.00,1410,53
17912.55,100,49,45851,81920,362.92,400.00,1410,53
17922.58,67,41,45851,81920,253.32,400.00,1410,49
17932.62,100,54,45851,81920,253.40,400.00,1410,46
17942.64,100,50,45851,81920,346.00,400.00,1410,51
17952.67,52,27,45851,81920,364.12,400.00,1410,54
17962.7,98,79,45851,81920,337.68,400.00,1410,52
17972.73,100,49,45851,81920,357.41,400.00,1410,54
17982.75,100,52,45851,81920,231.92,400.00,1410,46
17992.78,92,45,45851,81920,355.82,400.00,1410,49
18002.81,100,45,45851,81920,384.83,400.00,1410,56
18012.84,100,51,45851,81920,343.99,400.00,1410,53
18022.87,96,47,45851,81920,375.67,400.00,1410,54
18032.9,100,52,45851,81920,245.38,400.00,1410,47
18042.92,100,53,45851,81920,237.53,400.00,1410,45
18052.95,100,36,45851,81920,389.20,400.00,1365,54
18062.98,98,63,45851,81920,263.18,400.00,1410,51
18073.01,98,79,45851,81920,300.81,400.00,1410,51
18083.04,74,40,45851,81920,246.49,400.00,1410,45
18093.07,100,57,45851,81920,260.78,400.00,1410,44
18103.09,100,36,45851,81920,393.71,400.00,1410,54
18113.12,100,51,45851,81920,297.76,400.00,1410,50
18123.15,100,50,45851,81920,359.49,400.00,1410,52
18133.18,100,53,45851,81920,254.23,400.00,1410,45
18143.21,100,51,45851,81920,220.06,400.00,1410,41
18153.24,100,45,45851,81920,385.65,400.00,1410,52
18163.27,100,50,45851,81920,318.92,400.00,1410,48
18173.3,100,62,45851,81920,289.55,400.00,1410,49
18183.33,100,54,45851,81920,263.18,400.00,1410,44
18193.35,100,57,45851,81920,262.27,400.00,1410,43
18203.38,100,49,45851,81920,360.86,400.00,1410,49
18213.41,100,51,45851,81920,305.82,400.00,1410,49
18223.44,96,48,45851,81920,370.59,400.00,1350,51
18233.47,64,40,45851,81920,246.73,400.00,1410,46
18243.53,100,53,45851,81920,239.69,400.00,1410,42
18253.56,100,55,45851,81920,358.98,400.00,1365,49
18263.59,100,52,45851,81920,315.52,400.00,1410,48
18273.62,100,51,45851,81920,347.77,400.00,1410,49
18283.65,100,51,45851,81920,328.27,400.00,1410,48
18293.67,100,51,45851,81920,225.48,400.00,1410,40
18303.7,100,49,45851,81920,352.99,400.00,1395,47
18313.73,100,51,45851,81920,323.73,400.00,1410,48
18323.76,100,50,45851,81920,351.64,400.00,1410,48
18333.79,100,50,45851,81920,369.14,400.00,1410,49
18343.82,100,54,45851,81920,241.61,400.00,1410,42
18353.85,93,46,45851,81920,465.71,400.00,1380,44
18363.88,100,45,45851,81920,122.01,400.00,1395,47
18373.91,100,49,45851,81920,340.49,400.00,1410,47
18383.94,100,50,45851,81920,299.11,400.00,1380,49
18393.97,80,44,45851,81920,255.28,400.00,1410,41
18404.0,100,52,45851,81920,220.60,400.00,1410,39
18414.03,100,45,45851,81920,440.30,400.00,1410,51
18424.06,100,49,45851,81920,253.39,400.00,1410,48
18434.08,98,78,45851,81920,323.07,400.00,1410,49
18444.12,100,53,45851,81920,247.22,400.00,1410,42
18454.15,100,52,45851,81920,219.80,400.00,1410,40
18464.18,100,41,45851,81920,387.45,400.00,1395,49
18474.2,100,56,45851,81920,299.05,400.00,1410,47
18484.23,100,51,45851,81920,335.94,400.00,1410,48
18494.26,100,53,45851,81920,252.10,400.00,1410,43
18504.29,100,44,45851,81920,214.16,400.00,1410,39
18514.32,100,51,45851,81920,343.59,400.00,1410,48
18524.35,100,51,45851,81920,301.52,400.00,1410,48
18534.37,96,48,45851,81920,356.48,400.00,1410,48
18544.4,100,51,45851,81920,231.91,400.00,1410,42
18554.43,100,44,45851,81920,136.31,400.00,1410,37
18564.46,100,51,45851,81920,324.79,400.00,1410,48
18574.48,100,60,45851,81920,298.76,400.00,1410,47
18584.51,100,44,45851,81920,214.95,400.00,1410,41
18594.55,100,44,45851,81920,214.41,400.00,1410,40
18604.57,100,45,45851,81920,354.88,400.00,1395,52
18614.6,98,63,45851,81920,332.60,400.00,1410,49
18624.63,100,50,45851,81920,311.10,400.00,1410,50
18634.66,100,52,45851,81920,241.04,400.00,1410,44
18644.69,100,50,45851,81920,213.84,400.00,1410,42
18654.72,100,45,45851,81920,409.22,400.00,1320,53
18664.74,94,47,45851,81920,364.91,400.00,1410,52
18674.77,96,48,45851,81920,360.09,400.00,1380,54
18684.8,100,51,45851,81920,226.56,400.00,1410,45
18694.83,100,44,45851,81920,215.23,400.00,1410,42
18704.86,100,44,45851,81920,387.68,400.00,1365,54
18714.89,100,48,45851,81920,308.88,400.00,1410,51
18724.92,100,49,45851,81920,278.10,400.00,1410,50
18734.94,100,50,45851,81920,259.41,400.00,1410,48
18744.97,100,53,45851,81920,235.69,400.00,1410,45
18755.0,100,54,45851,81920,363.98,400.00,1410,52
18765.03,98,66,45851,81920,335.40,400.00,1410,52
18775.07,98,69,45851,81920,346.40,400.00,1410,52
18785.09,100,50,45851,81920,353.94,400.00,1410,53
18795.12,100,44,45851,81920,214.20,400.00,1410,44
18805.15,100,52,45851,81920,352.22,400.00,1410,52
18815.18,95,49,45851,81920,359.48,400.00,1410,52
18825.21,100,51,45851,81920,230.04,400.00,1410,45
18835.24,100,50,45851,81920,95.82,400.00,1410,42
18845.26,100,36,45851,81920,374.50,400.00,1395,55
18855.29,100,50,45851,81920,308.06,400.00,1410,52
18865.32,100,51,45851,81920,348.70,400.00,1410,53
18875.35,100,54,45851,81920,246.49,400.00,1410,46
18885.38,100,56,45851,81920,247.56,400.00,1410,44
18895.41,100,44,45851,81920,371.12,400.00,1410,54
18905.44,100,51,45851,81920,303.29,400.00,1410,50
18915.47,100,50,45851,81920,327.21,400.00,1410,50
18925.5,100,52,45851,81920,250.56,400.00,1410,45
18935.53,100,54,45851,81920,237.83,400.00,1410,42
18945.55,100,48,45851,81920,370.88,400.00,1410,50
18955.58,98,80,45851,81920,305.29,400.00,1410,49
18965.61,100,50,45851,81920,346.41,400.00,1410,49
18975.64,100,52,45851,81920,254.99,400.00,1410,44
18985.66,100,55,45851,81920,248.04,400.00,1410,42
18995.69,100,51,45851,81920,357.41,400.00,1410,49
19005.72,100,56,45851,81920,282.70,400.00,1410,48
19015.75,100,66,45851,81920,345.22,400.00,1410,49
19025.78,100,50,45851,81920,256.10,400.00,1410,44
19035.81,100,53,45851,81920,240.54,400.00,1410,42
19045.84,100,48,45851,81920,345.88,400.00,1410,48
19056.26,100,49,45851,81920,360.76,400.00,1410,49
19066.29,100,61,45851,81920,423.83,400.00,1380,47
19076.32,100,48,45851,81920,347.23,400.00,1410,48
19086.35,100,49,45851,81920,214.66,400.00,1410,40
19096.38,100,52,45851,81920,318.55,400.00,1410,46
19106.41,100,59,45851,81920,283.80,400.00,1410,48
19116.44,100,50,45851,81920,303.58,400.00,1410,48
19126.47,100,50,45851,81920,345.48,400.00,1410,48
19136.5,100,53,45851,81920,239.98,400.00,1410,42
19146.52,100,55,45851,81920,236.79,400.00,1410,40
19156.55,100,46,45851,81920,390.48,400.00,1395,51
19166.58,100,50,45851,81920,300.64,400.00,1410,48
19176.61,96,48,45851,81920,274.72,400.00,1410,48
19186.64,100,55,45851,81920,258.59,400.00,1410,43
19196.67,100,59,45851,81920,254.05,400.00,1410,42
19206.7,100,45,45851,81920,381.35,400.00,1395,50
19216.73,100,51,45851,81920,321.25,400.00,1410,48
19226.76,100,50,45851,81920,333.52,400.00,1410,48
19236.78,100,53,45851,81920,242.68,400.00,1410,43
19246.81,100,52,45851,81920,231.37,400.00,1410,40
19256.84,100,44,45851,81920,388.87,400.00,1380,51
19266.88,96,48,45851,81920,359.99,400.00,1410,50
19276.91,100,56,45851,81920,326.76,400.00,1410,48
19286.93,100,53,45851,81920,248.91,400.00,1410,43
19296.96,100,49,45851,81920,211.67,400.00,1410,39
19306.99,100,40,45851,81920,378.12,400.00,1410,51
19317.05,100,50,45851,81920,314.08,400.00,1410,48
19327.08,99,61,45851,81920,323.67,400.00,1410,47
19337.11,100,52,45851,81920,242.13,400.00,1410,42
19347.14,100,53,45851,81920,317.27,400.00,1395,48
19357.17,100,50,45851,81920,319.97,400.00,1410,46
19367.2,100,53,45851,81920,241.08,400.00,1410,42
19377.23,100,44,45851,81920,214.41,400.00,1410,39
19387.25,100,41,45851,81920,376.95,400.00,1410,51
19397.28,95,48,45851,81920,368.38,400.00,1410,49
19407.31,100,50,45851,81920,318.09,400.00,1410,48
19417.34,100,53,45851,81920,261.22,400.00,1410,44
19427.37,100,58,45851,81920,266.05,400.00,1410,44
19437.4,100,55,45851,81920,336.07,400.00,1410,50
19447.43,98,78,45851,81920,338.09,400.00,1410,50
19457.46,98,79,45851,81920,385.44,400.00,1410,51
19467.48,72,42,45851,81920,251.47,400.00,1410,48
19477.51,100,52,45851,81920,229.75,400.00,1410,44
19487.55,100,54,45851,81920,343.72,400.00,1410,51
19497.58,96,48,45851,81920,283.18,400.00,1395,50
19507.61,100,63,45851,81920,324.58,400.00,1410,51
19517.64,100,51,45851,81920,318.92,400.00,1410,51
19527.67,100,53,45851,81920,241.85,400.00,1410,45
19537.72,100,55,45851,81920,354.99,400.00,1410,52
19547.79,100,49,45851,81920,339.56,400.00,1410,52
19557.82,100,50,45851,81920,316.95,400.00,1410,52
19567.86,100,51,45851,81920,316.95,400.00,1410,52
19577.88,100,51,45851,81920,216.30,400.00,1410,45
19587.91,100,55,45851,81920,348.70,400.00,1410,49
19597.94,39,26,45851,81920,367.36,400.00,1410,54
19608.01,98,77,45851,81920,332.27,400.00,1410,52
19618.03,100,50,45851,81920,338.91,400.00,1410,53
19628.07,100,54,45851,81920,248.86,400.00,1410,46
19638.09,100,55,45851,81920,253.98,400.00,1410,46
19648.12,100,35,45851,81920,383.68,400.00,1410,56
19658.15,100,50,45851,81920,342.23,400.00,1410,53
19668.18,100,50,45851,81920,326.62,400.00,1410,53
19678.21,100,51,45851,81920,231.39,400.00,1410,46
19688.23,100,52,45851,81920,226.54,400.00,1410,44
19698.26,100,36,45851,81920,449.89,400.00,1395,53
19708.29,96,48,45851,81920,313.62,400.00,1410,52
19718.32,100,50,45851,81920,265.29,400.00,1410,50
19728.35,100,50,45851,81920,288.83,400.00,1410,50
19738.38,100,49,45851,81920,215.48,400.00,1410,42
19748.41,100,49,45851,81920,350.17,400.00,1410,48
19758.43,100,49,45851,81920,317.19,400.00,1410,49
19768.47,100,51,45851,81920,274.96,400.00,1410,48
19778.5,100,50,45851,81920,325.77,400.00,1410,49
19788.52,100,51,45851,81920,216.01,400.00,1410,41
19798.55,100,49,45851,81920,353.77,400.00,1410,47
19808.58,98,70,45851,81920,317.52,400.00,1410,48
19818.61,100,50,45851,81920,312.19,400.00,1410,48
19828.64,100,51,45851,81920,304.17,400.00,1410,47
19838.67,100,51,45851,81920,225.98,400.00,1410,40
19848.7,100,49,45851,81920,301.17,400.00,1395,46
19858.73,98,66,45851,81920,295.69,400.00,1410,47
19868.76,100,51,45851,81920,323.42,400.00,1410,48
19878.78,100,51,45851,81920,300.28,400.00,1410,48
19888.82,100,54,45851,81920,242.96,400.00,1410,42
19898.85,100,55,45851,81920,239.75,400.00,1410,41
19908.87,100,36,45851,81920,370.78,400.00,1410,51
19918.9,98,76,45851,81920,308.77,400.00,1410,47
19928.93,100,50,45851,81920,338.06,400.00,1410,49
19938.96,100,52,45851,81920,234.32,400.00,1410,42
19948.98,100,50,45851,81920,216.86,400.00,1410,39
19959.01,100,45,45851,81920,374.36,400.00,1395,50
19969.04,96,48,45851,81920,348.00,400.00,1410,48
19979.07,98,75,45851,81920,334.29,400.00,1410,48
19989.1,100,53,45851,81920,242.68,400.00,1410,41
19999.13,100,54,45851,81920,234.33,400.00,1410,40
20009.16,100,44,45851,81920,376.24,400.00,1410,51
20019.19,100,50,45851,81920,299.09,400.00,1410,48
20029.22,100,49,45851,81920,364.95,400.00,1410,49
20039.25,100,52,45851,81920,228.71,400.00,1410,41
20049.28,100,53,45851,81920,230.32,400.00,1410,40
20059.3,100,45,45851,81920,480.70,400.00,1395,49
20069.34,100,51,45851,81920,341.02,400.00,1410,48
20079.36,100,51,45851,81920,356.64,400.00,1410,48
20089.39,100,52,45851,81920,234.35,400.00,1410,42
20099.42,100,43,45851,81920,367.12,400.00,1410,50
20109.45,98,50,45851,81920,305.11,400.00,1410,47
20119.48,100,51,45851,81920,223.58,400.00,1410,40
20129.51,100,45,45851,81920,211.99,400.00,1410,39
20139.54,100,44,45851,81920,389.03,400.00,1410,51
20149.56,98,63,45851,81920,328.94,400.00,1410,47
20159.59,100,51,45851,81920,326.08,400.00,1410,47
20169.62,100,53,45851,81920,243.78,400.00,1410,42
20179.65,100,55,45851,81920,239.73,400.00,1410,41
20189.68,100,43,45851,81920,392.04,400.00,1395,51
20199.7,100,49,45851,81920,257.98,400.00,1410,47
20209.73,100,66,45851,81920,359.58,400.00,1410,49
20219.76,100,53,45851,81920,244.08,400.00,1410,43
20229.79,100,55,45851,81920,242.43,400.00,1410,42
20239.82,100,44,45851,81920,388.43,400.00,1410,52
20249.85,100,49,45851,81920,339.56,400.00,1410,50
20259.88,100,49,45851,81920,285.45,400.00,1395,50
20269.91,100,54,45851,81920,254.23,400.00,1410,45
20279.94,100,49,45851,81920,211.42,400.00,1410,42
20289.97,100,45,45851,81920,370.54,400.00,1410,53
20299.99,100,50,45851,81920,320.05,400.00,1410,50
20310.02,100,50,45851,81920,339.67,400.00,1410,52
20320.05,100,53,45851,81920,253.93,400.00,1410,46
20330.08,100,59,45851,81920,269.09,400.00,1410,46
20340.11,100,50,45851,81920,365.66,400.00,1410,52
20350.14,100,51,45851,81920,328.26,400.00,1410,52
20360.16,100,50,45851,81920,364.31,400.00,1410,53
20370.19,100,51,45851,81920,266.05,400.00,1410,48
20380.22,100,47,45851,81920,214.16,400.00,1410,43
20390.25,100,54,45851,81920,412.97,400.00,1380,53
20400.28,100,51,45851,81920,307.87,400.00,1410,51
20410.31,100,50,45851,81920,313.64,400.00,1410,51
20420.34,100,54,45851,81920,247.76,400.00,1410,46
20430.37,100,49,45851,81920,326.22,400.00,1410,52
20440.4,96,47,45851,81920,305.00,400.00,1410,52
20450.43,100,51,45851,81920,234.60,400.00,1410,45
20460.46,100,55,45851,81920,351.64,400.00,1410,52
20470.49,100,50,45851,81920,292.94,400.00,1410,53
20480.52,96,48,45851,81920,380.00,400.00,1410,54
20490.55,98,79,45851,81920,253.27,400.00,1410,52
20500.57,100,51,45851,81920,232.73,400.00,1410,45
20510.6,100,49,45851,81920,339.24,400.00,1410,50
20520.63,98,77,45851,81920,331.74,400.00,1410,51
20530.66,100,50,45851,81920,322.60,400.00,1410,50
20540.68,100,50,45851,81920,350.70,400.00,1410,51
20550.71,100,51,45851,81920,216.33,400.00,1410,42
20560.74,100,49,45851,81920,366.36,400.00,1410,48
20570.77,98,78,45851,81920,341.83,400.00,1410,50
20580.8,100,49,45851,81920,282.49,400.00,1410,48
20590.82,100,50,45851,81920,285.78,400.00,1410,47
20600.85,100,55,45851,81920,254.51,400.00,1410,43
20610.88,100,58,45851,81920,254.75,400.00,1410,42
20620.91,100,45,45851,81920,379.82,400.00,1395,51
20630.94,100,51,45851,81920,306.53,400.00,1410,49
20640.97,100,50,45851,81920,323.42,400.00,1410,49
20651.0,100,52,45851,81920,235.43,400.00,1410,42
20661.02,100,44,45851,81920,214.16,400.00,1410,39
20671.05,100,45,45851,81920,367.12,400.00,1380,51
20681.08,100,51,45851,81920,318.38,400.00,1410,46
20691.11,96,49,45851,81920,360.12,400.00,1410,49
20701.14,100,53,45851,81920,251.91,400.00,1410,43
20711.17,100,49,45851,81920,214.66,400.00,1410,39
20721.2,100,49,45851,81920,309.94,400.00,1395,49
20731.23,100,51,45851,81920,289.36,400.00,1410,46
20741.26,99,49,45851,81920,358.12,400.00,1410,50
20751.29,100,52,45851,81920,235.41,400.00,1410,42
20761.32,100,44,45851,81920,209.82,400.00,1410,39
20771.35,100,56,45851,81920,343.70,400.00,1410,48
20781.37,98,80,45851,81920,326.44,400.00,1410,47
20791.4,100,50,45851,81920,306.29,400.00,1410,47
20801.43,100,52,45851,81920,259.71,400.00,1410,43
20811.47,100,54,45851,81920,247.51,400.00,1410,41
20821.49,100,57,45851,81920,354.35,400.00,1410,48
20831.52,100,49,45851,81920,371.75,400.00,1335,50
20841.55,100,51,45851,81920,357.41,400.00,1410,49
20851.58,100,52,45851,81920,292.93,400.00,1410,48
20861.61,100,52,45851,81920,232.99,400.00,1410,40
20871.64,100,48,45851,81920,350.95,400.00,1410,45
20881.67,68,33,45851,81920,349.60,400.00,1410,49
20891.75,98,79,45851,81920,299.05,400.00,1410,47
20901.78,98,80,45851,81920,319.30,400.00,1410,48
20911.81,100,55,45851,81920,246.98,400.00,1410,42
20921.84,100,57,45851,81920,253.22,400.00,1410,41
20931.87,100,46,45851,81920,395.88,400.00,1410,51
20941.89,100,51,45851,81920,305.64,400.00,1410,48
20951.92,96,48,45851,81920,368.71,400.00,1410,49
20961.95,100,53,45851,81920,248.21,400.00,1410,43
20971.98,100,54,45851,81920,235.93,400.00,1410,41
20982.01,100,36,45851,81920,401.12,400.00,1380,53
20992.04,98,71,45851,81920,291.38,400.00,1395,48
21002.07,98,74,45851,81920,292.64,400.00,1410,49
21012.1,100,54,45851,81920,252.98,400.00,1410,44
21022.12,100,55,45851,81920,239.25,400.00,1410,42
21032.15,100,45,45851,81920,333.38,400.00,1350,52
21042.18,98,78,45851,81920,319.44,400.00,1410,49
21052.21,100,50,45851,81920,329.43,400.00,1410,50
21062.24,100,53,45851,81920,260.40,400.00,1410,45
21072.26,100,56,45851,81920,250.65,400.00,1410,44
21082.29,100,54,45851,81920,360.33,400.00,1410,53
21092.32,97,67,45851,81920,306.53,400.00,1410,53
21102.35,100,51,45851,81920,332.54,400.00,1410,55
21112.38,99,52,45851,81920,270.21,400.00,1410,52
21122.4,100,56,45851,81920,255.82,400.00,1410,50
21132.43,100,53,45851,81920,336.64,400.00,1410,57
21142.46,98,78,45851,81920,327.67,400.00,1410,56
21152.48,100,50,45851,81920,332.01,400.00,1410,59
21162.52,100,51,45851,81920,269.92,400.00,1410,54
21172.54,100,55,45851,81920,258.79,400.00,1410,52
21182.57,100,59,45851,81920,373.08,400.00,1410,58
21192.6,100,50,45851,81920,319.54,400.00,1410,58
21202.63,100,48,45851,81920,377.95,400.00,1395,60
21212.65,100,49,45851,81920,272.10,400.00,1410,56
21222.68,100,49,45851,81920,224.03,400.00,1410,51
21232.71,100,56,45851,81920,389.63,400.00,1410,59
21242.73,100,49,45851,81920,352.50,400.00,1410,59
21252.76,100,59,45851,81920,332.01,400.00,1410,60
21262.79,100,51,45851,81920,309.75,400.00,1410,60
21272.81,100,54,45851,81920,258.79,400.00,1410,54
21282.84,100,54,45851,81920,379.85,400.00,1410,59
21292.87,58,29,45851,81920,374.15,400.00,1410,60
21302.89,98,66,45851,81920,321.68,400.00,1410,60
21312.92,100,50,45851,81920,355.46,400.00,1410,61
21322.94,100,44,45851,81920,226.47,400.00,1410,53
21332.97,100,55,45851,81920,375.80,400.00,1410,60
21343.0,100,52,45851,81920,344.23,400.00,1410,59
21353.03,98,68,45851,81920,320.60,400.00,1410,59
21363.06,100,52,45851,81920,246.85,400.00,1410,52
21373.09,100,56,45851,81920,364.66,400.00,1410,57
21383.12,55,27,45851,81920,377.71,400.00,1410,59
21393.15,100,62,45851,81920,284.30,400.00,1395,56
21403.17,98,78,45851,81920,312.23,400.00,1410,58
21413.2,100,54,45851,81920,255.28,400.00,1410,52
21423.23,100,55,45851,81920,245.76,400.00,1410,50
21433.25,100,45,45851,81920,394.49,400.00,1380,60
21443.28,100,50,45851,81920,382.28,400.00,1410,58
21453.31,100,57,45851,81920,347.74,400.00,1410,57
21463.33,100,53,45851,81920,251.76,400.00,1410,51
21473.36,100,54,45851,81920,245.22,400.00,1410,49
21483.39,100,37,45851,81920,383.64,400.00,1410,59
21493.42,98,73,45851,81920,335.81,400.00,1410,56
21503.44,100,51,45851,81920,317.64,400.00,1410,56
21513.47,100,53,45851,81920,260.69,400.00,1410,51
21523.5,100,56,45851,81920,259.09,400.00,1410,49
21533.53,100,45,45851,81920,387.20,400.00,1395,59
21543.55,97,78,45851,81920,326.06,400.00,1410,54
21553.58,100,59,45851,81920,334.73,400.00,1410,56
21563.61,100,53,45851,81920,263.67,400.00,1410,51
21573.63,100,44,45851,81920,220.23,400.00,1410,46
21583.66,100,52,45851,81920,364.13,400.00,1410,55
21593.69,98,80,45851,81920,297.81,400.00,1410,54
21603.71,100,50,45851,81920,288.89,400.00,1410,54
21613.74,100,53,45851,81920,266.69,400.00,1410,51
21623.77,100,55,45851,81920,248.21,400.00,1410,48
21633.8,100,55,45851,81920,357.78,400.00,1395,55
21643.83,98,67,45851,81920,349.77,400.00,1410,55
21653.85,100,51,45851,81920,335.27,400.00,1410,54
21663.88,100,51,45851,81920,263.61,400.00,1410,51
21673.91,100,53,45851,81920,234.32,400.00,1410,47
21683.94,100,49,45851,81920,356.34,400.00,1410,54
21693.96,100,50,45851,81920,300.35,400.00,1410,54
21703.99,100,51,45851,81920,317.80,400.00,1410,54
21714.02,91,46,45851,81920,241.89,400.00,1410,50
21724.04,100,55,45851,81920,254.22,400.00,1410,48
21734.07,100,49,45851,81920,379.03,400.00,1410,53
21744.11,42,23,45851,81920,370.46,400.00,1410,54
21754.13,100,51,45851,81920,321.70,400.00,1410,53
21764.16,100,51,45851,81920,294.01,400.00,1410,52
21774.19,100,53,45851,81920,238.41,400.00,1410,47
21784.22,100,53,45851,81920,240.05,400.00,1410,45
21794.25,100,49,45851,81920,402.33,400.00,1380,57
21804.28,96,48,45851,81920,368.75,400.00,1410,55
21814.3,100,50,45851,81920,274.84,400.00,1410,53
21824.33,100,53,45851,81920,256.35,400.00,1410,49
21834.36,100,55,45851,81920,252.30,400.00,1410,47
21844.39,100,45,45851,81920,417.32,400.00,1380,57
21854.41,100,51,45851,81920,345.31,400.00,1410,55
21864.44,100,50,45851,81920,319.24,400.00,1410,56
21874.47,100,52,45851,81920,246.30,400.00,1410,50
21884.49,100,51,45851,81920,226.18,400.00,1410,47
21894.52,100,40,45851,81920,385.83,400.00,1410,58
21904.55,100,51,45851,81920,326.31,400.00,1410,57
21914.57,100,51,45851,81920,302.73,400.00,1410,57
21924.6,100,51,45851,81920,259.62,400.00,1410,53
21934.63,100,53,45851,81920,244.41,400.00,1410,50
21944.65,100,49,45851,81920,371.18,400.00,1380,59
21954.68,96,48,45851,81920,388.51,400.00,1410,59
21964.71,100,51,45851,81920,306.77,400.00,1410,58
21974.74,100,50,45851,81920,269.37,400.00,1410,55
21984.77,100,56,45851,81920,263.67,400.00,1410,53
21994.8,100,54,45851,81920,374.44,400.00,1410,58
22004.82,98,75,45851,81920,335.81,400.00,1410,59
22014.85,98,73,45851,81920,325.23,400.00,1410,59
22024.88,100,49,45851,81920,294.30,400.00,1395,59
22034.91,100,51,45851,81920,224.29,400.00,1410,52
22044.93,100,45,45851,81920,228.35,400.00,1410,50
22054.96,100,36,45851,81920,377.97,400.00,1395,62
22064.99,98,76,45851,81920,341.84,400.00,1410,60
22075.02,100,50,45851,81920,323.58,400.00,1410,59
22085.04,100,53,45851,81920,255.81,400.00,1410,54
22095.07,100,55,45851,81920,263.92,400.00,1410,53
22105.1,100,36,45851,81920,410.27,400.00,1380,62
22115.13,99,57,45851,81920,397.96,400.00,1395,62
22125.17,100,66,45851,81920,298.76,400.00,1410,57
22135.21,39,21,45851,81920,262.28,400.00,1410,50
22145.23,100,54,45851,81920,253.69,400.00,1410,48
22155.27,100,49,45851,81920,378.30,400.00,1410,56
22165.3,100,50,45851,81920,293.80,400.00,1410,54
22175.33,96,48,45851,81920,367.03,400.00,1410,55
22185.35,100,53,45851,81920,269.21,400.00,1410,49
22195.38,100,54,45851,81920,247.76,400.00,1410,46
22205.41,100,54,45851,81920,361.05,400.00,1410,52
22215.44,100,49,45851,81920,362.50,400.00,1410,53
22225.47,96,47,45851,81920,356.05,400.00,1410,53
22235.5,50,33,45851,81920,250.51,400.00,1410,48
22245.53,100,44,45851,81920,215.27,400.00,1410,43
22255.55,98,66,45851,81920,299.11,400.00,1410,49
22265.58,100,52,45851,81920,260.16,400.00,1410,46
22275.61,100,55,45851,81920,242.68,400.00,1410,43
22285.64,100,48,45851,81920,352.99,400.00,1410,50
22295.66,100,51,45851,81920,346.13,400.00,1410,50
22305.7,100,50,45851,81920,304.86,400.00,1410,49
22315.72,100,50,45851,81920,259.58,400.00,1410,47
22325.75,100,44,45851,81920,211.75,400.00,1410,41
22335.78,100,54,45851,81920,355.23,400.00,1410,48
22345.81,100,51,45851,81920,311.30,400.00,1410,48
22355.84,100,50,45851,81920,320.66,400.00,1410,49
22365.86,100,50,45851,81920,314.78,400.00,1410,49
22375.89,100,50,45851,81920,210.64,400.00,1410,41
22385.92,96,47,45851,81920,343.72,400.00,1380,49
22395.95,100,51,45851,81920,257.70,400.00,1410,44
22405.98,100,52,45851,81920,223.57,400.00,1410,41
22416.01,100,55,45851,81920,347.19,400.00,1410,48
22426.04,100,53,45851,81920,304.29,400.00,1410,47
22436.07,100,51,45851,81920,296.38,400.00,1410,48
22446.1,100,50,45851,81920,256.63,400.00,1410,44
22456.12,100,54,45851,81920,239.73,400.00,1410,41
22466.15,100,49,45851,81920,350.17,400.00,1410,48
22476.18,100,51,45851,81920,301.35,400.00,1410,48
22486.21,100,61,45851,81920,310.49,400.00,1410,48
22496.25,98,72,45851,81920,310.21,400.00,1410,48
22506.28,100,51,45851,81920,225.48,400.00,1410,41
22516.3,100,53,45851,81920,431.97,400.00,1410,48
22526.33,98,73,45851,81920,335.64,400.00,1410,47
22536.36,100,48,45851,81920,289.55,400.00,1395,46
22546.39,100,51,45851,81920,214.41,400.00,1410,41
22556.42,100,44,45851,81920,213.68,400.00,1410,39
22566.44,100,43,45851,81920,312.45,400.00,1365,53
22576.48,98,67,45851,81920,309.75,400.00,1410,48
22586.51,100,50,45851,81920,352.17,400.00,1410,48
22596.53,100,54,45851,81920,245.92,400.00,1410,43
22606.56,100,51,45851,81920,221.15,400.00,1410,39
22616.59,100,45,45851,81920,374.54,400.00,1410,51
22626.62,100,50,45851,81920,320.88,400.00,1410,48
22636.65,100,50,45851,81920,334.48,400.00,1410,49
22646.68,100,53,45851,81920,249.40,400.00,1410,43
22656.7,100,50,45851,81920,214.41,400.00,1410,40
22666.73,100,45,45851,81920,341.84,400.00,1350,51
22676.76,100,50,45851,81920,360.76,400.00,1395,49
22686.79,100,62,45851,81920,354.88,400.00,1410,49
22696.82,100,53,45851,81920,246.98,400.00,1410,45
22706.85,100,49,45851,81920,212.04,400.00,1410,41
22716.88,100,45,45851,81920,390.39,400.00,1395,53
22726.91,100,50,45851,81920,322.38,400.00,1410,50
22736.94,100,50,45851,81920,282.45,400.00,1410,51
22746.96,100,53,45851,81920,261.46,400.00,1410,47
22757.0,100,56,45851,81920,251.04,400.00,1410,45
22767.02,100,49,45851,81920,365.73,400.00,1410,52
22777.05,100,50,45851,81920,356.87,400.00,1410,52
22787.08,96,47,45851,81920,363.95,400.00,1410,53
22797.11,100,51,45851,81920,255.94,400.00,1410,47
22807.13,100,55,45851,81920,256.70,400.00,1410,46
22817.16,100,50,45851,81920,369.24,400.00,1410,53
22827.2,100,57,45851,81920,391.54,400.00,1395,54
22837.22,100,50,45851,81920,336.72,400.00,1410,52
22847.25,100,51,45851,81920,261.54,400.00,1410,48
22857.28,100,53,45851,81920,237.28,400.00,1410,45
22867.31,100,50,45851,81920,359.57,400.00,1410,52
22877.33,96,48,45851,81920,373.77,400.00,1410,54
22887.36,98,78,45851,81920,359.06,400.00,1410,53
22897.4,100,50,45851,81920,258.00,400.00,1410,48
22907.42,100,53,45851,81920,236.74,400.00,1410,45
22917.45,100,55,45851,81920,344.93,400.00,1395,53
22927.48,66,32,45851,81920,365.58,400.00,1410,53
22937.52,100,61,45851,81920,337.82,400.00,1410,52
22947.54,100,51,45851,81920,253.93,400.00,1410,48
22957.57,100,51,45851,81920,226.80,400.00,1410,43
22967.6,100,54,45851,81920,356.48,400.00,1410,51
22977.63,100,50,45851,81920,315.76,400.00,1410,50
22987.66,100,51,45851,81920,301.70,400.00,1410,50
22997.69,100,50,45851,81920,259.35,400.00,1410,46
23007.72,100,54,45851,81920,240.51,400.00,1410,43
23017.74,100,55,45851,81920,306.82,400.00,1395,49
23027.77,100,50,45851,81920,330.53,400.00,1410,49
23037.8,98,76,45851,81920,275.57,400.00,1410,47
23047.83,100,49,45851,81920,256.70,400.00,1410,45
23057.86,100,44,45851,81920,210.11,400.00,1410,40
23067.89,100,43,45851,81920,387.77,400.00,1410,51
23077.91,100,51,45851,81920,339.97,400.00,1410,48
23087.94,100,52,45851,81920,234.59,400.00,1410,42
23097.97,100,53,45851,81920,233.25,400.00,1410,40
23108.0,100,49,45851,81920,365.76,400.00,1410,50
23118.03,95,48,45851,81920,346.15,400.00,1410,49
23128.06,98,71,45851,81920,266.36,400.00,1395,46
23138.08,100,52,45851,81920,250.22,400.00,1410,42
23148.11,100,53,45851,81920,230.01,400.00,1410,40
23158.14,100,54,45851,81920,353.41,400.00,1410,48
23168.17,100,50,45851,81920,303.93,400.00,1410,46
23178.2,100,51,45851,81920,336.18,400.00,1410,48
23188.22,100,51,45851,81920,250.51,400.00,1410,43
23198.25,100,54,45851,81920,237.33,400.00,1410,41
23208.28,100,53,45851,81920,350.58,400.00,1380,49
23218.31,98,68,45851,81920,306.98,400.00,1410,47
23228.34,100,50,45851,81920,276.73,400.00,1410,47
23238.37,28,14,45851,81920,252.93,400.00,1410,43
23248.4,100,52,45851,81920,226.27,400.00,1410,40
23258.43,100,55,45851,81920,341.51,400.00,1410,48
23268.46,95,48,45851,81920,363.59,400.00,1365,51
23278.49,98,70,45851,81920,311.22,400.00,1410,48
23288.51,33,16,45851,81920,89.71,400.00,1410,43
23298.54,100,44,45851,81920,214.51,400.00,1410,42
23308.57,100,49,45851,81920,339.90,400.00,1395,50
23318.6,100,61,45851,81920,329.28,400.00,1410,51
23328.62,100,51,45851,81920,334.44,400.00,1410,52
23338.65,95,48,45851,81920,94.26,400.00,1410,47
23348.68,100,56,45851,81920,256.06,400.00,1410,47
23358.7,100,56,45851,81920,250.11,400.00,1410,46
23368.73,100,46,45851,81920,378.78,400.00,1410,56
23378.76,100,50,45851,81920,310.57,400.00,1410,51
23388.79,100,50,45851,81920,258.50,400.00,1410,55
23398.82,100,53,45851,81920,249.28,400.00,1410,48
23408.84,100,44,45851,81920,221.29,400.00,1410,45
23418.87,100,39,45851,81920,392.30,400.00,1410,57
23428.9,98,78,45851,81920,336.10,400.00,1410,53
23438.92,100,51,45851,81920,323.34,400.00,1410,54
23448.95,100,51,45851,81920,241.71,400.00,1410,48
23458.98,100,44,45851,81920,219.39,400.00,1410,45
23469.01,100,36,45851,81920,378.48,400.00,1410,56
23479.04,100,50,45851,81920,326.60,400.00,1410,54
23489.06,96,48,45851,81920,363.59,400.00,1410,56
23499.09,100,52,45851,81920,231.38,400.00,1410,49
23509.12,100,54,45851,81920,379.02,400.00,1395,56
23519.15,100,52,45851,81920,339.61,400.00,1410,56
23529.17,100,53,45851,81920,268.01,400.00,1410,51
23539.21,100,54,45851,81920,246.01,400.00,1410,49
23549.23,100,49,45851,81920,346.51,400.00,1410,59
23559.26,100,50,45851,81920,344.91,400.00,1410,58
23569.29,98,79,45851,81920,358.97,400.00,1410,58
23579.32,100,52,45851,81920,275.37,400.00,1410,54
23589.35,100,51,45851,81920,226.18,400.00,1410,50
23599.37,100,56,45851,81920,361.16,400.00,1410,58
23609.4,98,69,45851,81920,333.90,400.00,1410,57
23619.42,100,50,45851,81920,348.70,400.00,1410,58
23629.45,100,50,45851,81920,272.33,400.00,1410,55
23639.48,100,54,45851,81920,251.18,400.00,1410,52
23649.51,100,55,45851,81920,369.29,400.00,1410,59
23659.54,98,73,45851,81920,294.59,400.00,1410,58
23669.56,100,50,45851,81920,324.86,400.00,1410,59
23679.59,100,50,45851,81920,329.02,400.00,1410,60
23689.62,100,52,45851,81920,244.94,400.00,1410,53
23699.64,100,55,45851,81920,379.85,400.00,1410,59
23709.67,100,51,45851,81920,351.47,400.00,1410,59
23719.7,100,51,45851,81920,352.58,400.00,1410,59
23729.73,96,49,45851,81920,376.42,400.00,1410,60
23739.76,100,51,45851,81920,232.44,400.00,1410,50
23749.78,100,55,45851,81920,368.76,400.00,1410,55
23759.81,98,78,45851,81920,318.88,400.00,1410,56
23769.84,100,51,45851,81920,302.44,400.00,1410,55
23779.87,100,51,45851,81920,293.61,400.00,1410,54
23789.9,100,52,45851,81920,236.74,400.00,1410,47
23799.93,100,51,45851,81920,327.87,400.00,1365,52
23809.96,51,31,45851,81920,375.71,400.00,1410,55
23819.99,100,62,45851,81920,242.67,400.00,1410,52
23830.01,100,50,45851,81920,333.66,400.00,1410,52
23840.04,100,54,45851,81920,249.63,400.00,1410,45
23850.08,100,50,45851,81920,92.35,400.00,1410,40
23860.1,100,44,45851,81920,401.65,400.00,1395,54
23870.13,100,51,45851,81920,321.94,400.00,1410,51
23880.16,96,48,45851,81920,374.21,400.00,1410,52
23890.19,100,51,45851,81920,228.15,400.00,1410,43
23900.22,100,50,45851,81920,216.83,400.00,1410,40
23910.25,100,45,45851,81920,385.20,400.00,1410,51
23920.28,100,50,45851,81920,317.80,400.00,1410,48
23930.31,95,47,45851,81920,349.11,400.00,1410,50
23940.34,100,53,45851,81920,252.40,400.00,1410,43
23950.36,100,57,45851,81920,251.57,400.00,1410,42
23960.39,100,44,45851,81920,398.66,400.00,1410,53
23970.42,100,48,45851,81920,288.97,400.00,1410,48
23980.45,100,52,45851,81920,313.18,400.00,1410,50
23990.48,100,52,45851,81920,231.90,400.00,1410,43
24000.51,100,50,45851,81920,210.64,400.00,1410,40
24010.54,99,44,45851,81920,371.12,400.00,1365,52
24020.58,100,52,45851,81920,282.62,400.00,1410,48
24030.61,98,70,45851,81920,293.51,400.00,1410,48
24040.64,100,53,45851,81920,252.40,400.00,1410,43
24050.67,100,44,45851,81920,218.18,400.00,1410,40
24060.69,100,54,45851,81920,353.64,400.00,1380,49
24070.73,98,67,45851,81920,328.40,400.00,1410,47
24080.75,100,51,45851,81920,333.23,400.00,1410,47
24090.78,100,52,45851,81920,259.56,400.00,1410,44
24100.81,100,54,45851,81920,233.25,400.00,1410,41
24110.84,100,54,45851,81920,356.05,400.00,1410,48
24120.87,100,50,45851,81920,336.21,400.00,1410,48
24130.89,100,50,45851,81920,301.98,400.00,1410,47
24140.93,100,51,45851,81920,258.06,400.00,1410,44
24150.96,100,49,45851,81920,211.96,400.00,1410,39
24160.99,100,50,45851,81920,362.64,400.00,1410,48
24171.01,100,50,45851,81920,297.17,400.00,1410,47
24181.05,100,51,45851,81920,324.79,400.00,1410,47
24191.07,100,51,45851,81920,257.70,400.00,1410,44
24201.1,100,44,45851,81920,211.50,400.00,1410,40
24211.13,100,50,45851,81920,358.98,400.00,1410,48
24221.16,100,50,45851,81920,322.76,400.00,1410,48
24231.19,100,49,45851,81920,300.28,400.00,1365,49
24241.22,100,49,45851,81920,246.98,400.00,1410,43
24251.25,56,36,45851,81920,318.30,400.00,1410,45
24261.28,100,53,45851,81920,252.10,400.00,1410,42
24271.31,100,53,45851,81920,237.04,400.00,1410,40
24281.34,99,45,45851,81920,416.18,400.00,1395,50
24291.37,99,66,45851,81920,305.46,400.00,1410,48
24301.4,100,51,45851,81920,283.23,400.00,1410,48
24311.42,100,53,45851,81920,266.26,400.00,1410,45
24321.45,100,56,45851,81920,256.63,400.00,1410,43
24331.48,100,49,45851,81920,319.81,400.00,1395,50
24341.51,100,51,45851,81920,343.73,400.00,1410,50
24351.54,95,48,45851,81920,362.95,400.00,1410,52
24361.57,100,50,45851,81920,263.12,400.00,1410,47
24371.59,100,44,45851,81920,214.99,400.00,1410,43
24381.62,100,55,45851,81920,357.93,400.00,1410,51
24391.66,98,72,45851,81920,318.62,400.00,1410,51
24401.69,100,57,45851,81920,298.76,400.00,1410,51
24411.71,100,51,45851,81920,353.64,400.00,1410,53
24421.74,53,29,45851,81920,249.40,400.00,1410,45
24431.77,0,0,45851,81920,89.37,400.00,1410,40
24441.8,100,36,45851,81920,355.17,400.00,1410,55
24451.83,98,76,45851,81920,309.24,400.00,1410,52
24461.85,98,78,45851,81920,342.75,400.00,1410,53
24471.88,100,51,45851,81920,221.69,400.00,1410,45
24481.91,100,52,45851,81920,227.87,400.00,1410,44
24491.94,99,44,45851,81920,396.94,400.00,1380,54
24501.97,100,51,45851,81920,332.56,400.00,1410,52
24512.0,95,48,45851,81920,369.53,400.00,1410,53
24522.02,100,53,45851,81920,247.02,400.00,1410,47
24532.05,100,52,45851,81920,226.54,400.00,1410,44
24542.08,100,45,45851,81920,396.41,400.00,1410,56
24552.11,100,50,45851,81920,285.24,400.00,1410,52
24562.14,100,50,45851,81920,306.88,400.00,1410,52
24572.17,100,55,45851,81920,264.23,400.00,1410,46
24582.2,100,56,45851,81920,249.92,400.00,1410,46
24592.23,100,55,45851,81920,426.51,400.00,1380,55
24602.25,100,51,45851,81920,304.64,400.00,1410,52
24612.28,100,50,45851,81920,338.59,400.00,1410,52
24622.31,100,53,45851,81920,261.54,400.00,1410,47
24632.34,100,50,45851,81920,223.01,400.00,1410,42
24642.37,100,55,45851,81920,344.94,400.00,1410,50
24652.4,100,50,45851,81920,279.14,400.00,1410,47
24662.42,100,50,45851,81920,303.93,400.00,1410,49
24672.45,100,52,45851,81920,260.70,400.00,1410,45
24682.48,100,49,45851,81920,214.16,400.00,1410,41
24692.51,100,50,45851,81920,350.05,400.00,1395,49
24702.54,100,50,45851,81920,296.75,400.00,1410,48
24712.56,100,51,45851,81920,327.97,400.00,1410,48
24722.59,100,50,45851,81920,257.29,400.00,1410,44
24732.63,100,51,45851,81920,213.60,400.00,1410,40
24742.65,100,49,45851,81920,335.27,400.00,1410,48
24752.68,100,51,45851,81920,355.01,400.00,1410,49
24762.71,100,49,45851,81920,477.02,400.00,1410,47
24772.75,100,49,45851,81920,252.11,400.00,1410,45
24782.78,100,54,45851,81920,247.27,400.00,1410,42
24792.8,100,61,45851,81920,428.68,400.00,1395,48
24802.84,100,50,45851,81920,301.98,400.00,1410,48
24812.87,100,50,45851,81920,211.18,400.00,1410,47
24822.89,100,49,45851,81920,346.95,400.00,1410,49
24832.92,100,49,45851,81920,206.87,400.00,1410,40
24842.95,100,52,45851,81920,305.18,400.00,1410,47
24852.98,100,52,45851,81920,312.65,400.00,1410,47
24863.01,100,51,45851,81920,227.06,400.00,1410,41
24873.04,100,55,45851,81920,350.29,400.00,1410,46
24883.07,100,51,45851,81920,327.53,400.00,1410,47
24893.1,100,49,45851,81920,242.96,400.00,1410,46
24903.12,100,51,45851,81920,320.03,400.00,1410,46
24913.15,99,44,45851,81920,356.05,400.00,1410,48
24923.23,83,44,45851,81920,252.40,400.00,1410,43
24933.29,100,49,45851,81920,211.99,400.00,1410,39
24943.31,100,55,45851,81920,356.06,400.00,1410,47
24953.34,98,63,45851,81920,320.50,400.00,1410,47
24963.37,100,51,45851,81920,330.91,400.00,1410,47
24973.4,100,50,45851,81920,306.53,400.00,1410,47
24983.43,100,53,45851,81920,237.30,400.00,1410,41
24993.46,100,48,45851,81920,361.57,400.00,1410,46
25003.49,100,44,45851,81920,375.27,400.00,1410,51
25013.51,98,77,45851,81920,305.99,400.00,1410,47
25023.54,100,49,45851,81920,299.99,400.00,1410,47
25033.58,100,52,45851,81920,239.98,400.00,1410,42
25043.61,100,54,45851,81920,239.44,400.00,1410,41
25053.64,100,45,45851,81920,386.10,400.00,1410,50
25063.67,100,50,45851,81920,281.53,400.00,1410,47
25073.7,100,51,45851,81920,355.41,400.00,1410,50
25083.72,100,53,45851,81920,248.57,400.00,1410,43
25093.75,100,55,45851,81920,250.51,400.00,1410,41
25103.78,100,55,45851,81920,356.75,400.00,1410,50
25113.81,100,64,45851,81920,303.40,400.00,1410,48
25123.83,100,51,45851,81920,329.70,400.00,1410,49
25133.86,100,51,45851,81920,256.47,400.00,1410,45
25143.89,100,57,45851,81920,253.75,400.00,1410,44
25153.92,100,60,45851,81920,348.41,400.00,1410,50
25163.95,100,51,45851,81920,300.52,400.00,1410,51
25173.98,95,53,45851,81920,407.95,400.00,1410,52
25184.01,100,51,45851,81920,259.35,400.00,1410,47
25194.04,100,54,45851,81920,242.96,400.00,1410,44
25204.07,100,49,45851,81920,362.21,400.00,1395,51
25214.1,100,49,45851,81920,274.96,400.00,1410,50
25224.13,100,50,45851,81920,292.21,400.00,1410,51
25234.15,100,50,45851,81920,262.90,400.00,1410,48
25244.18,100,55,45851,81920,242.68,400.00,1410,45
25254.21,100,49,45851,81920,360.13,400.00,1410,52
25264.24,94,47,45851,81920,357.19,400.00,1410,54
25274.27,95,48,45851,81920,313.47,400.00,1410,53
25284.29,100,50,45851,81920,312.46,400.00,1410,53
25294.32,100,44,45851,81920,219.47,400.00,1410,45
25304.35,69,33,45851,81920,464.63,400.00,1410,49
25314.42,95,46,45851,81920,353.17,400.00,1410,54
25324.45,98,78,45851,81920,311.27,400.00,1410,53
25334.47,100,51,45851,81920,305.64,400.00,1410,52
25344.5,99,50,45851,81920,334.69,400.00,1410,51
25354.53,95,48,45851,81920,309.87,400.00,1410,51
25364.56,100,52,45851,81920,250.46,400.00,1410,46
25374.59,100,57,45851,81920,253.69,400.00,1410,46
25384.61,100,44,45851,81920,389.65,400.00,1410,56
25394.64,100,49,45851,81920,370.20,400.00,1395,54
25404.67,100,49,45851,81920,324.93,400.00,1410,52
25414.7,100,53,45851,81920,265.29,400.00,1410,47
25424.73,100,49,45851,81920,218.96,400.00,1410,42
25434.76,100,54,45851,81920,371.55,400.00,1410,51
25444.78,95,47,45851,81920,404.48,400.00,1380,50
25454.82,98,79,45851,81920,316.13,400.00,1410,50
25464.84,100,52,45851,81920,267.20,400.00,1410,46
25474.87,100,44,45851,81920,212.04,400.00,1410,41
25484.9,100,50,45851,81920,457.12,400.00,1395,48
25494.93,98,66,45851,81920,447.49,400.00,1395,47
25504.96,100,64,45851,81920,308.35,400.00,1410,48
25514.98,100,50,45851,81920,249.68,400.00,1410,44
25525.01,100,53,45851,81920,233.01,400.00,1410,41
25535.04,100,55,45851,81920,351.52,400.00,1410,47
25545.08,100,51,45851,81920,301.87,400.00,1410,48
25555.1,100,50,45851,81920,305.11,400.00,1410,47
25565.13,100,50,45851,81920,129.03,400.00,1410,44
25575.16,99,44,45851,81920,363.24,400.00,1410,49
25585.19,100,51,45851,81920,250.21,400.00,1410,43
25595.22,100,51,45851,81920,223.29,400.00,1410,39
25605.24,100,49,45851,81920,349.07,400.00,1410,48
25615.27,100,51,45851,81920,340.10,400.00,1410,48
25625.3,100,51,45851,81920,323.95,400.00,1410,47
25635.33,100,50,45851,81920,252.92,400.00,1410,43
25645.36,100,52,45851,81920,230.31,400.00,1410,40
25655.39,100,49,45851,81920,336.43,400.00,1410,47
25665.41,100,51,45851,81920,324.35,400.00,1410,48
25675.44,100,50,45851,81920,316.95,400.00,1410,48
25685.47,100,51,45851,81920,310.76,400.00,1410,47
25695.5,100,55,45851,81920,246.20,400.00,1410,42
25705.53,100,55,45851,81920,351.64,400.00,1410,46
25715.56,42,25,45851,81920,358.52,400.00,1410,50
25725.59,100,49,45851,81920,385.57,400.00,1410,48
25735.62,100,66,45851,81920,346.70,400.00,1410,49
25745.65,100,52,45851,81920,234.88,400.00,1410,42
25755.67,100,53,45851,81920,230.31,400.00,1410,40
25765.71,100,45,45851,81920,359.71,400.00,1395,51
25775.73,100,50,45851,81920,285.40,400.00,1410,47
25785.76,100,51,45851,81920,290.57,400.00,1410,48
25795.79,100,51,45851,81920,216.27,400.00,1410,41
25805.82,95,46,45851,81920,334.54,400.00,1410,47
25815.85,100,53,45851,81920,247.27,400.00,1410,42
25825.88,100,50,45851,81920,218.15,400.00,1410,39
25835.9,100,45,45851,81920,358.46,400.00,1410,51
25845.94,100,51,45851,81920,341.95,400.00,1410,48
25855.96,100,51,45851,81920,339.02,400.00,1410,48
25865.99,100,54,45851,81920,262.65,400.00,1410,44
25876.02,100,52,45851,81920,215.80,400.00,1410,40
25886.05,100,44,45851,81920,390.78,400.00,1410,51
25896.08,100,51,45851,81920,222.74,400.00,1410,49
25906.11,96,48,45851,81920,362.00,400.00,1410,50
25916.13,100,52,45851,81920,249.98,400.00,1410,43
25926.16,100,54,45851,81920,243.46,400.00,1410,42
25936.19,100,55,45851,81920,363.17,400.00,1410,50
25946.21,100,50,45851,81920,303.40,400.00,1410,50
25956.24,95,47,45851,81920,360.41,400.00,1410,52
25966.27,100,51,45851,81920,247.56,400.00,1410,46
25976.3,98,57,45851,81920,289.07,400.00,1410,49
25986.33,100,51,45851,81920,215.76,400.00,1410,43
25996.36,93,47,45851,81920,336.18,400.00,1410,48
26006.39,98,52,45851,81920,311.01,400.00,1410,49
26016.42,100,51,45851,81920,221.14,400.00,1410,43
26026.45,99,43,45851,81920,383.40,400.00,1380,52
26036.48,100,51,45851,81920,307.10,400.00,1410,50
26046.5,100,51,45851,81920,261.01,400.00,1410,47
26056.53,100,53,45851,81920,347.60,400.00,1410,50
26066.56,100,50,45851,81920,355.29,400.00,1410,52
26076.59,100,53,45851,81920,253.76,400.00,1410,46
26086.62,94,52,45851,81920,257.22,400.00,1410,51
26096.65,100,53,45851,81920,266.26,400.00,1410,47
26106.68,100,51,45851,81920,231.92,400.00,1410,44
26116.71,100,54,45851,81920,357.11,400.00,1410,53
26126.74,100,50,45851,81920,292.21,400.00,1410,52
26136.76,100,50,45851,81920,337.29,400.00,1410,52
26146.79,100,51,45851,81920,261.54,400.00,1410,48
26156.82,100,49,45851,81920,216.55,400.00,1410,44
26166.85,100,55,45851,81920,359.40,400.00,1410,53
26176.88,98,80,45851,81920,312.65,400.00,1410,52
26186.9,100,50,45851,81920,315.30,400.00,1410,52
26196.94,100,50,45851,81920,259.94,400.00,1410,48
26206.96,100,49,45851,81920,217.93,400.00,1410,44
26216.99,100,55,45851,81920,324.73,400.00,1410,51
26227.02,100,49,45851,81920,428.97,400.00,1395,54
26237.06,100,48,45851,81920,344.64,400.00,1410,50
26247.09,25,12,45851,81920,91.48,400.00,1410,45
26257.11,100,51,45851,81920,226.54,400.00,1410,42
26267.15,100,55,45851,81920,371.32,400.00,1410,50
26277.17,100,50,45851,81920,278.60,400.00,1410,49
26287.2,100,50,45851,81920,329.55,400.00,1410,49
26297.23,53,36,45851,81920,251.86,400.00,1410,45
26307.27,100,54,45851,81920,245.71,400.00,1410,42
26317.29,100,50,45851,81920,321.72,400.00,1395,47
26327.32,100,50,45851,81920,322.31,400.00,1410,48
26337.35,94,46,45851,81920,355.29,400.00,1410,49
26347.38,100,50,45851,81920,355.53,400.00,1410,49
26357.41,100,51,45851,81920,224.39,400.00,1410,41
26367.44,100,48,45851,81920,354.23,400.00,1410,45
26377.47,56,27,45851,81920,367.79,400.00,1410,49
26387.5,100,49,45851,81920,303.22,400.00,1395,46
26397.53,98,80,45851,81920,351.76,400.00,1410,48
26407.56,100,50,45851,81920,215.16,400.00,1410,40
26417.59,100,50,45851,81920,352.47,400.00,1410,46
26427.62,100,52,45851,81920,243.24,400.00,1410,42
26437.64,100,54,45851,81920,346.66,400.00,1410,47
26447.67,100,50,45851,81920,323.07,400.00,1410,48
26457.7,100,50,45851,81920,248.62,400.00,1410,43
26467.73,100,55,45851,81920,245.87,400.00,1410,41
26477.76,100,62,45851,81920,338.32,400.00,1410,48
26487.79,100,50,45851,81920,332.70,400.00,1410,48
26497.82,100,50,45851,81920,294.44,400.00,1410,48
26507.85,100,50,45851,81920,280.16,400.00,1410,48
26517.88,100,52,45851,81920,224.62,400.00,1410,41
26527.91,69,34,45851,81920,353.75,400.00,1410,42
26537.94,100,45,45851,81920,379.09,400.00,1410,52
26547.96,100,50,45851,81920,329.85,400.00,1410,47
26558.0,100,50,45851,81920,209.82,400.00,1410,48
26568.02,100,51,45851,81920,216.73,400.00,1410,40
26578.05,100,44,45851,81920,213.88,400.00,1410,38
26588.08,100,45,45851,81920,385.11,400.00,1410,50
26598.12,100,62,45851,81920,318.17,400.00,1410,47
26608.14,100,50,45851,81920,282.82,400.00,1410,48
26618.17,100,51,45851,81920,227.36,400.00,1410,41
26628.2,100,50,45851,81920,216.29,400.00,1410,39
26638.23,100,45,45851,81920,384.83,400.00,1410,51
26648.26,95,47,45851,81920,349.11,400.00,1410,48
26658.29,100,49,45851,81920,269.30,400.00,1410,47
26668.31,100,52,45851,81920,229.48,400.00,1410,41
26678.34,100,44,45851,81920,215.23,400.00,1410,39
26688.37,100,45,45851,81920,349.88,400.00,1395,50
26698.4,100,49,45851,81920,311.58,400.00,1410,47
26708.43,100,50,45851,81920,298.74,400.00,1410,48
26718.46,100,54,45851,81920,259.05,400.00,1410,43
26728.49,100,54,45851,81920,247.80,400.00,1410,42
26738.52,100,51,45851,81920,375.27,400.00,1410,51
26748.54,17,8,45851,81920,271.72,400.00,1275,39
26758.57,100,50,45851,81920,273.92,400.00,1395,47
26768.6,100,53,45851,81920,335.27,400.00,1410,49
26778.63,100,54,45851,81920,242.43,400.00,1410,43
26788.66,100,53,45851,81920,226.47,400.00,1410,42
26798.68,100,44,45851,81920,314.41,400.00,1395,53
26808.71,98,66,45851,81920,291.77,400.00,1410,51
26818.74,100,50,45851,81920,335.55,400.00,1410,51
26828.77,100,54,45851,81920,245.87,400.00,1410,45
26838.8,100,50,45851,81920,222.22,400.00,1410,42
26848.83,100,45,45851,81920,391.46,400.00,1395,55
26858.87,98,68,45851,81920,289.74,400.00,1410,51
26868.9,100,51,45851,81920,290.18,400.00,1410,52
26878.93,100,53,45851,81920,245.92,400.00,1410,46
26888.95,100,52,45851,81920,351.40,400.00,1410,52
26898.98,61,40,45851,81920,259.42,400.00,1410,48
26909.01,100,52,45851,81920,233.52,400.00,1410,45
26919.04,100,49,45851,81920,358.64,400.00,1410,51
26929.07,96,48,45851,81920,360.96,400.00,1410,53
26939.1,100,48,45851,81920,361.89,400.00,1410,53
26949.13,100,49,45851,81920,452.84,400.00,1395,52
26959.16,100,51,45851,81920,219.80,400.00,1410,45
26969.19,100,54,45851,81920,362.32,400.00,1410,51
26979.22,100,52,45851,81920,327.82,400.00,1410,53
26989.24,100,50,45851,81920,283.85,400.00,1410,52
26999.28,95,47,45851,81920,371.84,400.00,1410,54
27009.3,96,49,45851,81920,324.33,400.00,1410,49
27019.33,100,56,45851,81920,316.29,400.00,1410,51
27029.36,100,52,45851,81920,237.61,400.00,1410,45
27039.39,100,44,45851,81920,217.49,400.00,1410,42
27049.42,100,45,45851,81920,372.55,400.00,1410,54
27059.44,100,50,45851,81920,242.79,400.00,1410,49
27069.47,100,51,45851,81920,304.33,400.00,1410,51
27079.5,100,52,45851,81920,241.43,400.00,1410,45
27089.53,96,49,45851,81920,355.17,400.00,1410,52
27099.55,100,51,45851,81920,256.60,400.00,1410,48
27109.58,100,51,45851,81920,218.31,400.00,1410,45
27119.61,100,55,45851,81920,357.36,400.00,1410,54
27129.64,91,46,45851,81920,362.23,400.00,1410,54
27139.67,100,49,45851,81920,319.00,400.00,1410,52
27149.7,100,50,45851,81920,265.04,400.00,1410,51
27159.73,100,49,45851,81920,218.85,400.00,1410,47
27169.75,100,55,45851,81920,364.13,400.00,1410,55
27179.78,96,48,45851,81920,382.81,400.00,1410,56
27189.81,100,50,45851,81920,231.09,400.00,1410,55
27199.84,100,50,45851,81920,302.44,400.00,1410,56
27209.87,100,53,45851,81920,244.11,400.00,1410,48
27219.9,100,49,45851,81920,364.95,400.00,1410,53
27229.95,90,41,45851,81920,96.71,400.00,1410,52
27239.98,96,47,45851,81920,377.12,400.00,1350,57
27250.01,98,79,45851,81920,310.57,400.00,1410,56
27260.04,100,51,45851,81920,236.50,400.00,1410,49
27270.07,100,53,45851,81920,99.16,400.00,1410,45
27280.09,100,45,45851,81920,391.52,400.00,1410,58
27290.12,100,51,45851,81920,310.33,400.00,1410,55
27300.15,100,50,45851,81920,365.78,400.00,1410,56
27310.18,100,53,45851,81920,250.11,400.00,1410,49
27320.21,100,54,45851,81920,241.14,400.00,1410,47
27330.23,100,43,45851,81920,377.95,400.00,1395,57
27340.26,100,50,45851,81920,308.13,400.00,1410,55
27350.29,100,50,45851,81920,363.46,400.00,1410,56
27360.32,100,52,45851,81920,244.65,400.00,1410,49
27370.34,100,51,45851,81920,227.58,400.00,1410,46
27380.37,100,44,45851,81920,389.95,400.00,1410,57
27390.4,100,49,45851,81920,270.14,400.00,1395,53
27400.43,74,61,45851,81920,316.20,400.00,1410,54
27410.46,100,54,45851,81920,271.28,400.00,1410,50
27420.49,100,55,45851,81920,249.57,400.00,1410,48
27430.52,100,48,45851,81920,374.15,400.00,1380,54
27440.55,98,79,45851,81920,317.88,400.00,1410,54
27450.57,100,50,45851,81920,325.40,400.00,1410,55
27460.6,100,53,45851,81920,268.53,400.00,1410,51
27470.63,100,51,45851,81920,225.72,400.00,1410,47
27480.66,100,50,45851,81920,364.42,400.00,1410,55
27490.68,100,50,45851,81920,302.73,400.00,1410,54
27500.71,96,48,45851,81920,311.75,400.00,1410,55
27510.74,100,51,45851,81920,260.92,400.00,1410,50
27520.77,100,48,45851,81920,299.28,400.00,1410,52
27530.8,100,52,45851,81920,250.46,400.00,1410,48
27540.82,100,44,45851,81920,217.93,400.00,1410,44
27550.85,100,36,45851,81920,385.28,400.00,1410,54
27560.88,100,50,45851,81920,233.80,400.00,1410,53
27570.91,96,47,45851,81920,337.82,400.00,1395,53
27580.94,100,52,45851,81920,262.59,400.00,1410,48
27590.97,100,51,45851,81920,225.67,400.00,1410,44
27601.0,100,55,45851,81920,354.64,400.00,1410,53
27611.03,98,79,45851,81920,340.68,400.00,1410,52
27621.05,98,79,45851,81920,331.47,400.00,1410,55
27631.08,100,52,45851,81920,272.64,400.00,1410,52
27641.11,100,51,45851,81920,232.70,400.00,1410,49
27651.13,100,55,45851,81920,370.25,400.00,1410,57
27661.16,100,61,45851,81920,339.32,400.00,1410,57
27671.19,100,51,45851,81920,352.91,400.00,1410,58
27681.21,100,51,45851,81920,273.18,400.00,1410,55
27691.24,100,51,45851,81920,224.03,400.00,1410,51
27701.27,100,50,45851,81920,297.08,400.00,1380,58
27711.31,100,49,45851,81920,341.75,400.00,1410,59
27721.33,100,50,45851,81920,341.75,400.00,1410,58
27731.36,100,51,45851,81920,275.62,400.00,1410,56
27741.39,100,44,45851,81920,226.18,400.00,1410,51
27751.42,100,49,45851,81920,361.45,400.00,1395,59
27761.44,100,51,45851,81920,287.57,400.00,1410,59
27771.47,96,48,45851,81920,376.35,400.00,1410,61
27781.5,100,49,45851,81920,270.74,400.00,1410,57
27791.53,100,44,45851,81920,227.01,400.00,1410,52
27801.56,100,43,45851,81920,478.73,400.00,1395,62
27811.58,96,49,45851,81920,384.18,400.00,1410,62
27821.61,100,52,45851,81920,270.74,400.00,1410,56
27831.64,100,44,45851,81920,224.81,400.00,1410,52
27841.67,100,50,45851,81920,377.42,400.00,1395,60
27851.7,100,50,45851,81920,349.64,400.00,1410,59
27861.72,100,50,45851,81920,391.23,400.00,1410,61
27871.75,100,51,45851,81920,272.93,400.00,1410,55
27881.78,100,49,45851,81920,223.74,400.00,1410,50
27891.8,100,50,45851,81920,351.25,400.00,1395,58
27901.83,99,50,45851,81920,309.21,400.00,1410,58
27911.9,100,51,45851,81920,337.71,400.00,1410,58
27921.93,100,50,45851,81920,266.69,400.00,1410,54
27931.96,100,44,45851,81920,224.55,400.00,1410,49
27941.99,100,49,45851,81920,373.08,400.00,1410,57
27952.01,98,71,45851,81920,338.38,400.00,1410,56
27962.04,100,50,45851,81920,333.23,400.00,1410,56
27972.07,100,50,45851,81920,291.33,400.00,1410,56
27982.09,100,49,45851,81920,218.31,400.00,1410,48
27992.12,98,65,45851,81920,309.75,400.00,1410,55
28002.15,100,52,45851,81920,260.40,400.00,1410,51
28012.18,100,44,45851,81920,220.50,400.00,1410,47
28022.21,100,42,45851,81920,351.43,400.00,1410,56
28032.24,100,50,45851,81920,290.18,400.00,1410,53
28042.26,100,52,45851,81920,266.33,400.00,1410,51
28052.29,100,54,45851,81920,246.73,400.00,1410,48
28062.32,100,54,45851,81920,368.60,400.00,1410,55
28072.35,100,50,45851,81920,293.11,400.00,1410,53
28082.38,100,50,45851,81920,366.72,400.00,1410,54
28092.41,100,51,45851,81920,263.33,400.00,1410,49
28102.43,100,53,45851,81920,246.40,400.00,1410,46
28112.46,100,55,45851,81920,349.76,400.00,1410,52
28122.49,100,50,45851,81920,369.20,400.00,1380,52
28132.52,100,63,45851,81920,369.20,400.00,1395,52
28142.55,100,51,45851,81920,319.82,400.00,1410,51
28152.58,100,49,45851,81920,214.51,400.00,1410,43
28162.6,100,49,45851,81920,352.37,400.00,1395,48
28172.63,100,62,45851,81920,300.35,400.00,1410,50
28182.66,98,78,45851,81920,343.11,400.00,1410,51
28192.69,100,50,45851,81920,339.61,400.00,1410,52
28202.72,100,52,45851,81920,243.07,400.00,1410,47
28212.74,100,54,45851,81920,241.95,400.00,1410,45
28222.77,100,45,45851,81920,390.16,400.00,1380,57
28232.8,100,63,45851,81920,296.84,400.00,1410,53
28242.83,100,50,45851,81920,351.54,400.00,1410,54
28252.86,100,51,45851,81920,235.70,400.00,1410,48
28262.88,100,50,45851,81920,219.39,400.00,1410,45
28272.91,100,45,45851,81920,389.63,400.00,1410,57
28282.94,100,51,45851,81920,296.84,400.00,1410,54
28292.97,100,51,45851,81920,293.57,400.00,1410,54
28302.99,100,53,45851,81920,237.61,400.00,1410,48
28313.02,100,53,45851,81920,349.35,400.00,1410,54
28323.05,96,48,45851,81920,269.67,400.00,1395,52
28333.08,100,52,45851,81920,267.23,400.00,1410,50
28343.1,100,44,45851,81920,218.85,400.00,1410,46
28353.13,100,43,45851,81920,375.95,400.00,1395,58
28363.16,98,74,45851,81920,298.93,400.00,1410,54
28373.18,100,50,45851,81920,294.93,400.00,1410,54
28383.21,100,51,45851,81920,221.00,400.00,1410,48
28393.24,71,32,45851,81920,371.18,400.00,1410,56
28403.27,98,63,45851,81920,294.93,400.00,1410,55
28413.29,100,53,45851,81920,247.96,400.00,1410,50
28423.33,100,44,45851,81920,221.83,400.00,1410,48
28433.35,100,45,45851,81920,385.01,400.00,1410,60
28443.38,100,49,45851,81920,348.03,400.00,1410,57
28453.41,100,50,45851,81920,348.57,400.00,1410,57
28463.44,100,53,45851,81920,263.42,400.00,1410,53
28473.47,99,49,45851,81920,221.59,400.00,1410,49
28483.49,100,45,45851,81920,343.01,400.00,1395,60
28493.52,96,48,45851,81920,370.65,400.00,1410,59
28503.55,100,50,45851,81920,257.18,400.00,1410,58
28513.58,100,53,45851,81920,273.93,400.00,1410,55
28523.61,100,44,45851,81920,224.03,400.00,1410,50
28533.63,100,44,45851,81920,379.41,400.00,1395,61
28543.66,100,50,45851,81920,325.40,400.00,1410,59
28553.69,100,50,45851,81920,335.13,400.00,1410,59
28563.71,100,44,45851,81920,226.75,400.00,1410,52
28573.74,100,50,45851,81920,350.85,400.00,1395,60
28583.77,100,52,45851,81920,336.25,400.00,1410,59
28593.8,100,50,45851,81920,274.77,400.00,1410,56
28603.82,100,53,45851,81920,247.76,400.00,1410,53
28613.86,100,55,45851,81920,354.17,400.00,1410,59
28623.88,100,66,45851,81920,346.00,400.00,1410,59
28633.91,100,51,45851,81920,359.99,400.00,1410,60
28643.94,79,45,45851,81920,258.21,400.00,1410,56
28653.97,100,44,45851,81920,223.57,400.00,1410,50
28663.99,100,50,45851,81920,341.03,400.00,1395,55
28674.02,100,51,45851,81920,340.47,400.00,1410,55
28684.05,96,48,45851,81920,368.81,400.00,1410,56
28694.08,100,60,45851,81920,289.36,400.00,1410,54
28704.11,100,53,45851,81920,243.24,400.00,1410,47
28714.13,100,50,45851,81920,353.64,400.00,1410,50
28724.16,13,6,45851,81920,358.10,400.00,1410,52
28734.19,100,50,45851,81920,370.36,400.00,1365,55
28744.22,98,63,45851,81920,354.40,400.00,1410,52
28754.25,100,54,45851,81920,241.85,400.00,1410,46
28764.28,100,50,45851,81920,106.34,400.00,1410,41
28774.3,100,40,45851,81920,389.85,400.00,1410,55
28784.33,100,50,45851,81920,298.21,400.00,1410,52
28794.36,100,50,45851,81920,286.95,400.00,1410,51
28804.39,100,52,45851,81920,242.40,400.00,1410,45
28814.42,100,51,45851,81920,219.80,400.00,1410,42
28824.44,100,45,45851,81920,378.83,400.00,1395,54
28834.47,100,51,45851,81920,369.48,400.00,1410,52
28844.5,100,49,45851,81920,480.51,400.00,1395,50
28854.53,100,49,45851,81920,220.32,400.00,1410,43
28864.56,100,44,45851,81920,211.22,400.00,1410,42
28874.59,100,37,45851,81920,389.33,400.00,1410,54
28884.62,100,50,45851,81920,244.28,400.00,1410,49
28894.65,100,61,45851,81920,291.38,400.00,1410,50
28904.68,100,52,45851,81920,242.43,400.00,1410,44
28914.71,100,50,45851,81920,218.15,400.00,1410,41
28924.74,100,36,45851,81920,380.09,400.00,1380,52
28934.76,98,66,45851,81920,323.45,400.00,1410,48
28944.79,100,50,45851,81920,309.22,400.00,1410,49
28954.82,100,52,45851,81920,252.63,400.00,1410,44
28964.85,100,50,45851,81920,217.40,400.00,1410,41
28974.88,100,48,45851,81920,358.74,400.00,1410,50
28984.92,100,51,45851,81920,335.25,400.00,1410,49
28994.94,100,50,45851,81920,337.93,400.00,1410,49
29004.97,100,52,45851,81920,261.46,400.00,1410,46
29015.0,100,49,45851,81920,214.34,400.00,1410,41
29025.03,100,49,45851,81920,317.69,400.00,1410,50
29035.06,100,51,45851,81920,329.38,400.00,1410,51
29045.09,99,48,45851,81920,389.03,400.00,1395,50
29055.11,100,52,45851,81920,261.23,400.00,1410,45
29065.14,100,44,45851,81920,214.70,400.00,1410,41
29075.17,100,39,45851,81920,338.62,400.00,1410,52
29085.2,100,50,45851,81920,369.92,400.00,1410,48
29095.24,100,53,45851,81920,264.23,400.00,1410,45
29105.27,100,55,45851,81920,239.16,400.00,1410,42
29115.29,100,50,45851,81920,442.92,400.00,1410,49
29125.32,100,50,45851,81920,356.23,400.00,1410,49
29135.36,96,47,45851,81920,371.89,400.00,1410,51
29145.38,100,50,45851,81920,249.40,400.00,1410,43
29155.41,100,52,45851,81920,222.54,400.00,1410,41
29165.45,100,55,45851,81920,347.48,400.00,1410,49
29175.48,100,62,45851,81920,314.33,400.00,1410,49
29185.5,100,49,45851,81920,274.72,400.00,1410,49
29195.53,100,55,45851,81920,239.44,400.00,1410,48
29205.56,100,53,45851,81920,242.15,400.00,1410,44
29215.59,100,49,45851,81920,359.28,400.00,1395,47
29225.63,100,39,45851,81920,443.74,400.00,1395,52
29235.65,100,50,45851,81920,324.79,400.00,1410,50
29245.68,100,51,45851,81920,299.39,400.00,1410,50
29255.71,100,51,45851,81920,227.36,400.00,1410,44
29265.74,100,52,45851,81920,229.48,400.00,1410,43
29275.77,100,45,45851,81920,381.80,400.00,1410,55
29285.8,100,50,45851,81920,296.54,400.00,1410,51
29295.83,100,50,45851,81920,306.70,400.00,1410,52
29305.86,100,51,45851,81920,227.87,400.00,1410,45
29315.89,100,45,45851,81920,218.18,400.00,1410,43
29325.92,100,45,45851,81920,382.58,400.00,1395,55
29335.94,100,50,45851,81920,361.71,400.00,1410,52
29345.97,96,48,45851,81920,306.18,400.00,1395,50
29356.01,100,49,45851,81920,217.13,400.00,1410,45
29366.04,96,46,45851,81920,205.86,400.00,1410,51
29376.07,100,53,45851,81920,246.69,400.00,1410,46
29386.09,100,55,45851,81920,241.32,400.00,1410,45
29396.12,100,45,45851,81920,401.59,400.00,1395,57
29406.15,98,78,45851,81920,328.05,400.00,1410,53
29416.18,100,49,45851,81920,325.02,400.00,1410,53
29426.22,100,52,45851,81920,250.60,400.00,1410,47
29436.25,99,48,45851,81920,371.99,400.00,1410,54
29446.27,98,62,45851,81920,316.26,400.00,1410,52
29456.3,100,51,45851,81920,221.12,400.00,1410,46
29466.54,100,52,45851,81920,227.60,400.00,1410,44
29476.57,100,36,45851,81920,366.16,400.00,1410,55
29486.6,100,49,45851,81920,301.05,400.00,1410,51
29496.63,96,47,45851,81920,368.81,400.00,1410,52
29506.66,100,51,45851,81920,252.11,400.00,1410,46
29516.68,99,47,45851,81920,342.35,400.00,1410,51
29526.71,96,49,45851,81920,298.74,400.00,1410,49
29536.74,100,52,45851,81920,223.03,400.00,1410,42
29546.77,100,55,45851,81920,350.70,400.00,1410,46
29556.8,100,41,45851,81920,355.41,400.00,1410,50
29566.83,100,49,45851,81920,365.66,400.00,1395,49
29576.86,99,66,45851,81920,335.97,400.00,1410,48
29586.89,100,54,45851,81920,245.87,400.00,1410,42
29596.92,100,53,45851,81920,224.39,400.00,1410,40
29606.95,100,44,45851,81920,366.58,400.00,1350,52
29616.98,100,50,45851,81920,313.84,400.00,1410,49
29627.01,100,51,45851,81920,318.92,400.00,1410,48
29637.04,100,53,45851,81920,252.86,400.00,1410,43
29647.07,100,50,45851,81920,210.11,400.00,1410,39
29657.1,100,37,45851,81920,380.10,400.00,1395,51
29667.12,100,50,45851,81920,320.72,400.00,1410,48
29677.15,96,48,45851,81920,356.23,400.00,1410,49
29687.18,100,51,45851,81920,239.73,400.00,1410,42
29697.21,100,50,45851,81920,212.70,400.00,1410,39
29707.24,100,36,45851,81920,384.01,400.00,1410,51
29717.27,100,51,45851,81920,299.97,400.00,1410,47
29727.3,100,50,45851,81920,297.20,400.00,1410,48
29737.33,100,52,45851,81920,244.28,400.00,1410,42
29747.37,94,52,45851,81920,251.23,400.00,1410,45
29757.4,100,51,45851,81920,213.06,400.00,1410,40
29767.43,100,50,45851,81920,303.87,400.00,1410,47
29777.45,100,51,45851,81920,286.02,400.00,1410,48
29787.48,96,48,45851,81920,356.06,400.00,1410,49
29797.51,98,62,45851,81920,343.44,400.00,1410,47
29807.54,100,53,45851,81920,232.71,400.00,1410,42
29817.57,100,54,45851,81920,349.11,400.00,1410,47
29827.6,22,16,45851,81920,339.70,400.00,1410,49
29837.62,100,51,45851,81920,356.06,400.00,1410,50
29847.65,100,50,45851,81920,370.35,400.00,1410,50
29857.68,100,53,45851,81920,230.57,400.00,1410,42
29867.71,100,51,45851,81920,220.88,400.00,1410,40
29877.74,100,45,45851,81920,389.64,400.00,1395,52
29887.76,100,54,45851,81920,285.69,400.00,1410,48
29897.8,98,67,45851,81920,308.60,400.00,1410,48
29907.83,100,53,45851,81920,242.15,400.00,1410,42
29917.85,100,56,45851,81920,241.61,400.00,1410,39
29927.88,100,49,45851,81920,403.59,400.00,1380,52
29937.91,100,50,45851,81920,285.11,400.00,1410,48
29947.94,96,48,45851,81920,306.17,400.00,1410,50
29957.97,100,52,45851,81920,225.18,400.00,1410,43
29968.0,100,44,45851,81920,213.84,400.00,1410,40
29978.03,100,39,45851,81920,459.01,400.00,1395,51
29988.05,100,51,45851,81920,297.20,400.00,1410,48
29998.08,100,50,45851,81920,311.46,400.00,1410,50
30008.11,100,53,45851,81920,259.58,400.00,1410,45
30018.14,100,55,45851,81920,247.30,400.00,1410,44
30028.16,100,54,45851,81920,365.87,400.00,1410,51
30038.19,100,50,45851,81920,326.00,400.00,1410,50
30048.22,100,50,45851,81920,339.54,400.00,1410,51
30058.25,100,51,45851,81920,261.98,400.00,1410,47
30068.28,100,44,45851,81920,212.77,400.00,1410,43
30078.31,100,55,45851,81920,343.19,400.00,1395,51
30088.34,100,50,45851,81920,308.88,400.00,1410,51
30098.37,96,47,45851,81920,349.52,400.00,1410,52
30108.4,100,49,45851,81920,263.20,400.00,1410,48
30118.43,100,54,45851,81920,241.08,400.00,1410,45
30128.46,100,55,45851,81920,352.71,400.00,1410,51
30138.49,100,49,45851,81920,275.30,400.00,1410,52
30148.52,100,50,45851,81920,298.39,400.00,1410,52
30158.55,100,50,45851,81920,330.53,400.00,1410,52
30168.58,100,53,45851,81920,245.10,400.00,1410,46
30178.6,100,55,45851,81920,360.34,400.00,1410,51
30188.63,98,71,45851,81920,346.13,400.00,1410,52
30198.66,100,51,45851,81920,296.82,400.00,1410,52
30208.73,100,50,45851,81920,322.16,400.00,1410,53
30218.76,100,52,45851,81920,229.78,400.00,1410,45
30228.79,100,55,45851,81920,342.23,400.00,1410,50
30238.82,57,30,45851,81920,361.79,400.00,1410,54
30248.85,100,50,45851,81920,297.58,400.00,1410,50
30258.88,98,68,45851,81920,287.61,400.00,1410,52
30268.9,100,51,45851,81920,218.15,400.00,1410,45
30278.93,100,47,45851,81920,352.58,400.00,1410,52
30288.96,96,47,45851,81920,361.47,400.00,1410,53
30298.99,98,67,45851,81920,294.86,400.00,1410,51
30309.02,0,0,45851,81920,76.37,400.00,1275,37
